,LoanAmount,data.Request.Input.Application.RequestedLoanTerm,data.Request.Input.BVN.StateOfOrigin,data.Request.Input.CB.CurrentDPD,data.Request.Input.CB.MaxDPD,data.Request.Input.CB.Outstandingloan,data.Request.Input.CB1.Labelling,data.Request.Input.CB2.Labelling,data.Request.Input.Customer.AddressLGA,data.Request.Input.Customer.EducationStatus,data.Request.Input.Customer.Employment.BusinessSector,data.Request.Input.Customer.Employment.EmployerLGA,data.Request.Input.Customer.Employment.IndustrySector,data.Request.Input.Customer.ExistingCustomer,data.Request.Input.Customer.Gender,data.Request.Input.Customer.Income.Final,data.Request.Input.Customer.MaritalStatus,data.Request.Input.Customer.ResidentialStatus,data.Request.Input.Customer.TotalExistingExposure,previousApplication,salaryService,loanAge,data.Request.Input.Customer.Age
0,160000.0,11.0,0.3928574872021717,0.0,0.0,0.0,0.44040247678018574,0.4129263913824057,0.476615203163763,0.44281793229643185,0.5063919873437158,0.40002703158873276,0.46629820821531875,1,0,1062000.0,0.45364536453645365,0.45443645083932854,160000.0,1,1,38,356.0
1,130000.0,14.0,0.40004455157916113,0.0,0.0,0.0,0.44040247678018574,0.4694783573806881,0.46428416000978534,0.44281793229643185,0.45890407585949666,0.379712180659019,0.49197879045806026,0,0,708000.0,0.4568764568764569,0.45443645083932854,123000.0,0,0,37,479.0
2,2690000.0,11.0,0.471073469342046,0.0,8.0,2330000.0,0.44040247678018574,0.4694783573806881,0.5363528439845596,0.45475113122171945,0.4905583684264643,0.5217257015040757,0.37192363309077975,1,0,29206000.0,0.4568764568764569,0.44892221180880976,3081000.0,1,0,38,588.0
3,170000.0,13.0,0.4615356204904945,1810.0,1810.0,0.0,0.45774647887323944,0.4694783573806881,0.470084171924464,0.45433255269320844,0.5031846524456339,0.531814720884261,0.40526968668929697,1,1,1479000.0,0.45364536453645365,0.47386172006745364,291000.0,1,0,36,393.0
4,120000.0,10.0,0.44387755113454985,194.0,194.0,830000.0,0.45774647887323944,0.4539823008849557,0.44545497076419477,0.45045045045045046,0.45890407585949666,0.4859069669135048,0.4375202018743684,0,0,776000.0,0.43488372093023253,0.44892221180880976,119000.0,0,0,37,721.0
5,390000.0,13.0,0.4774317289223725,0.0,0.0,0.0,0.45774647887323944,0.4539823008849557,0.4415584526838991,0.44281793229643185,0.4468097890743483,0.40235614355016347,0.4769970982233268,0,1,17775000.0,0.4568764568764569,0.47386172006745364,416000.0,0,1,37,583.0
6,530000.0,16.0,0.4747378959928985,0.0,0.0,0.0,0.44040247678018574,0.4129263913824057,0.46428416000978534,0.44281793229643185,0.3739186560656616,0.40002703158873276,0.31886873294614065,1,0,2991000.0,0.43488372093023253,0.44892221180880976,553000.0,1,0,34,344.0
7,1370000.0,32.0,0.46341463401227523,0.0,0.0,430000.0,0.44040247678018574,0.4539823008849557,0.4415584526838991,0.45475113122171945,0.4604834864076457,0.46365822718746796,0.44084111937285236,1,0,2905000.0,0.4568764568764569,0.47386172006745364,1729000.0,1,1,39,597.0
8,110000.0,10.0,0.3971634082048179,0.0,0.0,0.0,0.45774647887323944,0.4694783573806881,0.4121240088339391,0.45045045045045046,0.4687495951044435,0.46721243412305624,0.4696533706380367,0,1,11484000.0,0.43488372093023253,0.44892221180880976,1515000.0,0,1,37,478.0
9,210000.0,11.0,0.4774317289223725,0.0,0.0,0.0,0.44040247678018574,0.4539823008849557,0.5056772402445142,0.44281793229643185,0.417393662751422,0.4339650140059905,0.4653190175668822,0,0,1214000.0,0.43488372093023253,0.44892221180880976,189000.0,0,0,37,432.0
10,220000.0,14.0,0.4074136609653927,91.0,94.0,10000.0,0.45774647887323944,0.4694783573806881,0.470084171924464,0.45433255269320844,0.3541279498012266,0.40235614355016347,0.6100509010581558,0,0,3040000.0,0.44758586022284785,0.45443645083932854,426000.0,0,0,39,608.0
11,220000.0,10.0,0.4360903840722853,0.0,0.0,0.0,0.45774647887323944,0.4336917562724873,0.5056772402445142,0.45475113122171945,0.46907216438869503,0.4859069669135048,0.490206851056817,0,0,3613000.0,0.45364536453645365,0.44892221180880976,608000.0,0,0,36,320.0
12,190000.0,10.0,0.5065614987246854,732.0,732.0,10000.0,0.44040247678018574,0.4694783573806881,0.4268739712093834,0.45433255269320844,0.43697478992002986,0.49482456551750875,0.4037095629016318,1,0,24737000.0,0.45364536453645365,0.44892221180880976,2524000.0,1,0,40,391.0
13,190000.0,26.0,0.44387755113454985,0.0,0.0,60000.0,0.44040247678018574,0.4539823008849557,0.4214287402257545,0.45475113122171945,0.46907216438869503,0.5071462083323844,0.4037095629016318,0,0,982000.0,0.45364536453645365,0.45443645083932854,169000.0,0,1,39,721.0
14,1670000.0,18.0,0.4646406293882584,0.0,0.0,340000.0,0.44040247678018574,0.4694783573806881,0.3442355460389141,0.44281793229643185,0.43697478992002986,0.41322952719822703,0.4530944584075768,0,1,8553000.0,0.43488372093023253,0.47386172006745364,1300000.0,0,0,34,530.0
15,200000.0,13.0,0.4615356204904945,0.0,0.0,0.0,0.44040247678018574,0.4694783573806881,0.5254093931718659,0.45475113122171945,0.4583333330136348,0.40235614355016347,0.42220278660777283,0,0,1279000.0,0.4568764568764569,0.39678284182305634,177000.0,0,0,36,380.0
16,5580000.0,13.0,0.44387755113454985,0.0,0.0,740000.0,0.44040247678018574,0.4539823008849557,0.30013565669860115,0.45475113122171945,0.4511627906899892,0.40002703158873276,0.3244469103797425,1,1,39185000.0,0.43488372093023253,0.45443645083932854,4098000.0,1,0,34,562.0
17,240000.0,25.0,0.4615356204904945,82.40884820747522,114.68688024408848,605344.4272445821,0.44040247678018574,0.4539823008849557,0.46428416000978534,0.44281793229643185,0.46907216438869503,0.4339650140059905,0.47861847593310247,1,0,968000.0,0.45364536453645365,0.47386172006745364,284000.0,1,1,39,453.0
18,560000.0,14.0,0.44387755113454985,0.0,0.0,0.0,0.44040247678018574,0.4336917562724873,0.5069442053895509,0.44281793229643185,0.43697478992002986,0.5164278000280932,0.4375202018743684,1,0,5791000.0,0.4568764568764569,0.39678284182305634,793000.0,1,0,32,513.0
19,220000.0,12.0,0.4764655517659273,79.0,79.0,50000.0,0.45774647887323944,0.4539823008849557,0.4214287402257545,0.45433255269320844,0.417393662751422,0.40002703158873276,0.518598179506269,1,1,5305000.0,0.43488372093023253,0.47386172006745364,705000.0,1,1,40,334.0
20,170000.0,12.0,0.40004455157916113,0.0,0.0,0.0,0.44040247678018574,0.4539823008849557,0.3971634082048179,0.45475113122171945,0.417393662751422,0.40235614355016347,0.3244469103797425,0,1,3227000.0,0.4568764568764569,0.45443645083932854,507000.0,0,1,36,456.0
21,1070000.0,19.0,0.471073469342046,0.0,0.0,0.0,0.468085106382978,0.4539823008849557,0.3931036562142931,0.45475113122171945,0.4511627906899892,0.37737165958551677,0.36719335159199484,0,0,4905000.0,0.45364536453645365,0.44892221180880976,1138000.0,0,0,33,379.0
22,3610000.0,17.0,0.4220779627191293,0.0,0.0,0.0,0.45774647887323944,0.4694783573806881,0.38083308316558756,0.45433255269320844,0.5031846524456339,0.5164278000280932,0.49646711594687815,1,1,17384000.0,0.4568764568764569,0.39678284182305634,3612000.0,1,1,32,627.0
23,150000.0,13.0,0.49269077310150705,0.0,0.0,605344.4272445821,0.45774647887323944,0.4539823008849557,0.4485294151733482,0.44281793229643185,0.5031846524456339,0.43679650911494705,0.45200464380003236,0,0,1159000.0,0.43488372093023253,0.44892221180880976,151000.0,0,0,39,526.0
24,590000.0,13.0,0.583862843505718,0.0,0.0,0.0,0.40000603415401237,0.4539823008849557,0.4214287402257545,0.45475113122171945,0.4687495951044435,0.3965552694677991,0.5035331693654489,0,0,4459000.0,0.43488372093023253,0.47386172006745364,958000.0,0,0,34,371.0
25,2440000.0,17.0,0.5065614987246854,0.0,0.0,0.0,0.44040247678018574,0.4694783573806881,0.30013565669860115,0.45045045045045046,0.414225941433284,0.46721243412305624,0.44084111937285236,1,0,9040000.0,0.45364536453645365,0.44892221180880976,1673000.0,1,0,34,628.0
26,1160000.0,16.0,0.4581005575150995,82.40884820747522,114.68688024408848,0.0,0.44040247678018574,0.4129263913824057,0.46428416000978534,0.45475113122171945,0.414225941433284,0.49482456551750875,0.44084111937285236,0,0,5457000.0,0.43488372093023253,0.47386172006745364,1326000.0,0,0,34,744.0
27,4020000.0,13.0,0.471073469342046,0.0,0.0,0.0,0.44040247678018574,0.4539823008849557,0.4956486747857908,0.45475113122171945,0.3739186560656616,0.4658901691183491,0.5157460113123283,1,0,429312000.0,0.45364536453645365,0.45443645083932854,4989000.0,1,0,34,570.0
28,720000.0,12.0,0.46341463401227523,0.0,60.0,0.0,0.44040247678018574,0.4539823008849557,0.3900197525554698,0.44281793229643185,0.43697478992002986,0.4658901691183491,0.36641942856818427,0,1,33730000.0,0.4568764568764569,0.45443645083932854,754000.0,0,1,36,450.0
29,170000.0,11.0,0.4706709757445273,0.0,0.0,0.0,0.44040247678018574,0.4336917562724873,0.4956486747857908,0.44281793229643185,0.5063919873437158,0.43679650911494705,0.49057865436532944,0,1,1568000.0,0.45364536453645365,0.47386172006745364,301000.0,0,0,37,318.0
30,4790000.0,17.0,0.40004455157916113,0.0,4.0,2170000.0,0.44040247678018574,0.4694783573806881,0.4415584526838991,0.44281793229643185,0.4230769551118841,0.4757214900689184,0.41047292637935173,1,0,104009000.0,0.45364536453645365,0.45443645083932854,5151000.0,1,0,34,382.0
31,220000.0,12.0,0.4498690306228219,654.0,0.0,170000.0,0.44040247678018574,0.4539823008849557,0.3971634082048179,0.45045045045045046,0.46907216438869503,0.379712180659019,0.45989425850057764,0,0,7752000.0,0.45364536453645365,0.47386172006745364,1555000.0,0,0,38,539.0
32,2880000.0,12.0,0.4498690306228219,0.0,0.0,100000.0,0.45774647887323944,0.4336917562724873,0.5056772402445142,0.45475113122171945,0.4230769551118841,0.37737165958551677,0.4696533706380367,1,0,23962000.0,0.45364536453645365,0.44892221180880976,2525000.0,1,0,39,544.0
33,180000.0,11.0,0.3928574872021717,0.0,0.0,605344.4272445821,0.44040247678018574,0.4694783573806881,0.5363528439845596,0.44281793229643185,0.417393662751422,0.36975187045665187,0.42220278660777283,0,0,1574000.0,0.45364536453645365,0.44892221180880976,212000.0,0,0,39,466.89744512414535
34,170000.0,14.0,0.45885149198403496,0.0,0.0,605344.4272445821,0.45774647887323944,0.4539823008849557,0.5056772402445142,0.45475113122171945,0.4905583684264643,0.4389077345532648,0.4332390300357073,0,0,8338000.0,0.45364536453645365,0.39678284182305634,946000.0,0,0,38,436.0
35,190000.0,14.0,0.3892717187010617,0.0,0.0,0.0,0.45774647887323944,0.4129263913824057,0.38083308316558756,0.45475113122171945,0.414225941433284,0.5217257015040757,0.4425020459775707,0,0,871000.0,0.43488372093023253,0.45443645083932854,160000.0,0,0,36,386.0
36,190000.0,10.0,0.471073469342046,757.0,757.0,110000.0,0.468085106382978,0.4129263913824057,0.43902472242345825,0.45045045045045046,0.4511627906899892,0.4658901691183491,0.5129506565271986,0,0,1675000.0,0.4568764568764569,0.39678284182305634,285000.0,0,0,37,550.0
37,3120000.0,19.0,0.4615356204904945,0.0,0.0,100000.0,0.44040247678018574,0.4539823008849557,0.3971634082048179,0.44281793229643185,0.4905583684264643,0.37737165958551677,0.45745399554685107,1,0,18147000.0,0.43488372093023253,0.44892221180880976,4435000.0,1,0,35,690.0
38,920000.0,17.0,0.49269077310150705,82.40884820747522,114.68688024408848,0.0,0.44040247678018574,0.4129263913824057,0.44545497076419477,0.44281793229643185,0.43697478992002986,0.4395681403885853,0.5157460113123283,0,0,6911000.0,0.45364536453645365,0.44892221180880976,1155000.0,0,0,32,566.0
39,150000.0,10.0,0.46341463401227523,123.0,123.0,40000.0,0.44040247678018574,0.4539823008849557,0.5165869667180779,0.44281793229643185,0.4583333330136348,0.45677246944372973,0.5157460113123283,1,1,1130000.0,0.4568764568764569,0.45443645083932854,149000.0,1,1,40,365.0
40,170000.0,12.0,0.3971634082048179,0.0,0.0,605344.4272445821,0.44040247678018574,0.4539823008849557,0.44545497076419477,0.45475113122171945,0.4905583684264643,0.4831631253007048,0.5602211136196202,0,1,28766000.0,0.45364536453645365,0.47386172006745364,2412000.0,0,0,39,300.0
41,230000.0,12.0,0.4646406293882584,613.0,613.0,60000.0,0.44040247678018574,0.4539823008849557,0.5254093931718659,0.44281793229643185,0.43697478992002986,0.379712180659019,0.4270121893767379,0,0,1734000.0,0.43488372093023253,0.44892221180880976,293000.0,0,0,38,491.0
42,1030000.0,17.0,0.40004455157916113,0.0,0.0,0.0,0.468085106382978,0.4129263913824057,0.3931036562142931,0.44281793229643185,0.417393662751422,0.3721191346526487,0.4771498533714657,1,1,5052000.0,0.45364536453645365,0.45443645083932854,1353000.0,1,1,32,446.0
43,120000.0,10.0,0.5628080317442733,0.0,0.0,0.0,0.45774647887323944,0.4539823008849557,0.476615203163763,0.45475113122171945,0.5592064152301905,0.5183627257078485,0.4106715025408491,0,0,794000.0,0.45364536453645365,0.44892221180880976,114000.0,0,1,38,451.0
44,210000.0,10.0,0.4360903840722853,0.0,0.0,0.0,0.468085106382978,0.4694783573806881,0.46428416000978534,0.45475113122171945,0.44230917465915276,0.3965552694677991,0.3580839468498659,0,0,1669000.0,0.45364536453645365,0.44892221180880976,250000.0,0,0,36,550.0
45,210000.0,14.0,0.3971634082048179,0.0,0.0,0.0,0.45774647887323944,0.4539823008849557,0.4214287402257545,0.45045045045045046,0.493908884521716,0.3810650946770142,0.48253847709585634,1,1,9221000.0,0.45364536453645365,0.45443645083932854,1103000.0,1,0,40,412.0
46,130000.0,13.0,0.4646406293882584,0.0,0.0,0.0,0.45774647887323944,0.4694783573806881,0.5069442053895509,0.44281793229643185,0.44230917465915276,0.46365822718746796,0.5157460113123283,1,1,2914000.0,0.45364536453645365,0.44892221180880976,439000.0,1,0,38,422.0
47,2490000.0,14.0,0.4220779627191293,0.0,0.0,605344.4272445821,0.468085106382978,0.4539823008849557,0.5363528439845596,0.45045045045045046,0.4687495951044435,0.3810650946770142,0.490206851056817,0,0,23064000.0,0.43488372093023253,0.44892221180880976,3424000.0,0,0,39,421.0
48,860000.0,16.0,0.4906797478948485,82.40884820747522,114.68688024408848,0.0,0.44040247678018574,0.4336917562724873,0.4268739712093834,0.45475113122171945,0.3739186560656616,0.48077782044892603,0.46016463299084465,0,1,5488000.0,0.43488372093023253,0.45443645083932854,1015000.0,0,0,32,528.0
49,500000.0,19.0,0.45453917520963155,82.40884820747522,114.68688024408848,605344.4272445821,0.44040247678018574,0.4336917562724873,0.36271363783177113,0.45045045045045046,0.46907216438869503,0.5217257015040757,0.46016463299084465,0,1,3127000.0,0.4568764568764569,0.47386172006745364,742000.0,0,0,36,302.0
50,950000.0,11.0,0.4747378959928985,0.0,0.0,30000.0,0.45774647887323944,0.4694783573806881,0.46428416000978534,0.45433255269320844,0.5063919873437158,0.4321363669380822,0.5485893972844256,0,0,13281000.0,0.4568764568764569,0.44892221180880976,2369000.0,0,0,38,515.0
51,4000000.0,15.0,0.49269077310150705,0.0,0.0,0.0,0.44040247678018574,0.4539823008849557,0.4956486747857908,0.45045045045045046,0.4511627906899892,0.40235614355016347,0.40806474591452696,0,0,34292000.0,0.43488372093023253,0.45443645083932854,4238000.0,0,1,35,628.0
52,4320000.0,16.0,0.3928574872021717,82.40884820747522,114.68688024408848,605344.4272445821,0.40000603415401237,0.4336917562724873,0.5069442053895509,0.45045045045045046,0.4230769551118841,0.45677246944372973,0.5247762159801056,1,0,33672000.0,0.45364536453645365,0.44892221180880976,4168000.0,1,0,36,510.0
53,2720000.0,10.0,0.45885149198403496,962.0,962.0,1350000.0,0.45774647887323944,0.4694783573806881,0.4485294151733482,0.45475113122171945,0.4687495951044435,0.5183627257078485,0.4375202018743684,1,0,19418000.0,0.4568764568764569,0.44892221180880976,2841000.0,1,0,38,566.0
54,230000.0,12.0,0.4646406293882584,0.0,0.0,0.0,0.45774647887323944,0.4129263913824057,0.5056772402445142,0.45045045045045046,0.4511627906899892,0.4444688960343153,0.5363489679286931,0,1,1592000.0,0.43488372093023253,0.47386172006745364,254000.0,0,0,37,459.0
55,2000000.0,11.0,0.45453917520963155,0.0,0.0,0.0,0.45774647887323944,0.4694783573806881,0.4799991436755424,0.44281793229643185,0.5592064152301905,0.40002703158873276,0.36641942856818427,0,0,19222000.0,0.43488372093023253,0.45443645083932854,2748000.0,0,0,38,466.89744512414535
56,1000000.0,11.0,0.4646406293882584,0.0,0.0,0.0,0.40000603415401237,0.4539823008849557,0.40571030945850584,0.44281793229643185,0.5031846524456339,0.3810650946770142,0.4445473453127392,1,0,58526000.0,0.45364536453645365,0.44892221180880976,2742000.0,1,0,37,412.0
57,1090000.0,4.0,0.5628080317442733,82.40884820747522,114.68688024408848,605344.4272445821,0.44040247678018574,0.4539823008849557,0.45782858909969404,0.44281793229643185,0.46907216438869503,0.4658901691183491,0.45745399554685107,0,1,3811000.0,0.4568764568764569,0.44892221180880976,924000.0,0,0,32,364.0
58,2390000.0,3.0,0.3928574872021717,82.40884820747522,114.68688024408848,0.0,0.45774647887323944,0.4539823008849557,0.4415584526838991,0.45433255269320844,0.45890407585949666,0.46721243412305624,0.5023579265365139,0,0,10581000.0,0.4568764568764569,0.45443645083932854,2014000.0,0,0,32,406.0
59,2960000.0,10.0,0.45453917520963155,0.0,0.0,605344.4272445821,0.45774647887323944,0.4694783573806881,0.5056772402445142,0.44281793229643185,0.5031846524456339,0.3965552694677991,0.5363489679286931,0,0,19927000.0,0.45364536453645365,0.45443645083932854,3241000.0,0,0,38,443.0
60,200000.0,11.0,0.3971634082048179,0.0,0.0,810000.0,0.44040247678018574,0.4694783573806881,0.45782858909969404,0.44281793229643185,0.4511627906899892,0.45677246944372973,0.4375202018743684,1,1,3131000.0,0.45364536453645365,0.45443645083932854,407000.0,1,0,38,469.0
61,2890000.0,35.0,0.3971634082048179,0.0,0.0,0.0,0.44040247678018574,0.4694783573806881,0.5363528439845596,0.45475113122171945,0.4604834864076457,0.37737165958551677,0.47514234773523084,1,0,92682000.0,0.4568764568764569,0.44892221180880976,2954000.0,1,1,40,524.0
62,200000.0,12.0,0.45453917520963155,0.0,0.0,0.0,0.44040247678018574,0.4539823008849557,0.3971634082048179,0.44281793229643185,0.417393662751422,0.4831631253007048,0.5363489679286931,0,0,1267000.0,0.43488372093023253,0.45443645083932854,207000.0,0,1,38,459.0
63,240000.0,14.0,0.5065614987246854,0.0,0.0,0.0,0.44040247678018574,0.4694783573806881,0.3971634082048179,0.45045045045045046,0.4687495951044435,0.37737165958551677,0.41047292637935173,1,0,5183000.0,0.4568764568764569,0.45443645083932854,1161000.0,1,0,36,581.0
64,200000.0,5.0,0.4646406293882584,0.0,0.0,605344.4272445821,0.45774647887323944,0.4129263913824057,0.5254093931718659,0.45045045045045046,0.5063919873437158,0.46721243412305624,0.44519311265006384,0,0,8509000.0,0.43488372093023253,0.45443645083932854,176000.0,0,1,39,325.0
65,160000.0,12.0,0.49269077310150705,1241.0,1241.0,10000.0,0.468085106382978,0.4694783573806881,0.44545497076419477,0.45045045045045046,0.414225941433284,0.531814720884261,0.5233562461236126,0,0,3218000.0,0.4568764568764569,0.45443645083932854,406000.0,0,0,41,321.0
66,140000.0,13.0,0.35775698265868106,0.0,180.0,10000.0,0.45774647887323944,0.4694783573806881,0.45200464380003236,0.45045045045045046,0.4583333330136348,0.5183627257078485,0.45745399554685107,0,0,1660000.0,0.43488372093023253,0.39678284182305634,170000.0,0,0,35,396.0
67,180000.0,13.0,0.4468949699527549,0.0,0.0,605344.4272445821,0.44040247678018574,0.4694783573806881,0.4415584526838991,0.44281793229643185,0.5031846524456339,0.45677246944372973,0.46016463299084465,0,0,2270000.0,0.43488372093023253,0.47386172006745364,318000.0,0,0,38,420.0
68,2370000.0,18.0,0.3971634082048179,0.0,0.0,0.0,0.45774647887323944,0.4694783573806881,0.4214287402257545,0.44281793229643185,0.417393662751422,0.4444688960343153,0.44084111937285236,0,0,12722000.0,0.4568764568764569,0.45443645083932854,2461000.0,0,0,33,467.0
69,1260000.0,10.0,0.4668770371178462,0.0,0.0,20000.0,0.44040247678018574,0.4694783573806881,0.4415584526838991,0.45045045045045046,0.414225941433284,0.46721243412305624,0.46629820821531875,1,0,6736000.0,0.43488372093023253,0.45443645083932854,1036000.0,1,0,38,316.0
70,160000.0,12.0,0.4747378959928985,0.0,0.0,100000.0,0.468085106382978,0.4129263913824057,0.5165869667180779,0.45045045045045046,0.45890407585949666,0.3965552694677991,0.518598179506269,0,0,144105000.0,0.45364536453645365,0.39678284182305634,241000.0,0,1,37,562.0
71,4990000.0,18.0,0.4360903840722853,0.0,0.0,940000.0,0.45774647887323944,0.4694783573806881,0.5375745064065167,0.44281793229643185,0.4230769551118841,0.48068087923257147,0.49646711594687815,0,0,24154000.0,0.4568764568764569,0.47386172006745364,4963000.0,0,0,35,513.0
72,230000.0,10.0,0.4615356204904945,999.0,999.0,830000.0,0.45774647887323944,0.4694783573806881,0.5363528439845596,0.45475113122171945,0.5606727833398578,0.46721243412305624,0.383357340467756,1,1,54513000.0,0.43488372093023253,0.44892221180880976,3570000.0,1,0,37,397.0
73,1170000.0,13.0,0.4074136609653927,0.0,0.0,3360000.0,0.44040247678018574,0.4539823008849557,0.5165869667180779,0.45433255269320844,0.414225941433284,0.45331529430883266,0.348329989309645,1,0,7124000.0,0.45364536453645365,0.45443645083932854,960000.0,1,0,33,381.0
74,4100000.0,16.0,0.3892717187010617,0.0,0.0,720000.0,0.44040247678018574,0.4539823008849557,0.5363528439845596,0.45475113122171945,0.37758024313602523,0.46721243412305624,0.4200393611163291,0,0,83603000.0,0.4568764568764569,0.39678284182305634,4106000.0,0,0,33,516.0
75,130000.0,4.0,0.40004455157916113,0.0,0.0,0.0,0.45774647887323944,0.4539823008849557,0.5375745064065167,0.45475113122171945,0.43697478992002986,0.5164278000280932,0.379712180659019,1,0,587000.0,0.45364536453645365,0.44892221180880976,106000.0,1,1,39,358.0
76,140000.0,14.0,0.5628080317442733,188.0,188.0,100000.0,0.45774647887323944,0.4694783573806881,0.38083308316558756,0.44281793229643185,0.4583333330136348,0.5106758841242302,0.49646711594687815,0,0,2211000.0,0.45364536453645365,0.44892221180880976,137000.0,0,1,37,418.0
77,3170000.0,20.0,0.4906797478948485,0.0,0.0,605344.4272445821,0.40000603415401237,0.4539823008849557,0.44545497076419477,0.45475113122171945,0.43697478992002986,0.45192239757482366,0.41047292637935173,0,0,47621000.0,0.4568764568764569,0.45443645083932854,3493000.0,0,1,40,399.0
78,200000.0,18.0,0.4360903840722853,0.0,0.0,0.0,0.44040247678018574,0.4694783573806881,0.30013565669860115,0.45045045045045046,0.46907216438869503,0.4444688960343153,0.5485893972844256,0,0,607000.0,0.4568764568764569,0.47386172006745364,239000.0,0,1,37,488.0
79,300000.0,12.0,0.3928574872021717,0.0,0.0,0.0,0.45774647887323944,0.4694783573806881,0.30013565669860115,0.45433255269320844,0.417393662751422,0.5183627257078485,0.4332390300357073,0,1,2133000.0,0.4568764568764569,0.47386172006745364,228000.0,0,1,33,397.0
80,170000.0,13.0,0.45453917520963155,0.0,0.0,210000.0,0.44040247678018574,0.4694783573806881,0.4799991436755424,0.45475113122171945,0.414225941433284,0.5164278000280932,0.4789986557881242,1,1,1472000.0,0.45364536453645365,0.44892221180880976,202000.0,1,0,39,395.0
81,420000.0,3.0,0.4074136609653927,0.0,0.0,210000.0,0.45774647887323944,0.4539823008849557,0.4799991436755424,0.45475113122171945,0.45890407585949666,0.4859069669135048,0.4543800115079512,0,0,213000.0,0.4568764568764569,0.47386172006745364,419000.0,0,1,33,545.0
82,220000.0,13.0,0.4220779627191293,22.0,22.0,70000.0,0.468085106382978,0.4129263913824057,0.4415584526838991,0.45475113122171945,0.4230769551118841,0.45192239757482366,0.5023579265365139,0,0,1538000.0,0.43488372093023253,0.45443645083932854,202000.0,0,0,36,435.0
83,4770000.0,16.0,0.4844907454931315,0.0,0.0,8810000.0,0.44040247678018574,0.4129263913824057,0.5056772402445142,0.45475113122171945,0.4687495951044435,0.4757214900689184,0.49197879045806026,0,0,17250000.0,0.4568764568764569,0.44892221180880976,4840000.0,0,0,33,615.0
84,2690000.0,15.0,0.3971634082048179,0.0,0.0,0.0,0.44040247678018574,0.4694783573806881,0.4214287402257545,0.44281793229643185,0.45890407585949666,0.5164278000280932,0.5157460113123283,0,0,58321000.0,0.45364536453645365,0.47386172006745364,3259000.0,0,0,32,370.0
85,1460000.0,29.0,0.4074136609653927,0.0,0.0,10000.0,0.45774647887323944,0.4539823008849557,0.470084171924464,0.45433255269320844,0.45890407585949666,0.4339650140059905,0.36719335159199484,1,0,13281000.0,0.45364536453645365,0.44892221180880976,3443000.0,1,0,39,377.0
86,90000.0,10.0,0.4774317289223725,0.0,0.0,0.0,0.45774647887323944,0.4694783573806881,0.5069442053895509,0.44281793229643185,0.3739186560656616,0.45331529430883266,0.4696533706380367,0,0,2175000.0,0.4568764568764569,0.44892221180880976,320000.0,0,0,35,431.0
87,1070000.0,17.0,0.4747378959928985,0.0,0.0,0.0,0.468085106382978,0.4539823008849557,0.4956486747857908,0.45045045045045046,0.45890407585949666,0.45331529430883266,0.3156771054360342,0,0,6645000.0,0.4568764568764569,0.45443645083932854,1304000.0,0,0,34,595.0
88,1080000.0,13.0,0.4615356204904945,0.0,0.0,720000.0,0.44040247678018574,0.4129263913824057,0.43902472242345825,0.45475113122171945,0.414225941433284,0.37737165958551677,0.46629820821531875,1,0,7387000.0,0.45364536453645365,0.45443645083932854,1487000.0,1,0,35,375.0
89,200000.0,18.0,0.45885149198403496,0.0,0.0,0.0,0.45774647887323944,0.4694783573806881,0.4214287402257545,0.44281793229643185,0.45890407585949666,0.5164278000280932,0.3244469103797425,0,0,1160000.0,0.45364536453645365,0.45443645083932854,293000.0,0,0,36,351.0
90,880000.0,13.0,0.4844907454931315,0.0,400.0,530000.0,0.40000603415401237,0.4694783573806881,0.3931036562142931,0.45045045045045046,0.43697478992002986,0.36975187045665187,0.48822655398093273,0,0,7298000.0,0.43488372093023253,0.39678284182305634,1038000.0,0,1,39,429.0
91,110000.0,10.0,0.4360903840722853,0.0,0.0,0.0,0.45774647887323944,0.4336917562724873,0.5056772402445142,0.45475113122171945,0.414225941433284,0.5164278000280932,0.490206851056817,0,0,8239000.0,0.4568764568764569,0.39678284182305634,940000.0,0,0,37,349.0
92,2900000.0,11.0,0.583862843505718,0.0,0.0,1180000.0,0.45774647887323944,0.4539823008849557,0.3971634082048179,0.44281793229643185,0.3739186560656616,0.3810650946770142,0.45745399554685107,1,0,40022000.0,0.4568764568764569,0.39678284182305634,2506000.0,1,0,39,431.0
93,3070000.0,10.0,0.40004455157916113,0.0,0.0,70000.0,0.45774647887323944,0.4539823008849557,0.5363528439845596,0.45045045045045046,0.417393662751422,0.4321363669380822,0.5582615046868826,0,0,160833000.0,0.4568764568764569,0.44892221180880976,2902000.0,0,0,36,437.0
94,1160000.0,12.0,0.4375202018743684,0.0,0.0,50000.0,0.44040247678018574,0.4694783573806881,0.4415584526838991,0.45045045045045046,0.46907216438869503,0.4130722746472325,0.5247762159801056,0,0,14341000.0,0.45364536453645365,0.44892221180880976,2587000.0,0,0,36,803.0
95,140000.0,12.0,0.3971634082048179,0.0,0.0,0.0,0.468085106382978,0.4539823008849557,0.5056772402445142,0.45433255269320844,0.4583333330136348,0.3721191346526487,0.40582917672392776,0,1,906000.0,0.4568764568764569,0.45443645083932854,138000.0,0,0,37,432.0
96,1060000.0,28.0,0.4646406293882584,0.0,0.0,0.0,0.44040247678018574,0.4539823008849557,0.45782858909969404,0.45475113122171945,0.4905583684264643,0.3965552694677991,0.4332390300357073,0,0,6107000.0,0.43488372093023253,0.45443645083932854,1687000.0,0,1,40,340.0
97,2750000.0,12.0,0.4646406293882584,0.0,0.0,0.0,0.44040247678018574,0.4539823008849557,0.38083308316558756,0.45475113122171945,0.5031846524456339,0.4321363669380822,0.47681005690163497,1,0,40831000.0,0.43488372093023253,0.45443645083932854,4267000.0,1,0,35,565.0
98,2770000.0,10.0,0.4615356204904945,0.0,0.0,0.0,0.468085106382978,0.4694783573806881,0.4799991436755424,0.45045045045045046,0.414225941433284,0.4859069669135048,0.469407833203183,1,0,21686000.0,0.43488372093023253,0.39678284182305634,2370000.0,1,0,32,669.0
99,170000.0,12.0,0.4360903840722853,0.0,0.0,260000.0,0.44040247678018574,0.4539823008849557,0.4268739712093834,0.45475113122171945,0.414225941433284,0.4339650140059905,0.41315158258670154,0,0,7394000.0,0.43488372093023253,0.39678284182305634,1058000.0,0,0,40,366.0
100,1810000.0,13.0,0.44387755113454985,0.0,0.0,0.0,0.45774647887323944,0.4129263913824057,0.3900197525554698,0.44281793229643185,0.43096844666979034,0.46721243412305624,0.49646711594687815,0,0,416000.0,0.43488372093023253,0.44892221180880976,1927000.0,0,1,36,724.0
101,230000.0,12.0,0.4615356204904945,0.0,0.0,0.0,0.45774647887323944,0.4336917562724873,0.4268739712093834,0.44281793229643185,0.4511627906899892,0.5171573620994421,0.4771498533714657,0,0,1994000.0,0.43488372093023253,0.44892221180880976,244000.0,0,0,37,412.0
102,170000.0,12.0,0.4581005575150995,180.0,836.0,600000.0,0.45774647887323944,0.4694783573806881,0.4485294151733482,0.45475113122171945,0.43096844666979034,0.4395681403885853,0.41240204586511464,1,0,3427000.0,0.4568764568764569,0.45443645083932854,501000.0,1,0,39,418.0
103,1120000.0,14.0,0.44387755113454985,0.0,0.0,30000.0,0.468085106382978,0.4539823008849557,0.5257384019435941,0.44281793229643185,0.43697478992002986,0.48068087923257147,0.3244469103797425,0,0,6096000.0,0.45364536453645365,0.45443645083932854,907000.0,0,0,40,512.0
104,1650000.0,31.0,0.4668770371178462,0.0,0.0,0.0,0.45774647887323944,0.4539823008849557,0.30013565669860115,0.44281793229643185,0.4583333330136348,0.3750074661878128,0.4653190175668822,1,0,5970000.0,0.43488372093023253,0.45443645083932854,3367000.0,1,1,40,409.0
105,140000.0,10.0,0.3971634082048179,0.0,0.0,0.0,0.45774647887323944,0.4539823008849557,0.5254093931718659,0.44281793229643185,0.4511627906899892,0.40235614355016347,0.4771498533714657,0,0,1189000.0,0.45364536453645365,0.47386172006745364,169000.0,0,0,36,433.0
106,740000.0,16.0,0.4764655517659273,0.0,0.0,0.0,0.44040247678018574,0.4694783573806881,0.3971634082048179,0.44281793229643185,0.4604834864076457,0.45677246944372973,0.3758582472222368,1,1,4217000.0,0.45364536453645365,0.45443645083932854,638000.0,1,0,33,464.0
107,4660000.0,16.0,0.5065614987246854,0.0,5.0,90000.0,0.44040247678018574,0.4539823008849557,0.45782858909969404,0.45045045045045046,0.4687495951044435,0.37737165958551677,0.5059471983688024,0,0,24380000.0,0.45364536453645365,0.44892221180880976,4128000.0,0,0,33,539.0
108,150000.0,10.0,0.4360903840722853,0.0,0.0,10000.0,0.45774647887323944,0.4336917562724873,0.3971634082048179,0.44281793229643185,0.37758024313602523,0.40235614355016347,0.45989425850057764,1,0,1158000.0,0.43488372093023253,0.44892221180880976,160000.0,1,0,36,432.0
109,220000.0,11.0,0.46341463401227523,0.0,0.0,0.0,0.44040247678018574,0.4336917562724873,0.36271363783177113,0.45433255269320844,0.37758024313602523,0.4757214900689184,0.4543800115079512,0,1,19634000.0,0.45364536453645365,0.45443645083932854,2148000.0,0,0,35,323.0
110,100000.0,19.0,0.44387755113454985,0.0,0.0,0.0,0.44040247678018574,0.4694783573806881,0.3931036562142931,0.45433255269320844,0.45864649596466484,0.46721243412305624,0.5030873748448164,0,0,1844000.0,0.4568764568764569,0.45443645083932854,115000.0,0,1,37,618.0
111,220000.0,13.0,0.44387755113454985,0.0,0.0,0.0,0.468085106382978,0.4694783573806881,0.4485294151733482,0.45475113122171945,0.5315593642552221,0.5171573620994421,0.490206851056817,0,0,3770000.0,0.4568764568764569,0.45443645083932854,700000.0,0,0,37,363.0
112,190000.0,10.0,0.45885149198403496,0.0,0.0,0.0,0.45774647887323944,0.4539823008849557,0.5257384019435941,0.45045045045045046,0.34356713843530684,0.3721191346526487,0.4014334059125707,0,1,2541000.0,0.43488372093023253,0.39678284182305634,368000.0,0,0,37,363.0
113,3080000.0,12.0,0.3892717187010617,0.0,0.0,40000.0,0.44040247678018574,0.4539823008849557,0.5257384019435941,0.45045045045045046,0.3739186560656616,0.3750074661878128,0.31886873294614065,0,0,34014000.0,0.45364536453645365,0.45443645083932854,2427000.0,0,1,37,466.89744512414535
114,3220000.0,18.0,0.4375202018743684,0.0,0.0,210000.0,0.44040247678018574,0.4129263913824057,0.4214287402257545,0.44281793229643185,0.4905583684264643,0.3750074661878128,0.44169753216105057,0,1,19172000.0,0.43488372093023253,0.47386172006745364,3277000.0,0,1,37,604.0
115,130000.0,18.0,0.4774317289223725,0.0,0.0,120000.0,0.45774647887323944,0.4539823008849557,0.4956486747857908,0.45475113122171945,0.417393662751422,0.45192239757482366,0.4375202018743684,1,0,793000.0,0.43488372093023253,0.44892221180880976,116000.0,1,0,37,476.0
116,180000.0,12.0,0.44387755113454985,0.0,0.0,0.0,0.44040247678018574,0.4129263913824057,0.43902472242345825,0.45475113122171945,0.37758024313602523,0.5171573620994421,0.4014334059125707,1,0,2471000.0,0.45364536453645365,0.45443645083932854,397000.0,1,0,36,466.89744512414535
117,200000.0,27.0,0.45885149198403496,0.0,0.0,0.0,0.468085106382978,0.4129263913824057,0.5069442053895509,0.44281793229643185,0.4687495951044435,0.4658901691183491,0.5363489679286931,0,0,437000.0,0.43488372093023253,0.45443645083932854,198000.0,0,1,38,462.0
118,180000.0,11.0,0.40004455157916113,0.0,0.0,530000.0,0.44040247678018574,0.4694783573806881,0.5375745064065167,0.44281793229643185,0.4230769551118841,0.3965552694677991,0.44084111937285236,0,0,9078000.0,0.43488372093023253,0.45443645083932854,1048000.0,0,0,37,385.0
119,860000.0,17.0,0.3928574872021717,366.0,366.0,160000.0,0.44040247678018574,0.4694783573806881,0.44545497076419477,0.45433255269320844,0.43697478992002986,0.3810650946770142,0.44169753216105057,1,0,5719000.0,0.4568764568764569,0.44892221180880976,942000.0,1,1,35,726.0
120,180000.0,11.0,0.3928574872021717,0.0,0.0,0.0,0.468085106382978,0.4694783573806881,0.44545497076419477,0.44281793229643185,0.5606727833398578,0.3750074661878128,0.5363489679286931,0,0,7363000.0,0.43488372093023253,0.47386172006745364,1124000.0,0,0,36,301.0
121,930000.0,35.0,0.37392616919315497,0.0,0.0,0.0,0.45774647887323944,0.4129263913824057,0.3900197525554698,0.45433255269320844,0.45864649596466484,0.4444688960343153,0.5157460113123283,0,0,1999000.0,0.45364536453645365,0.44892221180880976,636000.0,0,1,39,404.0
122,2720000.0,41.0,0.45453917520963155,0.0,0.0,0.0,0.45774647887323944,0.4539823008849557,0.5069442053895509,0.45475113122171945,0.5031846524456339,0.3680899177448659,0.423941142391273,1,1,9277000.0,0.43488372093023253,0.45443645083932854,3565000.0,1,0,40,362.0
123,570000.0,16.0,0.4360903840722853,1.0,1.0,140000.0,0.45774647887323944,0.4539823008849557,0.4214287402257545,0.44281793229643185,0.417393662751422,0.36975187045665187,0.36719335159199484,1,1,3276000.0,0.45364536453645365,0.45443645083932854,443000.0,1,0,34,555.0
124,1370000.0,3.0,0.4646406293882584,0.0,0.0,0.0,0.45774647887323944,0.4694783573806881,0.5254093931718659,0.45045045045045046,0.44230917465915276,0.36975187045665187,0.36719335159199484,0,0,6452000.0,0.43488372093023253,0.44892221180880976,1428000.0,0,0,33,557.0
125,470000.0,11.0,0.46341463401227523,0.0,0.0,605344.4272445821,0.45774647887323944,0.4129263913824057,0.40571030945850584,0.44281793229643185,0.4583333330136348,0.5491139021556548,0.5157460113123283,0,0,3186000.0,0.4568764568764569,0.44892221180880976,454000.0,0,1,39,417.0
126,210000.0,17.0,0.583862843505718,0.0,0.0,10000.0,0.468085106382978,0.4539823008849557,0.4956486747857908,0.45475113122171945,0.417393662751422,0.4658901691183491,0.4771498533714657,0,1,1295000.0,0.43488372093023253,0.44892221180880976,255000.0,0,0,36,689.0
127,210000.0,13.0,0.4615356204904945,225.0,225.0,10000.0,0.45774647887323944,0.4539823008849557,0.4415584526838991,0.45433255269320844,0.5031846524456339,0.36975187045665187,0.5485893972844256,0,0,3155000.0,0.45364536453645365,0.44892221180880976,508000.0,0,0,39,318.0
128,820000.0,13.0,0.46341463401227523,0.0,0.0,0.0,0.44040247678018574,0.4129263913824057,0.4415584526838991,0.44281793229643185,0.4583333330136348,0.5171573620994421,0.3244469103797425,0,1,4603000.0,0.4568764568764569,0.39678284182305634,782000.0,0,0,36,606.0
129,240000.0,14.0,0.4844907454931315,0.0,0.0,605344.4272445821,0.45774647887323944,0.4539823008849557,0.4485294151733482,0.45433255269320844,0.45864649596466484,0.5164278000280932,0.5134854957775883,1,0,1635000.0,0.4568764568764569,0.47386172006745364,343000.0,1,0,39,548.0
130,170000.0,15.0,0.4375202018743684,0.0,0.0,0.0,0.45774647887323944,0.4539823008849557,0.36271363783177113,0.44281793229643185,0.414225941433284,0.5217257015040757,0.44519311265006384,0,0,333000.0,0.45364536453645365,0.47386172006745364,239000.0,0,1,36,308.0
131,2030000.0,15.0,0.46341463401227523,0.0,0.0,3750000.0,0.45774647887323944,0.4336917562724873,0.4799991436755424,0.44281793229643185,0.43697478992002986,0.45331529430883266,0.41047292637935173,1,0,13027000.0,0.45364536453645365,0.44892221180880976,2624000.0,1,0,34,449.0
132,2180000.0,14.0,0.4360903840722853,0.0,0.0,0.0,0.45774647887323944,0.4129263913824057,0.3931036562142931,0.44281793229643185,0.4511627906899892,0.5491139021556548,0.5363489679286931,0,1,21482000.0,0.45364536453645365,0.44892221180880976,3206000.0,0,0,36,375.0
133,210000.0,10.0,0.4747378959928985,0.0,0.0,20000.0,0.468085106382978,0.4694783573806881,0.4121240088339391,0.44281793229643185,0.4687495951044435,0.5164278000280932,0.348329989309645,0,0,35979000.0,0.4568764568764569,0.44892221180880976,3198000.0,0,0,37,464.0
134,3060000.0,11.0,0.46341463401227523,82.40884820747522,114.68688024408848,0.0,0.45774647887323944,0.4539823008849557,0.4268739712093834,0.44281793229643185,0.4511627906899892,0.46721243412305624,0.5485893972844256,0,0,104559000.0,0.43488372093023253,0.44892221180880976,5953000.0,0,0,33,589.0
135,140000.0,13.0,0.4747378959928985,0.0,0.0,0.0,0.44040247678018574,0.4129263913824057,0.30013565669860115,0.45433255269320844,0.4604834864076457,0.4321363669380822,0.4375202018743684,0,0,713000.0,0.4568764568764569,0.47386172006745364,179000.0,0,0,37,548.0
136,2460000.0,10.0,0.4747378959928985,0.0,0.0,605344.4272445821,0.44040247678018574,0.4539823008849557,0.4956486747857908,0.45475113122171945,0.4604834864076457,0.3750074661878128,0.5233562461236126,0,0,61243000.0,0.43488372093023253,0.44892221180880976,3183000.0,0,0,38,638.0
137,130000.0,14.0,0.4220779627191293,158.0,158.0,30000.0,0.45774647887323944,0.4694783573806881,0.4415584526838991,0.44281793229643185,0.417393662751422,0.45677246944372973,0.4375202018743684,0,0,9208000.0,0.45364536453645365,0.44892221180880976,168000.0,0,1,39,361.0
138,4130000.0,19.0,0.4906797478948485,0.0,0.0,0.0,0.45774647887323944,0.4336917562724873,0.5069442053895509,0.44281793229643185,0.43697478992002986,0.4395681403885853,0.40201973495344345,0,1,85307000.0,0.43488372093023253,0.45443645083932854,5932000.0,0,0,35,322.0
139,870000.0,16.0,0.4278491036733748,0.0,0.0,0.0,0.468085106382978,0.4694783573806881,0.4956486747857908,0.44281793229643185,0.44230917465915276,0.3680899177448659,0.6100509010581558,0,1,3897000.0,0.4568764568764569,0.47386172006745364,832000.0,0,1,36,695.0
140,1000000.0,15.0,0.4615356204904945,0.0,0.0,0.0,0.44040247678018574,0.4336917562724873,0.44545497076419477,0.44281793229643185,0.4604834864076457,0.4339650140059905,0.47190419232428393,0,1,4736000.0,0.45364536453645365,0.44892221180880976,936000.0,0,0,34,326.0
141,210000.0,18.0,0.4074136609653927,0.0,0.0,0.0,0.45774647887323944,0.4694783573806881,0.4485294151733482,0.45475113122171945,0.4583333330136348,0.3965552694677991,0.47681005690163497,0,0,751000.0,0.45364536453645365,0.45443645083932854,166000.0,0,0,35,461.0
142,950000.0,14.0,0.4498690306228219,82.40884820747522,114.68688024408848,605344.4272445821,0.468085106382978,0.4694783573806881,0.30013565669860115,0.45475113122171945,0.4468097890743483,0.48068087923257147,0.37192363309077975,1,0,3775000.0,0.45364536453645365,0.47386172006745364,1052000.0,1,0,37,698.0
143,140000.0,13.0,0.4774317289223725,0.0,0.0,0.0,0.468085106382978,0.4336917562724873,0.45782858909969404,0.45433255269320844,0.5592064152301905,0.4468949699527549,0.4332390300357073,0,0,2003000.0,0.45364536453645365,0.47386172006745364,221000.0,0,0,38,547.0
144,170000.0,17.0,0.4581005575150995,0.0,0.0,0.0,0.45774647887323944,0.4694783573806881,0.5069442053895509,0.44281793229643185,0.5592064152301905,0.40002703158873276,0.49141635626861524,0,1,1091000.0,0.4568764568764569,0.44892221180880976,215000.0,0,0,36,590.0
145,190000.0,14.0,0.3928574872021717,0.0,0.0,0.0,0.45774647887323944,0.4539823008849557,0.5363528439845596,0.45475113122171945,0.4468097890743483,0.40002703158873276,0.6100509010581558,0,1,1536000.0,0.44758586022284785,0.44892221180880976,249000.0,0,0,37,324.0
146,1110000.0,15.0,0.35775698265868106,82.40884820747522,114.68688024408848,0.0,0.44040247678018574,0.4539823008849557,0.5056772402445142,0.45475113122171945,0.4230769551118841,0.4321363669380822,0.41047292637935173,0,0,7158000.0,0.45364536453645365,0.45443645083932854,1213000.0,0,1,33,447.0
147,180000.0,10.0,0.4074136609653927,0.0,0.0,0.0,0.44040247678018574,0.4336917562724873,0.3931036562142931,0.45045045045045046,0.45890407585949666,0.43679650911494705,0.490206851056817,0,0,358000.0,0.43488372093023253,0.45443645083932854,715000.0,0,1,35,509.0
148,120000.0,19.0,0.44387755113454985,500.0,500.0,20000.0,0.44040247678018574,0.4129263913824057,0.5056772402445142,0.44281793229643185,0.5063919873437158,0.4757214900689184,0.45200464380003236,1,0,733000.0,0.43488372093023253,0.47386172006745364,137000.0,1,0,36,329.0
149,210000.0,18.0,0.4581005575150995,0.0,0.0,0.0,0.44040247678018574,0.4336917562724873,0.4485294151733482,0.45433255269320844,0.417393662751422,0.49482456551750875,0.4270121893767379,0,1,1407000.0,0.45364536453645365,0.45443645083932854,251000.0,0,1,37,361.0
150,280000.0,18.0,0.49269077310150705,0.0,0.0,20000.0,0.45774647887323944,0.4539823008849557,0.5363528439845596,0.45475113122171945,0.4511627906899892,0.45677246944372973,0.4653190175668822,0,0,1865000.0,0.45364536453645365,0.47386172006745364,380000.0,0,0,37,369.0
151,1480000.0,18.0,0.43673114297615767,0.0,0.0,130000.0,0.45774647887323944,0.4129263913824057,0.5257384019435941,0.45475113122171945,0.4835606203192975,0.45560844252904975,0.49141635626861524,1,0,8188000.0,0.4568764568764569,0.45443645083932854,1454000.0,1,0,32,496.0
152,740000.0,18.0,0.4747378959928985,255.0,255.0,100000.0,0.40000603415401237,0.4694783573806881,0.470084171924464,0.45045045045045046,0.5031846524456339,0.5164278000280932,0.423941142391273,0,1,4043000.0,0.45364536453645365,0.45443645083932854,874000.0,0,0,34,480.0
153,3220000.0,13.0,0.471073469342046,0.0,0.0,0.0,0.45774647887323944,0.4336917562724873,0.4268739712093834,0.44281793229643185,0.46907216438869503,0.3965552694677991,0.5233562461236126,0,0,146519000.0,0.43488372093023253,0.47386172006745364,2408000.0,0,0,38,466.89744512414535
154,450000.0,17.0,0.4581005575150995,82.40884820747522,114.68688024408848,605344.4272445821,0.44040247678018574,0.4539823008849557,0.3931036562142931,0.44281793229643185,0.37758024313602523,0.41322952719822703,0.4106715025408491,0,0,2828000.0,0.45364536453645365,0.44892221180880976,429000.0,0,1,37,658.0
155,90000.0,14.0,0.4646406293882584,0.0,0.0,605344.4272445821,0.468085106382978,0.4539823008849557,0.38083308316558756,0.44281793229643185,0.4687495951044435,0.4395681403885853,0.40526968668929697,1,0,2174000.0,0.45364536453645365,0.45443645083932854,207000.0,1,1,41,467.0
156,1600000.0,14.0,0.4278491036733748,0.0,30.0,900000.0,0.468085106382978,0.4694783573806881,0.45782858909969404,0.45475113122171945,0.46907216438869503,0.5171573620994421,0.5059471983688024,1,0,7612000.0,0.4568764568764569,0.39678284182305634,1379000.0,1,1,33,325.0
157,170000.0,14.0,0.45885149198403496,0.0,0.0,0.0,0.45774647887323944,0.4694783573806881,0.5375745064065167,0.45475113122171945,0.414225941433284,0.5171573620994421,0.3156771054360342,0,0,1168000.0,0.43488372093023253,0.39678284182305634,223000.0,0,0,37,423.0
158,190000.0,16.0,0.471073469342046,0.0,0.0,0.0,0.468085106382978,0.4539823008849557,0.4214287402257545,0.45475113122171945,0.43697478992002986,0.5183627257078485,0.5035331693654489,0,1,1005000.0,0.4568764568764569,0.44892221180880976,230000.0,0,0,36,694.0
159,6000000.0,18.0,0.4278491036733748,0.0,0.0,830000.0,0.44040247678018574,0.4539823008849557,0.3931036562142931,0.44281793229643185,0.46907216438869503,0.43574970796090917,0.348329989309645,0,0,36635000.0,0.45364536453645365,0.47386172006745364,5360000.0,0,0,34,378.0
160,3280000.0,11.0,0.3971634082048179,0.0,0.0,90000.0,0.44040247678018574,0.4129263913824057,0.3900197525554698,0.44281793229643185,0.4583333330136348,0.3721191346526487,0.4106715025408491,0,0,19459000.0,0.45364536453645365,0.44892221180880976,2720000.0,0,0,38,552.0
161,200000.0,11.0,0.43673114297615767,6.0,30.0,1510000.0,0.468085106382978,0.4694783573806881,0.5069442053895509,0.45475113122171945,0.4511627906899892,0.40235614355016347,0.42117558521355203,1,1,15276000.0,0.45364536453645365,0.45443645083932854,2561000.0,1,0,36,726.0
162,210000.0,13.0,0.4646406293882584,0.0,0.0,0.0,0.45774647887323944,0.4336917562724873,0.5069442053895509,0.44281793229643185,0.5031846524456339,0.4321363669380822,0.48822655398093273,0,0,1028000.0,0.45364536453645365,0.39678284182305634,204000.0,0,0,36,315.0
163,120000.0,13.0,0.4747378959928985,0.0,0.0,0.0,0.468085106382978,0.4539823008849557,0.45200464380003236,0.45045045045045046,0.43697478992002986,0.3750074661878128,0.49057865436532944,0,0,582000.0,0.4568764568764569,0.45443645083932854,116000.0,0,0,37,515.0
164,170000.0,10.0,0.4774317289223725,0.0,0.0,0.0,0.45774647887323944,0.4539823008849557,0.30013565669860115,0.44281793229643185,0.5315593642552221,0.3721191346526487,0.5247762159801056,0,1,3342000.0,0.4568764568764569,0.44892221180880976,409000.0,0,0,37,326.0
165,170000.0,11.0,0.45453917520963155,0.0,0.0,605344.4272445821,0.44040247678018574,0.4539823008849557,0.36271363783177113,0.44281793229643185,0.4905583684264643,0.5171573620994421,0.44084111937285236,1,0,3172000.0,0.45364536453645365,0.47386172006745364,609000.0,1,0,39,426.0
166,1960000.0,4.0,0.4360903840722853,82.40884820747522,114.68688024408848,0.0,0.44040247678018574,0.4129263913824057,0.30013565669860115,0.44281793229643185,0.4583333330136348,0.46721243412305624,0.40201973495344345,0,0,38614000.0,0.43488372093023253,0.45443645083932854,3121000.0,0,0,32,436.0
167,180000.0,11.0,0.4646406293882584,0.0,0.0,150000.0,0.44040247678018574,0.4539823008849557,0.4268739712093834,0.45475113122171945,0.3541279498012266,0.43679650911494705,0.45745399554685107,1,0,742000.0,0.4568764568764569,0.47386172006745364,204000.0,1,1,39,466.89744512414535
168,1430000.0,13.0,0.46341463401227523,0.0,0.0,605344.4272445821,0.44040247678018574,0.4129263913824057,0.5257384019435941,0.45475113122171945,0.4583333330136348,0.4658901691183491,0.3580839468498659,1,1,16806000.0,0.45364536453645365,0.45443645083932854,2945000.0,1,0,38,388.0
169,150000.0,11.0,0.3928574872021717,0.0,0.0,30000.0,0.44040247678018574,0.4539823008849557,0.5375745064065167,0.45475113122171945,0.4687495951044435,0.46365822718746796,0.518598179506269,1,1,10362000.0,0.4568764568764569,0.45443645083932854,1347000.0,1,0,37,331.0
170,1380000.0,10.0,0.4844907454931315,0.0,0.0,605344.4272445821,0.45774647887323944,0.4129263913824057,0.30013565669860115,0.45475113122171945,0.414225941433284,0.4757214900689184,0.42220278660777283,0,0,24872000.0,0.4568764568764569,0.45443645083932854,3582000.0,0,0,37,743.0
171,170000.0,14.0,0.3971634082048179,152.0,152.0,30000.0,0.44040247678018574,0.4539823008849557,0.5165869667180779,0.45045045045045046,0.45864649596466484,0.48068087923257147,0.44169753216105057,0,0,1834000.0,0.45364536453645365,0.45443645083932854,335000.0,0,0,36,306.0
172,1650000.0,13.0,0.4581005575150995,0.0,0.0,230000.0,0.45774647887323944,0.4539823008849557,0.4268739712093834,0.44281793229643185,0.4468097890743483,0.531814720884261,0.37192363309077975,0,0,18475000.0,0.43488372093023253,0.44892221180880976,3452000.0,0,0,35,518.0
173,170000.0,11.0,0.471073469342046,0.0,0.0,0.0,0.44040247678018574,0.4539823008849557,0.3971634082048179,0.45045045045045046,0.3739186560656616,0.379712180659019,0.348329989309645,0,0,6302000.0,0.45364536453645365,0.44892221180880976,1166000.0,0,0,37,384.0
174,190000.0,12.0,0.43673114297615767,0.0,0.0,870000.0,0.44040247678018574,0.4129263913824057,0.3931036562142931,0.45475113122171945,0.414225941433284,0.43679650911494705,0.4626438500979087,0,1,4261000.0,0.43488372093023253,0.44892221180880976,770000.0,0,0,40,450.0
175,2180000.0,15.0,0.4646406293882584,303.0,303.0,3220000.0,0.44040247678018574,0.4129263913824057,0.4415584526838991,0.45475113122171945,0.5592064152301905,0.36975187045665187,0.4653190175668822,0,0,8817000.0,0.45364536453645365,0.45443645083932854,2132000.0,0,0,35,481.0
176,210000.0,14.0,0.44387755113454985,0.0,0.0,0.0,0.44040247678018574,0.4539823008849557,0.5069442053895509,0.44281793229643185,0.45864649596466484,0.43679650911494705,0.4771498533714657,1,1,20344000.0,0.4568764568764569,0.47386172006745364,2692000.0,1,0,37,441.0
177,1960000.0,25.0,0.4646406293882584,0.0,0.0,0.0,0.44040247678018574,0.4694783573806881,0.5375745064065167,0.44281793229643185,0.5063919873437158,0.4757214900689184,0.3244469103797425,1,0,6710000.0,0.43488372093023253,0.44892221180880976,1699000.0,1,1,41,394.0
178,180000.0,28.0,0.3928574872021717,98.0,98.0,30000.0,0.45774647887323944,0.4694783573806881,0.476615203163763,0.44281793229643185,0.4604834864076457,0.4339650140059905,0.42220278660777283,0,0,1063000.0,0.4568764568764569,0.47386172006745364,279000.0,0,0,39,358.0
179,2340000.0,13.0,0.3971634082048179,0.0,0.0,0.0,0.44040247678018574,0.4694783573806881,0.5257384019435941,0.44281793229643185,0.4583333330136348,0.5164278000280932,0.36641942856818427,0,0,100509000.0,0.43488372093023253,0.45443645083932854,2093000.0,0,1,36,414.0
180,220000.0,13.0,0.3971634082048179,999.0,999.0,460000.0,0.45774647887323944,0.4539823008849557,0.4485294151733482,0.44281793229643185,0.4583333330136348,0.5164278000280932,0.41047292637935173,1,0,2790000.0,0.45364536453645365,0.47386172006745364,309000.0,1,0,36,405.0
181,150000.0,13.0,0.4220779627191293,0.0,0.0,0.0,0.40000603415401237,0.4539823008849557,0.476615203163763,0.45475113122171945,0.4511627906899892,0.45331529430883266,0.6100509010581558,0,0,1011000.0,0.4568764568764569,0.44892221180880976,129000.0,0,1,37,364.0
182,200000.0,11.0,0.45885149198403496,82.40884820747522,114.68688024408848,605344.4272445821,0.44040247678018574,0.4694783573806881,0.5363528439845596,0.44281793229643185,0.43697478992002986,0.4444688960343153,0.5023579265365139,1,0,3878000.0,0.45364536453645365,0.45443645083932854,706000.0,1,0,36,708.0
183,1220000.0,3.0,0.583862843505718,0.0,0.0,200000.0,0.44040247678018574,0.4129263913824057,0.5375745064065167,0.45433255269320844,0.4905583684264643,0.531814720884261,0.6100509010581558,1,0,8277000.0,0.43488372093023253,0.44892221180880976,1537000.0,1,0,32,426.0
184,4340000.0,17.0,0.3928574872021717,0.0,0.0,0.0,0.468085106382978,0.4694783573806881,0.4415584526838991,0.45475113122171945,0.5031846524456339,0.4395681403885853,0.5233562461236126,0,0,35775000.0,0.4568764568764569,0.44892221180880976,5299000.0,0,0,35,662.0
185,880000.0,18.0,0.4581005575150995,0.0,0.0,0.0,0.40000603415401237,0.4539823008849557,0.3900197525554698,0.45475113122171945,0.5031846524456339,0.45677246944372973,0.5602211136196202,0,0,8485000.0,0.45364536453645365,0.47386172006745364,1617000.0,0,0,35,374.0
186,190000.0,11.0,0.4220779627191293,0.0,0.0,20000.0,0.44040247678018574,0.4129263913824057,0.5375745064065167,0.45433255269320844,0.4230769551118841,0.5183627257078485,0.49141635626861524,0,0,2243000.0,0.43488372093023253,0.47386172006745364,469000.0,0,1,39,324.0
187,180000.0,13.0,0.44387755113454985,0.0,0.0,605344.4272445821,0.45774647887323944,0.4694783573806881,0.3931036562142931,0.45475113122171945,0.44230917465915276,0.3721191346526487,0.5009630346757856,0,0,1625000.0,0.45364536453645365,0.39678284182305634,253000.0,0,0,38,593.0
188,210000.0,12.0,0.4375202018743684,0.0,0.0,0.0,0.44040247678018574,0.4694783573806881,0.5363528439845596,0.45475113122171945,0.4511627906899892,0.36975187045665187,0.490206851056817,0,0,2461000.0,0.4568764568764569,0.44892221180880976,383000.0,0,0,37,370.0
189,5900000.0,18.0,0.43673114297615767,0.0,0.0,0.0,0.44040247678018574,0.4336917562724873,0.44545497076419477,0.45433255269320844,0.5031846524456339,0.5071462083323844,0.40806474591452696,0,0,29876000.0,0.4568764568764569,0.45443645083932854,5630000.0,0,0,34,475.0
190,860000.0,11.0,0.4906797478948485,0.0,0.0,90000.0,0.45774647887323944,0.4129263913824057,0.43902472242345825,0.44281793229643185,0.4583333330136348,0.37737165958551677,0.4014334059125707,0,0,11091000.0,0.44758586022284785,0.47386172006745364,1514000.0,0,0,38,565.0
191,620000.0,17.0,0.4646406293882584,0.0,0.0,470000.0,0.44040247678018574,0.4129263913824057,0.36271363783177113,0.45433255269320844,0.43697478992002986,0.5171573620994421,0.4425020459775707,1,1,2510000.0,0.4568764568764569,0.39678284182305634,570000.0,1,0,35,445.0
192,4290000.0,14.0,0.4747378959928985,0.0,0.0,0.0,0.44040247678018574,0.4539823008849557,0.5363528439845596,0.45433255269320844,0.44230917465915276,0.4395681403885853,0.36576674063800674,0,0,22073000.0,0.4568764568764569,0.44892221180880976,3762000.0,0,0,32,447.0
193,160000.0,16.0,0.4074136609653927,0.0,0.0,0.0,0.44040247678018574,0.4336917562724873,0.4268739712093834,0.44281793229643185,0.5031846524456339,0.46365822718746796,0.4037095629016318,0,0,807000.0,0.45364536453645365,0.47386172006745364,184000.0,0,0,36,507.0
194,180000.0,14.0,0.4646406293882584,0.0,3600.0,2200000.0,0.468085106382978,0.4694783573806881,0.5069442053895509,0.44281793229643185,0.43096844666979034,0.36975187045665187,0.49141635626861524,1,0,2652000.0,0.4568764568764569,0.44892221180880976,456000.0,1,1,38,522.0
195,560000.0,16.0,0.45453917520963155,0.0,0.0,0.0,0.44040247678018574,0.4539823008849557,0.3900197525554698,0.45045045045045046,0.4583333330136348,0.40002703158873276,0.42220278660777283,0,0,8043000.0,0.4568764568764569,0.44892221180880976,515000.0,0,1,37,503.0
196,3830000.0,19.0,0.5628080317442733,0.0,0.0,0.0,0.44040247678018574,0.4694783573806881,0.5254093931718659,0.44281793229643185,0.414225941433284,0.5071462083323844,0.4200393611163291,1,0,49837000.0,0.45364536453645365,0.44892221180880976,5694000.0,1,0,32,642.0
197,180000.0,13.0,0.4498690306228219,0.0,0.0,0.0,0.45774647887323944,0.4539823008849557,0.5363528439845596,0.45475113122171945,0.414225941433284,0.4859069669135048,0.46016463299084465,0,0,1540000.0,0.4568764568764569,0.45443645083932854,237000.0,0,0,39,594.0
198,110000.0,17.0,0.44387755113454985,147.0,147.0,50000.0,0.45774647887323944,0.4539823008849557,0.3971634082048179,0.44281793229643185,0.414225941433284,0.46721243412305624,0.5485893972844256,0,0,694000.0,0.43488372093023253,0.44892221180880976,105000.0,0,0,37,436.0
199,400000.0,14.0,0.4615356204904945,0.0,0.0,0.0,0.44040247678018574,0.4539823008849557,0.3931036562142931,0.44281793229643185,0.414225941433284,0.5217257015040757,0.40526968668929697,0,0,2287000.0,0.4568764568764569,0.44892221180880976,322000.0,0,1,36,619.0
200,700000.0,10.0,0.46341463401227523,0.0,0.0,0.0,0.45774647887323944,0.4539823008849557,0.30013565669860115,0.45475113122171945,0.4511627906899892,0.4389077345532648,0.4014334059125707,0,0,66333000.0,0.45364536453645365,0.39678284182305634,3464000.0,0,0,37,499.0
201,230000.0,14.0,0.471073469342046,0.0,0.0,0.0,0.44040247678018574,0.4129263913824057,0.3931036562142931,0.45433255269320844,0.45890407585949666,0.4395681403885853,0.348329989309645,0,0,10136000.0,0.45364536453645365,0.39678284182305634,458000.0,0,1,40,369.0
202,200000.0,14.0,0.4747378959928985,0.0,0.0,605344.4272445821,0.45774647887323944,0.4129263913824057,0.4268739712093834,0.45475113122171945,0.4230769551118841,0.43574970796090917,0.4543800115079512,0,0,14860000.0,0.4568764568764569,0.44892221180880976,2067000.0,0,0,38,342.0
203,180000.0,11.0,0.471073469342046,82.40884820747522,114.68688024408848,605344.4272445821,0.45774647887323944,0.4694783573806881,0.4485294151733482,0.44281793229643185,0.5592064152301905,0.4658901691183491,0.3580839468498659,0,0,19612000.0,0.45364536453645365,0.45443645083932854,3554000.0,0,0,37,389.0
204,210000.0,10.0,0.4360903840722853,0.0,0.0,0.0,0.44040247678018574,0.4694783573806881,0.36271363783177113,0.44281793229643185,0.45864649596466484,0.4757214900689184,0.5363489679286931,0,0,2349000.0,0.4568764568764569,0.47386172006745364,430000.0,0,0,37,436.0
205,4620000.0,12.0,0.4220779627191293,0.0,0.0,0.0,0.45774647887323944,0.4694783573806881,0.3971634082048179,0.45045045045045046,0.4687495951044435,0.36975187045665187,0.37192363309077975,0,0,83287000.0,0.43488372093023253,0.44892221180880976,5615000.0,0,0,33,561.0
206,2360000.0,18.0,0.46341463401227523,82.40884820747522,114.68688024408848,0.0,0.45774647887323944,0.4539823008849557,0.3931036562142931,0.45475113122171945,0.414225941433284,0.5491139021556548,0.41240204586511464,0,0,14076000.0,0.45364536453645365,0.45443645083932854,2215000.0,0,0,34,472.0
207,180000.0,14.0,0.44387755113454985,0.0,0.0,0.0,0.44040247678018574,0.4694783573806881,0.4214287402257545,0.45433255269320844,0.4511627906899892,0.4395681403885853,0.48822655398093273,0,0,1135000.0,0.43488372093023253,0.44892221180880976,286000.0,0,0,37,507.0
208,240000.0,18.0,0.4774317289223725,0.0,0.0,20000.0,0.44040247678018574,0.4539823008849557,0.3931036562142931,0.44281793229643185,0.417393662751422,0.4757214900689184,0.36641942856818427,0,0,1368000.0,0.44758586022284785,0.44892221180880976,227000.0,0,0,37,373.0
209,1530000.0,4.0,0.471073469342046,0.0,0.0,1610000.0,0.44040247678018574,0.4336917562724873,0.3971634082048179,0.45433255269320844,0.5031846524456339,0.4321363669380822,0.39551727687191446,1,0,8232000.0,0.4568764568764569,0.44892221180880976,2075000.0,1,1,33,548.0
210,3270000.0,14.0,0.4581005575150995,0.0,0.0,50000.0,0.45774647887323944,0.4129263913824057,0.5069442053895509,0.44281793229643185,0.5031846524456339,0.5164278000280932,0.4653190175668822,0,0,1913000.0,0.45364536453645365,0.45443645083932854,2943000.0,0,1,39,466.89744512414535
211,960000.0,14.0,0.3971634082048179,0.0,0.0,0.0,0.45774647887323944,0.4539823008849557,0.4214287402257545,0.44281793229643185,0.46907216438869503,0.5171573620994421,0.3852241644482289,0,0,20038000.0,0.43488372093023253,0.44892221180880976,2973000.0,0,0,36,560.0
212,200000.0,11.0,0.44387755113454985,0.0,0.0,0.0,0.468085106382978,0.4336917562724873,0.36271363783177113,0.45475113122171945,0.44230917465915276,0.5164278000280932,0.40571030945850584,0,0,2195000.0,0.43488372093023253,0.45443645083932854,556000.0,0,1,35,383.0
213,180000.0,13.0,0.4615356204904945,0.0,0.0,20000.0,0.468085106382978,0.4129263913824057,0.5363528439845596,0.45475113122171945,0.4468097890743483,0.531814720884261,0.37349412684595773,1,1,3903000.0,0.4568764568764569,0.44892221180880976,450000.0,1,0,38,480.0
214,5370000.0,19.0,0.4498690306228219,0.0,0.0,1580000.0,0.45774647887323944,0.4129263913824057,0.5257384019435941,0.44281793229643185,0.43697478992002986,0.3750074661878128,0.5220031427533425,1,0,26938000.0,0.4568764568764569,0.44892221180880976,4505000.0,1,0,36,525.0
215,210000.0,10.0,0.35775698265868106,0.0,0.0,0.0,0.44040247678018574,0.4539823008849557,0.3931036562142931,0.44281793229643185,0.43697478992002986,0.40235614355016347,0.348329989309645,0,0,2063000.0,0.4568764568764569,0.44892221180880976,306000.0,0,0,38,505.0
216,900000.0,12.0,0.3928574872021717,0.0,0.0,110000.0,0.44040247678018574,0.4129263913824057,0.5375745064065167,0.44281793229643185,0.45890407585949666,0.49482456551750875,0.4139523428902476,1,1,5651000.0,0.45364536453645365,0.44892221180880976,807000.0,1,0,37,512.0
217,700000.0,13.0,0.4706709757445273,0.0,0.0,0.0,0.45774647887323944,0.4694783573806881,0.4485294151733482,0.44281793229643185,0.4835606203192975,0.5217257015040757,0.5059471983688024,1,0,28484000.0,0.45364536453645365,0.39678284182305634,5080000.0,1,0,35,306.0
218,160000.0,14.0,0.4646406293882584,0.0,0.0,0.0,0.44040247678018574,0.4129263913824057,0.5069442053895509,0.4106715025408491,0.5031846524456339,0.5183627257078485,0.4653190175668822,0,0,21850000.0,0.4568764568764569,0.47386172006745364,3031000.0,0,0,36,334.0
219,2290000.0,3.0,0.35775698265868106,365.0,365.0,120000.0,0.44040247678018574,0.4129263913824057,0.5375745064065167,0.44281793229643185,0.37758024313602523,0.4658901691183491,0.5247762159801056,1,0,12391000.0,0.45364536453645365,0.47386172006745364,1980000.0,1,0,34,494.0
220,160000.0,15.0,0.471073469342046,0.0,0.0,0.0,0.45774647887323944,0.4694783573806881,0.4799991436755424,0.45433255269320844,0.43697478992002986,0.5217257015040757,0.39551727687191446,0,0,958000.0,0.43488372093023253,0.47386172006745364,180000.0,0,0,35,535.0
221,230000.0,10.0,0.46341463401227523,980.0,980.0,1400000.0,0.468085106382978,0.4694783573806881,0.36271363783177113,0.45475113122171945,0.37758024313602523,0.4395681403885853,0.3758582472222368,0,0,3191000.0,0.43488372093023253,0.44892221180880976,424000.0,0,0,37,389.0
222,200000.0,11.0,0.4581005575150995,0.0,0.0,370000.0,0.45774647887323944,0.4539823008849557,0.3442355460389141,0.44281793229643185,0.493908884521716,0.4757214900689184,0.5023579265365139,0,0,1767000.0,0.43488372093023253,0.47386172006745364,175000.0,0,0,37,473.0
223,210000.0,12.0,0.46341463401227523,235.0,235.0,60000.0,0.45774647887323944,0.4694783573806881,0.45200464380003236,0.44281793229643185,0.4583333330136348,0.379712180659019,0.6100509010581558,0,1,24580000.0,0.4568764568764569,0.44892221180880976,2523000.0,0,0,38,481.0
224,770000.0,22.0,0.40004455157916113,0.0,0.0,0.0,0.45774647887323944,0.4336917562724873,0.470084171924464,0.45475113122171945,0.4230769551118841,0.4468949699527549,0.4771498533714657,1,1,4843000.0,0.4568764568764569,0.45443645083932854,1731000.0,1,0,39,322.0
225,1080000.0,11.0,0.4220779627191293,63.0,9.0,1590000.0,0.45774647887323944,0.4539823008849557,0.30013565669860115,0.44281793229643185,0.414225941433284,0.4444688960343153,0.41047292637935173,1,0,10506000.0,0.45364536453645365,0.47386172006745364,1279000.0,1,0,37,481.0
226,120000.0,13.0,0.4360903840722853,0.0,0.0,0.0,0.44040247678018574,0.4129263913824057,0.4485294151733482,0.45475113122171945,0.46907216438869503,0.46721243412305624,0.5134854957775883,0,0,825000.0,0.43488372093023253,0.44892221180880976,113000.0,0,0,36,484.0
227,190000.0,12.0,0.3971634082048179,0.0,0.0,0.0,0.468085106382978,0.4694783573806881,0.4121240088339391,0.45045045045045046,0.4468097890743483,0.4395681403885853,0.4545481381730755,0,0,2215000.0,0.4568764568764569,0.44892221180880976,267000.0,0,0,38,377.0
228,3200000.0,12.0,0.5628080317442733,6.0,6.0,1000000.0,0.45774647887323944,0.4539823008849557,0.30013565669860115,0.44281793229643185,0.4583333330136348,0.3750074661878128,0.379712180659019,1,1,26475000.0,0.45364536453645365,0.47386172006745364,2580000.0,1,0,38,399.0
229,1960000.0,17.0,0.4615356204904945,0.0,0.0,2000000.0,0.45774647887323944,0.4694783573806881,0.5375745064065167,0.44281793229643185,0.417393662751422,0.40002703158873276,0.44084111937285236,0,0,9882000.0,0.45364536453645365,0.45443645083932854,1706000.0,0,0,37,616.0
230,550000.0,14.0,0.5628080317442733,0.0,0.0,0.0,0.44040247678018574,0.4539823008849557,0.30013565669860115,0.44281793229643185,0.46907216438869503,0.5164278000280932,0.41047292637935173,0,1,2262000.0,0.45364536453645365,0.47386172006745364,515000.0,0,0,36,434.0
231,2520000.0,25.0,0.4360903840722853,0.0,0.0,480000.0,0.44040247678018574,0.4336917562724873,0.30013565669860115,0.45475113122171945,0.45864649596466484,0.3965552694677991,0.45614969689847273,0,1,28507000.0,0.4568764568764569,0.45443645083932854,2804000.0,0,0,39,509.0
232,170000.0,13.0,0.3928574872021717,0.0,0.0,0.0,0.44040247678018574,0.4694783573806881,0.4956486747857908,0.45475113122171945,0.4604834864076457,0.45677246944372973,0.4425020459775707,0,0,3964000.0,0.45364536453645365,0.44892221180880976,657000.0,0,1,36,609.0
233,220000.0,18.0,0.4844907454931315,220.0,220.0,90000.0,0.44040247678018574,0.4129263913824057,0.38083308316558756,0.44281793229643185,0.414225941433284,0.4757214900689184,0.39896986903151255,0,1,1249000.0,0.4568764568764569,0.39678284182305634,292000.0,0,0,36,592.0
234,170000.0,18.0,0.4844907454931315,104.0,120.0,50000.0,0.468085106382978,0.4129263913824057,0.4799991436755424,0.44281793229643185,0.4583333330136348,0.36975187045665187,0.4278491036733748,0,0,636000.0,0.43488372093023253,0.44892221180880976,131000.0,0,0,37,438.0
235,190000.0,10.0,0.44387755113454985,0.0,0.0,0.0,0.44040247678018574,0.4129263913824057,0.5056772402445142,0.44281793229643185,0.45864649596466484,0.45677246944372973,0.49315734568265995,0,0,4795000.0,0.45364536453645365,0.47386172006745364,553000.0,0,0,39,441.0
236,110000.0,13.0,0.46341463401227523,0.0,0.0,0.0,0.44040247678018574,0.4694783573806881,0.4214287402257545,0.45433255269320844,0.3541279498012266,0.46365822718746796,0.39896986903151255,0,0,1424000.0,0.45364536453645365,0.44892221180880976,189000.0,0,0,39,348.0
237,190000.0,15.0,0.4220779627191293,0.0,0.0,0.0,0.45774647887323944,0.4539823008849557,0.5257384019435941,0.44281793229643185,0.3739186560656616,0.5164278000280932,0.36719335159199484,0,1,837000.0,0.4568764568764569,0.45443645083932854,160000.0,0,0,37,485.0
238,1550000.0,18.0,0.46341463401227523,438.0,438.0,0.0,0.468085106382978,0.4129263913824057,0.470084171924464,0.45475113122171945,0.43697478992002986,0.3965552694677991,0.42117558521355203,1,0,5837000.0,0.43488372093023253,0.44892221180880976,1542000.0,1,1,32,581.0
239,300000.0,14.0,0.45453917520963155,0.0,0.0,0.0,0.44040247678018574,0.4539823008849557,0.4485294151733482,0.45433255269320844,0.46907216438869503,0.3965552694677991,0.40201973495344345,0,0,5893000.0,0.43488372093023253,0.44892221180880976,352000.0,0,1,37,406.0
240,3000000.0,15.0,0.44387755113454985,0.0,0.0,210000.0,0.44040247678018574,0.4129263913824057,0.4415584526838991,0.44281793229643185,0.4583333330136348,0.3965552694677991,0.3580839468498659,0,0,16106000.0,0.45364536453645365,0.47386172006745364,2863000.0,0,1,35,501.0
241,3070000.0,14.0,0.4581005575150995,0.0,0.0,0.0,0.45774647887323944,0.4129263913824057,0.4459232804790396,0.45475113122171945,0.4583333330136348,0.45331529430883266,0.36576674063800674,1,0,19976000.0,0.45364536453645365,0.45443645083932854,3525000.0,1,0,36,502.0
242,170000.0,11.0,0.4074136609653927,0.0,0.0,0.0,0.468085106382978,0.4129263913824057,0.5069442053895509,0.45045045045045046,0.44230917465915276,0.4321363669380822,0.44084111937285236,0,1,1489000.0,0.43488372093023253,0.44892221180880976,196000.0,0,0,37,356.0
243,170000.0,20.0,0.4220779627191293,0.0,0.0,0.0,0.44040247678018574,0.4539823008849557,0.45782858909969404,0.45045045045045046,0.5031846524456339,0.45677246944372973,0.4543800115079512,1,0,1189000.0,0.43488372093023253,0.47386172006745364,204000.0,1,1,41,491.0
244,210000.0,14.0,0.4581005575150995,82.40884820747522,114.68688024408848,605344.4272445821,0.45774647887323944,0.4129263913824057,0.45782858909969404,0.45433255269320844,0.417393662751422,0.3965552694677991,0.42117558521355203,0,0,8227000.0,0.45364536453645365,0.47386172006745364,1328000.0,0,0,38,354.0
245,1540000.0,4.0,0.4220779627191293,0.0,0.0,0.0,0.44040247678018574,0.4539823008849557,0.36271363783177113,0.44281793229643185,0.44230917465915276,0.3750074661878128,0.5134854957775883,0,0,8095000.0,0.4568764568764569,0.45443645083932854,1364000.0,0,1,34,577.0
246,750000.0,14.0,0.4360903840722853,0.0,0.0,605344.4272445821,0.45774647887323944,0.4694783573806881,0.4268739712093834,0.45433255269320844,0.43697478992002986,0.4321363669380822,0.4014334059125707,0,0,5511000.0,0.43488372093023253,0.47386172006745364,862000.0,0,0,37,460.0
247,240000.0,10.0,0.4074136609653927,278.0,278.0,290000.0,0.468085106382978,0.4694783573806881,0.4121240088339391,0.44281793229643185,0.4511627906899892,0.3810650946770142,0.4653190175668822,0,0,2359000.0,0.45364536453645365,0.47386172006745364,289000.0,0,0,39,334.0
248,180000.0,10.0,0.583862843505718,0.0,0.0,0.0,0.44040247678018574,0.4336917562724873,0.3971634082048179,0.44281793229643185,0.414225941433284,0.3750074661878128,0.49646711594687815,0,1,1883000.0,0.45364536453645365,0.44892221180880976,287000.0,0,0,36,502.0
249,420000.0,15.0,0.3928574872021717,0.0,0.0,0.0,0.468085106382978,0.4694783573806881,0.4485294151733482,0.45475113122171945,0.43697478992002986,0.45192239757482366,0.31886873294614065,1,0,2420000.0,0.45364536453645365,0.39678284182305634,346000.0,1,1,37,522.0
250,2400000.0,10.0,0.45453917520963155,0.0,0.0,18050000.0,0.40000603415401237,0.4694783573806881,0.3900197525554698,0.45433255269320844,0.43096844666979034,0.46721243412305624,0.42117558521355203,0,0,16590000.0,0.45364536453645365,0.39678284182305634,1941000.0,0,0,33,600.0
251,490000.0,14.0,0.4498690306228219,0.0,0.0,0.0,0.45774647887323944,0.4129263913824057,0.4415584526838991,0.45475113122171945,0.4687495951044435,0.5183627257078485,0.40582917672392776,1,0,3057000.0,0.4568764568764569,0.44892221180880976,468000.0,1,0,39,618.0
252,210000.0,14.0,0.471073469342046,0.0,0.0,0.0,0.45774647887323944,0.4129263913824057,0.46428416000978534,0.45433255269320844,0.4230769551118841,0.37737165958551677,0.348329989309645,0,1,1377000.0,0.45364536453645365,0.44892221180880976,169000.0,0,0,36,802.0
253,2860000.0,18.0,0.44387755113454985,21.0,21.0,520000.0,0.45774647887323944,0.4336917562724873,0.3442355460389141,0.44281793229643185,0.34356713843530684,0.40002703158873276,0.31886873294614065,1,1,24135000.0,0.43488372093023253,0.44892221180880976,4675000.0,1,0,35,369.0
254,110000.0,17.0,0.45453917520963155,999.0,999.0,20000.0,0.45774647887323944,0.4129263913824057,0.43902472242345825,0.45475113122171945,0.4905583684264643,0.48068087923257147,0.36719335159199484,0,0,619000.0,0.43488372093023253,0.44892221180880976,90000.0,0,1,35,354.0
255,2580000.0,16.0,0.4706709757445273,6.0,30.0,4890000.0,0.45774647887323944,0.4694783573806881,0.5069442053895509,0.45475113122171945,0.4583333330136348,0.3810650946770142,0.6100509010581558,0,0,23560000.0,0.45364536453645365,0.47386172006745364,1922000.0,0,1,33,493.0
256,200000.0,13.0,0.3928574872021717,0.0,0.0,520000.0,0.45774647887323944,0.4694783573806881,0.3442355460389141,0.45475113122171945,0.45864649596466484,0.4395681403885853,0.39896986903151255,1,0,3464000.0,0.4568764568764569,0.47386172006745364,459000.0,1,0,35,457.0
257,110000.0,11.0,0.4747378959928985,999.0,999.0,390000.0,0.44040247678018574,0.4336917562724873,0.5056772402445142,0.45433255269320844,0.4230769551118841,0.5164278000280932,0.5582615046868826,1,0,844000.0,0.4568764568764569,0.44892221180880976,122000.0,1,0,38,526.0
258,230000.0,13.0,0.46341463401227523,0.0,0.0,0.0,0.45774647887323944,0.4539823008849557,0.4268739712093834,0.45475113122171945,0.43697478992002986,0.40002703158873276,0.4626438500979087,1,1,291000.0,0.4568764568764569,0.45443645083932854,276000.0,1,1,36,395.0
259,1730000.0,12.0,0.4844907454931315,0.0,0.0,0.0,0.468085106382978,0.4694783573806881,0.3931036562142931,0.45433255269320844,0.414225941433284,0.37737165958551677,0.383357340467756,1,0,13278000.0,0.4568764568764569,0.45443645083932854,1872000.0,1,0,33,510.0
260,200000.0,14.0,0.4074136609653927,0.0,0.0,0.0,0.468085106382978,0.4539823008849557,0.30013565669860115,0.45045045045045046,0.4583333330136348,0.3965552694677991,0.3580839468498659,0,0,1359000.0,0.45364536453645365,0.45443645083932854,215000.0,0,0,37,676.0
261,1180000.0,41.0,0.35775698265868106,0.0,0.0,0.0,0.44040247678018574,0.4539823008849557,0.470084171924464,0.44281793229643185,0.4230769551118841,0.3750074661878128,0.4545481381730755,1,0,4243000.0,0.4568764568764569,0.44892221180880976,1732000.0,1,1,39,751.0
262,720000.0,14.0,0.49269077310150705,0.0,0.0,20000.0,0.468085106382978,0.4694783573806881,0.476615203163763,0.45475113122171945,0.4687495951044435,0.3750074661878128,0.3904954284948803,1,0,5292000.0,0.4568764568764569,0.44892221180880976,910000.0,1,0,38,736.0
263,130000.0,14.0,0.4581005575150995,0.0,0.0,2680000.0,0.44040247678018574,0.4539823008849557,0.5363528439845596,0.44281793229643185,0.4905583684264643,0.4757214900689184,0.4310500554013448,0,1,2346000.0,0.45364536453645365,0.45443645083932854,128000.0,0,1,36,379.0
264,1640000.0,15.0,0.4581005575150995,0.0,0.0,0.0,0.44040247678018574,0.4539823008849557,0.38083308316558756,0.45433255269320844,0.4230769551118841,0.4468949699527549,0.45745399554685107,0,0,7323000.0,0.45364536453645365,0.45443645083932854,1586000.0,0,0,36,525.0
265,190000.0,11.0,0.46341463401227523,0.0,0.0,10000.0,0.45774647887323944,0.4336917562724873,0.4799991436755424,0.45433255269320844,0.45890407585949666,0.5071462083323844,0.44084111937285236,1,0,8027000.0,0.43488372093023253,0.45443645083932854,1189000.0,1,0,37,390.0
266,180000.0,12.0,0.4220779627191293,0.0,0.0,0.0,0.45774647887323944,0.4129263913824057,0.4268739712093834,0.44281793229643185,0.45890407585949666,0.36975187045665187,0.41240204586511464,0,1,2571000.0,0.43488372093023253,0.45443645083932854,422000.0,0,0,36,302.0
267,150000.0,11.0,0.46341463401227523,0.0,0.0,0.0,0.44040247678018574,0.4539823008849557,0.3900197525554698,0.45475113122171945,0.4905583684264643,0.5171573620994421,0.4270121893767379,0,0,1113000.0,0.4568764568764569,0.44892221180880976,177000.0,0,0,38,428.0
268,160000.0,11.0,0.3971634082048179,0.0,0.0,0.0,0.45774647887323944,0.4336917562724873,0.43902472242345825,0.45475113122171945,0.4604834864076457,0.4658901691183491,0.4037095629016318,0,0,1663000.0,0.45364536453645365,0.45443645083932854,215000.0,0,0,37,368.0
269,3360000.0,10.0,0.40004455157916113,0.0,1.0,3910000.0,0.44040247678018574,0.4539823008849557,0.43902472242345825,0.44281793229643185,0.414225941433284,0.45677246944372973,0.379712180659019,0,1,48882000.0,0.4568764568764569,0.39678284182305634,2876000.0,0,0,39,458.0
270,1370000.0,13.0,0.4646406293882584,0.0,0.0,210000.0,0.44040247678018574,0.4129263913824057,0.476615203163763,0.44281793229643185,0.45890407585949666,0.49482456551750875,0.3758582472222368,0,0,6118000.0,0.43488372093023253,0.44892221180880976,1512000.0,0,0,34,534.0
271,90000.0,13.0,0.4906797478948485,0.0,0.0,0.0,0.44040247678018574,0.4539823008849557,0.45200464380003236,0.45475113122171945,0.4604834864076457,0.37737165958551677,0.40526968668929697,0,1,1616000.0,0.45364536453645365,0.39678284182305634,188000.0,0,1,38,718.0
272,470000.0,13.0,0.3928574872021717,0.0,0.0,560000.0,0.45774647887323944,0.4539823008849557,0.40571030945850584,0.44281793229643185,0.414225941433284,0.45192239757482366,0.4789986557881242,1,0,3395000.0,0.45364536453645365,0.39678284182305634,517000.0,1,0,39,528.0
273,180000.0,14.0,0.4646406293882584,0.0,0.0,0.0,0.45774647887323944,0.4694783573806881,0.46428416000978534,0.44281793229643185,0.45890407585949666,0.531814720884261,0.4014334059125707,0,0,4178000.0,0.45364536453645365,0.44892221180880976,792000.0,0,0,38,378.0
274,200000.0,12.0,0.45885149198403496,82.40884820747522,114.68688024408848,605344.4272445821,0.44040247678018574,0.4539823008849557,0.4214287402257545,0.44281793229643185,0.4687495951044435,0.4321363669380822,0.5233562461236126,0,1,2515000.0,0.44758586022284785,0.44892221180880976,305000.0,0,0,39,514.0
275,290000.0,19.0,0.44387755113454985,0.0,120.0,160000.0,0.44040247678018574,0.4694783573806881,0.43902472242345825,0.44281793229643185,0.5031846524456339,0.5071462083323844,0.41315158258670154,1,0,1765000.0,0.45364536453645365,0.44892221180880976,293000.0,1,0,34,452.0
276,660000.0,14.0,0.4668770371178462,0.0,0.0,50000.0,0.468085106382978,0.4129263913824057,0.5254093931718659,0.44281793229643185,0.414225941433284,0.5183627257078485,0.47190419232428393,1,0,3227000.0,0.4568764568764569,0.47386172006745364,644000.0,1,1,37,437.0
277,4460000.0,19.0,0.471073469342046,35.0,35.0,440000.0,0.45774647887323944,0.4694783573806881,0.4268739712093834,0.45475113122171945,0.3739186560656616,0.37737165958551677,0.5157460113123283,0,1,33576000.0,0.4568764568764569,0.47386172006745364,4756000.0,0,0,34,348.0
278,170000.0,11.0,0.3892717187010617,0.0,0.0,0.0,0.44040247678018574,0.4539823008849557,0.5254093931718659,0.45433255269320844,0.4905583684264643,0.40002703158873276,0.4332390300357073,1,0,6189000.0,0.43488372093023253,0.44892221180880976,120000.0,1,1,37,375.0
279,490000.0,17.0,0.46341463401227523,82.40884820747522,114.68688024408848,0.0,0.44040247678018574,0.4539823008849557,0.4956486747857908,0.45045045045045046,0.43697478992002986,0.4444688960343153,0.5157460113123283,0,1,2885000.0,0.45364536453645365,0.44892221180880976,627000.0,0,1,34,433.0
280,2920000.0,11.0,0.3928574872021717,0.0,0.0,605344.4272445821,0.40000603415401237,0.4539823008849557,0.3931036562142931,0.45045045045045046,0.46907216438869503,0.4395681403885853,0.4530944584075768,0,0,29850000.0,0.4568764568764569,0.45443645083932854,3172000.0,0,0,39,442.0
281,1520000.0,28.0,0.3971634082048179,0.0,0.0,3970000.0,0.45774647887323944,0.4336917562724873,0.4415584526838991,0.44281793229643185,0.4230769551118841,0.5164278000280932,0.4270121893767379,1,1,35682000.0,0.43488372093023253,0.47386172006745364,1239000.0,1,1,40,372.0
282,150000.0,10.0,0.40004455157916113,0.0,0.0,0.0,0.45774647887323944,0.4539823008849557,0.476615203163763,0.45433255269320844,0.4835606203192975,0.5164278000280932,0.4696533706380367,1,0,285000.0,0.4568764568764569,0.44892221180880976,1435000.0,1,1,36,529.0
283,1110000.0,25.0,0.44387755113454985,0.0,0.0,0.0,0.44040247678018574,0.4539823008849557,0.5056772402445142,0.44281793229643185,0.4511627906899892,0.36975187045665187,0.5233562461236126,1,0,4001000.0,0.43488372093023253,0.45443645083932854,1275000.0,1,1,40,350.0
284,170000.0,13.0,0.4615356204904945,0.0,0.0,0.0,0.45774647887323944,0.4539823008849557,0.5363528439845596,0.45045045045045046,0.37758024313602523,0.4321363669380822,0.39896986903151255,0,0,1551000.0,0.45364536453645365,0.44892221180880976,228000.0,0,0,37,417.0
285,160000.0,13.0,0.4220779627191293,0.0,0.0,0.0,0.45774647887323944,0.4539823008849557,0.46428416000978534,0.44281793229643185,0.45890407585949666,0.5183627257078485,0.3156771054360342,0,1,1365000.0,0.4568764568764569,0.39678284182305634,307000.0,0,0,36,433.0
286,200000.0,13.0,0.43673114297615767,0.0,1.0,140000.0,0.45774647887323944,0.4539823008849557,0.5069442053895509,0.45475113122171945,0.4835606203192975,0.4395681403885853,0.39551727687191446,1,0,4967000.0,0.43488372093023253,0.44892221180880976,887000.0,1,0,38,508.0
287,1210000.0,18.0,0.40004455157916113,0.0,0.0,110000.0,0.468085106382978,0.4539823008849557,0.5363528439845596,0.45045045045045046,0.4905583684264643,0.5164278000280932,0.41047292637935173,0,0,5027000.0,0.43488372093023253,0.39678284182305634,1020000.0,0,1,36,352.0
288,470000.0,26.0,0.471073469342046,0.0,0.0,0.0,0.40000603415401237,0.4129263913824057,0.38083308316558756,0.45045045045045046,0.417393662751422,0.37737165958551677,0.5134854957775883,0,0,1492000.0,0.43488372093023253,0.47386172006745364,467000.0,0,1,40,560.0
289,1260000.0,15.0,0.5065614987246854,0.0,0.0,0.0,0.44040247678018574,0.4539823008849557,0.5069442053895509,0.45475113122171945,0.46907216438869503,0.3810650946770142,0.518598179506269,0,0,3147000.0,0.4568764568764569,0.47386172006745364,2345000.0,0,1,32,472.0
290,350000.0,13.0,0.37392616919315497,0.0,0.0,0.0,0.45774647887323944,0.4336917562724873,0.46428416000978534,0.44281793229643185,0.3739186560656616,0.4130722746472325,0.4545481381730755,0,0,7911000.0,0.45364536453645365,0.47386172006745364,1099000.0,0,0,34,557.0
291,150000.0,18.0,0.4906797478948485,0.0,0.0,0.0,0.468085106382978,0.4336917562724873,0.5159288114711631,0.45475113122171945,0.37758024313602523,0.531814720884261,0.4994506452738054,0,0,950000.0,0.45364536453645365,0.45443645083932854,175000.0,0,0,37,321.0
292,1860000.0,14.0,0.4360903840722853,82.40884820747522,114.68688024408848,0.0,0.40000603415401237,0.4539823008849557,0.5363528439845596,0.45433255269320844,0.46907216438869503,0.4395681403885853,0.46629820821531875,0,0,12899000.0,0.44758586022284785,0.44892221180880976,1822000.0,0,0,32,439.0
293,2570000.0,11.0,0.4220779627191293,82.40884820747522,114.68688024408848,605344.4272445821,0.44040247678018574,0.4336917562724873,0.30013565669860115,0.45475113122171945,0.493908884521716,0.3965552694677991,0.49141635626861524,0,1,13798000.0,0.45364536453645365,0.45443645083932854,2492000.0,0,0,33,597.0
294,920000.0,11.0,0.4581005575150995,0.0,0.0,1630000.0,0.468085106382978,0.4694783573806881,0.4799991436755424,0.44281793229643185,0.45864649596466484,0.4658901691183491,0.39551727687191446,0,0,5863000.0,0.43488372093023253,0.39678284182305634,886000.0,0,0,39,589.0
295,130000.0,14.0,0.46341463401227523,13.0,13.0,660000.0,0.44040247678018574,0.4539823008849557,0.5069442053895509,0.45045045045045046,0.5031846524456339,0.5071462083323844,0.3758582472222368,0,0,1661000.0,0.43488372093023253,0.39678284182305634,114000.0,0,1,35,617.0
296,2190000.0,11.0,0.44387755113454985,0.0,0.0,0.0,0.45774647887323944,0.4129263913824057,0.4799991436755424,0.44281793229643185,0.43697478992002986,0.40235614355016347,0.44519311265006384,0,0,66519000.0,0.45364536453645365,0.45443645083932854,4652000.0,0,0,34,567.0
297,4110000.0,17.0,0.35775698265868106,0.0,0.0,640000.0,0.44040247678018574,0.4129263913824057,0.4799991436755424,0.44281793229643185,0.4583333330136348,0.4859069669135048,0.4789986557881242,0,0,49391000.0,0.43488372093023253,0.47386172006745364,4010000.0,0,0,34,562.0
298,160000.0,14.0,0.4581005575150995,82.40884820747522,114.68688024408848,605344.4272445821,0.45774647887323944,0.4539823008849557,0.43902472242345825,0.45475113122171945,0.4583333330136348,0.40002703158873276,0.46629820821531875,1,0,1653000.0,0.43488372093023253,0.44892221180880976,274000.0,1,0,36,480.0
299,3150000.0,13.0,0.4220779627191293,0.0,0.0,0.0,0.45774647887323944,0.4129263913824057,0.30013565669860115,0.45045045045045046,0.45890407585949666,0.4395681403885853,0.4106715025408491,0,0,85471000.0,0.4568764568764569,0.44892221180880976,3105000.0,0,0,38,465.0
300,650000.0,17.0,0.43673114297615767,1106.0,0.0,460000.0,0.44040247678018574,0.4694783573806881,0.4415584526838991,0.44281793229643185,0.414225941433284,0.40002703158873276,0.5009630346757856,1,1,3592000.0,0.43488372093023253,0.47386172006745364,693000.0,1,0,36,440.0
301,470000.0,12.0,0.40004455157916113,0.0,0.0,80000.0,0.468085106382978,0.4336917562724873,0.4956486747857908,0.45433255269320844,0.46907216438869503,0.45192239757482366,0.4543800115079512,1,1,5564000.0,0.45364536453645365,0.47386172006745364,473000.0,1,1,39,466.89744512414535
302,1270000.0,4.0,0.471073469342046,82.40884820747522,114.68688024408848,0.0,0.44040247678018574,0.4694783573806881,0.476615203163763,0.45045045045045046,0.4511627906899892,0.37737165958551677,0.4543800115079512,1,0,5617000.0,0.45364536453645365,0.47386172006745364,2567000.0,1,0,33,630.0
303,1530000.0,26.0,0.4646406293882584,8.0,8.0,980000.0,0.45774647887323944,0.4539823008849557,0.3971634082048179,0.45433255269320844,0.4511627906899892,0.4444688960343153,0.5009630346757856,1,0,6764000.0,0.43488372093023253,0.45443645083932854,1718000.0,1,0,39,387.0
304,110000.0,14.0,0.4615356204904945,0.0,0.0,0.0,0.44040247678018574,0.4694783573806881,0.36271363783177113,0.45475113122171945,0.4687495951044435,0.5071462083323844,0.518598179506269,0,0,1049000.0,0.43488372093023253,0.44892221180880976,159000.0,0,0,37,458.0
305,1720000.0,17.0,0.4581005575150995,82.40884820747522,114.68688024408848,605344.4272445821,0.468085106382978,0.4539823008849557,0.5254093931718659,0.44281793229643185,0.46907216438869503,0.46721243412305624,0.4332390300357073,0,1,7370000.0,0.4568764568764569,0.45443645083932854,1647000.0,0,0,35,460.0
306,2570000.0,12.0,0.4646406293882584,0.0,0.0,410000.0,0.45774647887323944,0.4539823008849557,0.4956486747857908,0.44281793229643185,0.4583333330136348,0.48077782044892603,0.4653190175668822,0,1,230784000.0,0.43488372093023253,0.45443645083932854,2757000.0,0,0,37,393.0
307,3490000.0,10.0,0.4581005575150995,82.40884820747522,114.68688024408848,605344.4272445821,0.44040247678018574,0.4129263913824057,0.5363528439845596,0.44281793229643185,0.5606727833398578,0.40002703158873276,0.45745399554685107,0,0,16642000.0,0.45364536453645365,0.47386172006745364,3048000.0,0,0,37,440.0
308,640000.0,15.0,0.3971634082048179,0.0,0.0,0.0,0.468085106382978,0.4539823008849557,0.3900197525554698,0.4106715025408491,0.5031846524456339,0.5217257015040757,0.5247762159801056,1,1,6148000.0,0.45364536453645365,0.44892221180880976,951000.0,1,0,33,360.0
309,1160000.0,17.0,0.35775698265868106,0.0,0.0,0.0,0.45774647887323944,0.4694783573806881,0.4956486747857908,0.45475113122171945,0.34356713843530684,0.46721243412305624,0.46016463299084465,0,0,6804000.0,0.43488372093023253,0.47386172006745364,1001000.0,0,0,34,626.0
310,140000.0,12.0,0.4906797478948485,0.0,0.0,550000.0,0.44040247678018574,0.4694783573806881,0.40571030945850584,0.44281793229643185,0.43697478992002986,0.5171573620994421,0.4106715025408491,1,0,10567000.0,0.4568764568764569,0.44892221180880976,1403000.0,1,0,36,429.0
311,250000.0,13.0,0.45813033217197885,0.0,0.0,0.0,0.45774647887323944,0.4539823008849557,0.4268739712093834,0.45475113122171945,0.5031846524456339,0.379712180659019,0.46016463299084465,0,0,2446000.0,0.43488372093023253,0.45443645083932854,491000.0,0,1,32,467.0
312,220000.0,14.0,0.45453917520963155,0.0,0.0,3720000.0,0.468085106382978,0.4539823008849557,0.30013565669860115,0.44281793229643185,0.5063919873437158,0.379712180659019,0.41240204586511464,1,0,9312000.0,0.4568764568764569,0.44892221180880976,1406000.0,1,0,36,412.0
313,240000.0,17.0,0.4747378959928985,0.0,0.0,0.0,0.45774647887323944,0.4694783573806881,0.3442355460389141,0.45475113122171945,0.5592064152301905,0.5183627257078485,0.40582917672392776,0,0,1218000.0,0.43488372093023253,0.47386172006745364,259000.0,0,0,37,588.0
314,5040000.0,19.0,0.44387755113454985,0.0,0.0,0.0,0.45774647887323944,0.4539823008849557,0.45200464380003236,0.45475113122171945,0.44230917465915276,0.43574970796090917,0.36576674063800674,0,1,25366000.0,0.45364536453645365,0.44892221180880976,5866000.0,0,1,33,609.0
315,200000.0,14.0,0.4906797478948485,0.0,0.0,0.0,0.44040247678018574,0.4539823008849557,0.5165869667180779,0.45475113122171945,0.4230769551118841,0.45677246944372973,0.4278491036733748,0,1,2036000.0,0.4568764568764569,0.44892221180880976,229000.0,0,0,37,522.0
316,120000.0,13.0,0.4615356204904945,0.0,0.0,20000.0,0.45774647887323944,0.4694783573806881,0.5056772402445142,0.45475113122171945,0.4468097890743483,0.5164278000280932,0.5485893972844256,0,0,928000.0,0.43488372093023253,0.39678284182305634,121000.0,0,0,35,375.0
317,1790000.0,14.0,0.4581005575150995,0.0,0.0,0.0,0.44040247678018574,0.4694783573806881,0.476615203163763,0.44281793229643185,0.417393662751422,0.43679650911494705,0.4789986557881242,1,0,9339000.0,0.45364536453645365,0.44892221180880976,1751000.0,1,0,38,669.0
318,3360000.0,4.0,0.4615356204904945,0.0,0.0,0.0,0.44040247678018574,0.4694783573806881,0.46428416000978534,0.45475113122171945,0.3739186560656616,0.3750074661878128,0.49646711594687815,0,1,34079000.0,0.45364536453645365,0.44892221180880976,3109000.0,0,1,32,419.0
319,3330000.0,14.0,0.471073469342046,0.0,0.0,0.0,0.45774647887323944,0.4539823008849557,0.5069442053895509,0.45475113122171945,0.4230769551118841,0.45560844252904975,0.41240204586511464,0,0,19693000.0,0.43488372093023253,0.47386172006745364,3249000.0,0,1,36,460.0
320,5990000.0,18.0,0.4278491036733748,0.0,0.0,380000.0,0.44040247678018574,0.4694783573806881,0.4485294151733482,0.45475113122171945,0.4230769551118841,0.36975187045665187,0.5233562461236126,0,0,24074000.0,0.43488372093023253,0.44892221180880976,5819000.0,0,0,34,463.0
321,2810000.0,17.0,0.45453917520963155,0.0,0.0,1350000.0,0.45774647887323944,0.4694783573806881,0.5165869667180779,0.45045045045045046,0.4687495951044435,0.46365822718746796,0.5363489679286931,1,0,22469000.0,0.45364536453645365,0.47386172006745364,4809000.0,1,0,32,609.0
322,310000.0,10.0,0.40004455157916113,0.0,0.0,60000.0,0.44040247678018574,0.4694783573806881,0.3900197525554698,0.45045045045045046,0.4604834864076457,0.4444688960343153,0.4270121893767379,0,0,943000.0,0.4568764568764569,0.47386172006745364,313000.0,0,1,39,589.0
323,200000.0,14.0,0.4747378959928985,0.0,0.0,0.0,0.45774647887323944,0.4129263913824057,0.4214287402257545,0.44281793229643185,0.5606727833398578,0.4395681403885853,0.42220278660777283,0,0,2266000.0,0.4568764568764569,0.44892221180880976,307000.0,0,0,38,314.0
324,420000.0,14.0,0.35775698265868106,0.0,0.0,0.0,0.44040247678018574,0.4539823008849557,0.4485294151733482,0.45475113122171945,0.4583333330136348,0.49482456551750875,0.46629820821531875,0,0,5440000.0,0.45364536453645365,0.47386172006745364,619000.0,0,1,35,317.0
325,170000.0,13.0,0.3971634082048179,91.0,91.0,20000.0,0.45774647887323944,0.4539823008849557,0.46428416000978534,0.45475113122171945,0.4511627906899892,0.40235614355016347,0.4543800115079512,1,1,4289000.0,0.43488372093023253,0.44892221180880976,721000.0,1,0,36,619.0
326,5390000.0,16.0,0.4615356204904945,0.0,0.0,0.0,0.45774647887323944,0.4539823008849557,0.476615203163763,0.45045045045045046,0.414225941433284,0.5164278000280932,0.5233562461236126,0,0,18331000.0,0.45364536453645365,0.39678284182305634,4160000.0,0,0,35,419.0
327,220000.0,18.0,0.4581005575150995,0.0,0.0,0.0,0.468085106382978,0.4694783573806881,0.44545497076419477,0.45475113122171945,0.417393662751422,0.45192239757482366,0.40526968668929697,0,1,1110000.0,0.4568764568764569,0.44892221180880976,249000.0,0,0,37,314.0
328,1110000.0,10.0,0.45885149198403496,0.0,0.0,0.0,0.44040247678018574,0.4539823008849557,0.44545497076419477,0.45475113122171945,0.37758024313602523,0.5491139021556548,0.5009630346757856,0,1,8787000.0,0.45364536453645365,0.44892221180880976,895000.0,0,1,37,530.0
329,4550000.0,17.0,0.4581005575150995,258.0,258.0,3180000.0,0.45774647887323944,0.4129263913824057,0.41581515781000167,0.44281793229643185,0.46907216438869503,0.46721243412305624,0.37192363309077975,0,0,104010000.0,0.45364536453645365,0.44892221180880976,4468000.0,0,1,35,651.0
330,90000.0,4.0,0.4646406293882584,0.0,0.0,810000.0,0.45774647887323944,0.4539823008849557,0.5159288114711631,0.45475113122171945,0.414225941433284,0.40235614355016347,0.4014334059125707,1,0,1132000.0,0.43488372093023253,0.44892221180880976,342000.0,1,1,41,537.0
331,180000.0,10.0,0.3928574872021717,0.0,0.0,0.0,0.44040247678018574,0.4694783573806881,0.470084171924464,0.45475113122171945,0.414225941433284,0.37737165958551677,0.41315158258670154,0,0,1615000.0,0.4568764568764569,0.44892221180880976,259000.0,0,0,36,595.0
332,4440000.0,15.0,0.3892717187010617,0.0,0.0,0.0,0.468085106382978,0.4539823008849557,0.4214287402257545,0.45045045045045046,0.45890407585949666,0.4395681403885853,0.4789986557881242,0,1,125935000.0,0.43488372093023253,0.45443645083932854,4772000.0,0,0,33,759.0
333,240000.0,14.0,0.4220779627191293,0.0,0.0,10000.0,0.45774647887323944,0.4539823008849557,0.5363528439845596,0.44281793229643185,0.44230917465915276,0.48068087923257147,0.4375202018743684,0,0,1170000.0,0.45364536453645365,0.47386172006745364,199000.0,0,0,38,479.0
334,90000.0,14.0,0.35775698265868106,0.0,120.0,0.0,0.44040247678018574,0.4129263913824057,0.5069442053895509,0.45475113122171945,0.37758024313602523,0.40002703158873276,0.423941142391273,0,0,3748000.0,0.45364536453645365,0.39678284182305634,540000.0,0,0,37,400.0
335,1610000.0,16.0,0.4074136609653927,973.0,973.0,560000.0,0.45774647887323944,0.4539823008849557,0.4268739712093834,0.45045045045045046,0.45890407585949666,0.4757214900689184,0.379712180659019,1,0,7544000.0,0.4568764568764569,0.44892221180880976,1428000.0,1,0,33,468.0
336,170000.0,14.0,0.4646406293882584,0.0,1.0,260000.0,0.44040247678018574,0.4539823008849557,0.3931036562142931,0.44281793229643185,0.4511627906899892,0.5071462083323844,0.40582917672392776,1,0,10862000.0,0.43488372093023253,0.44892221180880976,1607000.0,1,0,36,312.0
337,170000.0,14.0,0.45813033217197885,0.0,0.0,0.0,0.44040247678018574,0.4694783573806881,0.4415584526838991,0.45475113122171945,0.4230769551118841,0.531814720884261,0.4037095629016318,0,0,1198000.0,0.4568764568764569,0.44892221180880976,153000.0,0,0,36,411.0
338,100000.0,12.0,0.4646406293882584,0.0,0.0,0.0,0.45774647887323944,0.4129263913824057,0.5165869667180779,0.45433255269320844,0.414225941433284,0.4859069669135048,0.5035331693654489,0,0,94000.0,0.43488372093023253,0.44892221180880976,147000.0,0,1,41,331.0
339,2740000.0,11.0,0.4360903840722853,0.0,0.0,0.0,0.44040247678018574,0.4129263913824057,0.4415584526838991,0.44281793229643185,0.43697478992002986,0.3810650946770142,0.40582917672392776,1,0,60119000.0,0.45364536453645365,0.45443645083932854,2989000.0,1,0,37,358.0
340,110000.0,14.0,0.3928574872021717,82.40884820747522,114.68688024408848,605344.4272445821,0.44040247678018574,0.4336917562724873,0.5159288114711631,0.45045045045045046,0.4230769551118841,0.36975187045665187,0.4653190175668822,0,0,715000.0,0.45364536453645365,0.45443645083932854,121000.0,0,0,37,396.0
341,170000.0,12.0,0.4581005575150995,0.0,0.0,0.0,0.45774647887323944,0.4694783573806881,0.5056772402445142,0.45045045045045046,0.5606727833398578,0.5171573620994421,0.5602211136196202,0,0,2356000.0,0.45364536453645365,0.45443645083932854,230000.0,0,0,37,342.0
342,4120000.0,17.0,0.4581005575150995,214.0,214.0,790000.0,0.45774647887323944,0.4694783573806881,0.4214287402257545,0.45475113122171945,0.414225941433284,0.5164278000280932,0.4994506452738054,1,1,60197000.0,0.43488372093023253,0.47386172006745364,4228000.0,1,0,36,613.0
343,180000.0,14.0,0.4220779627191293,0.0,0.0,0.0,0.44040247678018574,0.4694783573806881,0.5069442053895509,0.45433255269320844,0.417393662751422,0.4321363669380822,0.44084111937285236,0,1,1068000.0,0.4568764568764569,0.45443645083932854,173000.0,0,0,37,335.0
344,2150000.0,12.0,0.4774317289223725,2.0,2.0,3630000.0,0.44040247678018574,0.4539823008849557,0.5069442053895509,0.45475113122171945,0.4230769551118841,0.49482456551750875,0.4332390300357073,1,0,20604000.0,0.45364536453645365,0.45443645083932854,2423000.0,1,0,37,466.89744512414535
345,200000.0,14.0,0.43673114297615767,443.0,443.0,160000.0,0.45774647887323944,0.4129263913824057,0.5069442053895509,0.45433255269320844,0.5031846524456339,0.5183627257078485,0.379712180659019,1,0,1490000.0,0.45364536453645365,0.45443645083932854,208000.0,1,0,39,321.0
346,550000.0,15.0,0.44387755113454985,0.0,180.0,0.0,0.45774647887323944,0.4694783573806881,0.40571030945850584,0.44281793229643185,0.5592064152301905,0.49482456551750875,0.43179497331840055,0,0,2846000.0,0.45364536453645365,0.39678284182305634,491000.0,0,1,34,361.0
347,4410000.0,16.0,0.37392616919315497,0.0,0.0,0.0,0.45774647887323944,0.4129263913824057,0.5254093931718659,0.45475113122171945,0.43697478992002986,0.531814720884261,0.4764655517659273,0,0,14420000.0,0.45364536453645365,0.44892221180880976,4109000.0,0,0,35,347.0
348,210000.0,3.0,0.3971634082048179,0.0,0.0,0.0,0.44040247678018574,0.4129263913824057,0.3442355460389141,0.45045045045045046,0.37758024313602523,0.5176283236840944,0.4696533706380367,0,0,1847000.0,0.45364536453645365,0.44892221180880976,475000.0,0,0,40,351.0
349,240000.0,40.0,0.4360903840722853,267.0,267.0,610000.0,0.44040247678018574,0.4694783573806881,0.4956486747857908,0.44281793229643185,0.4230769551118841,0.4444688960343153,0.5157460113123283,1,0,12890000.0,0.4568764568764569,0.45443645083932854,184000.0,1,1,40,521.0
350,130000.0,14.0,0.4074136609653927,0.0,0.0,605344.4272445821,0.44040247678018574,0.4539823008849557,0.5375745064065167,0.44281793229643185,0.43697478992002986,0.3750074661878128,0.4545481381730755,0,0,887000.0,0.4568764568764569,0.44892221180880976,142000.0,0,0,37,350.0
351,540000.0,14.0,0.4360903840722853,0.0,0.0,140000.0,0.45774647887323944,0.4539823008849557,0.43902472242345825,0.44281793229643185,0.414225941433284,0.4339650140059905,0.3270423716835601,0,1,7736000.0,0.43488372093023253,0.47386172006745364,1259000.0,0,0,38,404.0
352,130000.0,10.0,0.43673114297615767,0.0,0.0,0.0,0.44040247678018574,0.4539823008849557,0.30013565669860115,0.45433255269320844,0.45890407585949666,0.48068087923257147,0.4106715025408491,0,0,846000.0,0.4568764568764569,0.47386172006745364,111000.0,0,0,38,429.0
353,180000.0,14.0,0.4498690306228219,0.0,0.0,0.0,0.45774647887323944,0.4129263913824057,0.4214287402257545,0.45433255269320844,0.4583333330136348,0.5217257015040757,0.3156771054360342,0,1,146355000.0,0.45364536453645365,0.47386172006745364,3131000.0,0,0,37,412.0
354,200000.0,12.0,0.45885149198403496,0.0,0.0,0.0,0.44040247678018574,0.4539823008849557,0.470084171924464,0.44281793229643185,0.4468097890743483,0.5164278000280932,0.348329989309645,0,1,1670000.0,0.45364536453645365,0.44892221180880976,236000.0,0,0,40,475.0
355,2250000.0,16.0,0.4581005575150995,0.0,0.0,1360000.0,0.45774647887323944,0.4694783573806881,0.4956486747857908,0.44281793229643185,0.417393662751422,0.37737165958551677,0.4696533706380367,0,0,17284000.0,0.4568764568764569,0.44892221180880976,3848000.0,0,0,33,445.0
356,1200000.0,18.0,0.45453917520963155,0.0,0.0,210000.0,0.44040247678018574,0.4336917562724873,0.4214287402257545,0.45475113122171945,0.34356713843530684,0.37737165958551677,0.4696533706380367,0,0,6822000.0,0.43488372093023253,0.44892221180880976,1159000.0,0,0,32,459.0
357,820000.0,17.0,0.3971634082048179,0.0,0.0,0.0,0.45774647887323944,0.4539823008849557,0.4415584526838991,0.44281793229643185,0.45890407585949666,0.40235614355016347,0.3244469103797425,0,0,4153000.0,0.45364536453645365,0.44892221180880976,715000.0,0,1,36,389.0
358,1230000.0,11.0,0.3971634082048179,0.0,0.0,605344.4272445821,0.45774647887323944,0.4694783573806881,0.5375745064065167,0.44281793229643185,0.4687495951044435,0.49482456551750875,0.5363489679286931,0,0,3301000.0,0.43488372093023253,0.44892221180880976,1791000.0,0,1,39,466.89744512414535
359,980000.0,28.0,0.3971634082048179,0.0,0.0,0.0,0.45774647887323944,0.4694783573806881,0.43902472242345825,0.45045045045045046,0.43697478992002986,0.40235614355016347,0.41315158258670154,1,0,3361000.0,0.4568764568764569,0.44892221180880976,874000.0,1,1,39,360.0
360,580000.0,12.0,0.4581005575150995,0.0,0.0,10000.0,0.44040247678018574,0.4539823008849557,0.4214287402257545,0.45045045045045046,0.414225941433284,0.45677246944372973,0.4037095629016318,0,0,5210000.0,0.4568764568764569,0.47386172006745364,889000.0,0,0,38,466.89744512414535
361,4120000.0,15.0,0.3971634082048179,0.0,0.0,0.0,0.44040247678018574,0.4129263913824057,0.4956486747857908,0.44281793229643185,0.4468097890743483,0.40235614355016347,0.44084111937285236,0,1,31257000.0,0.43488372093023253,0.45443645083932854,5012000.0,0,0,37,558.0
362,220000.0,15.0,0.4360903840722853,0.0,0.0,0.0,0.45774647887323944,0.4694783573806881,0.44545497076419477,0.44281793229643185,0.43697478992002986,0.3810650946770142,0.5602211136196202,0,0,1123000.0,0.45364536453645365,0.47386172006745364,292000.0,0,0,37,353.0
363,120000.0,17.0,0.4747378959928985,0.0,0.0,0.0,0.45774647887323944,0.4336917562724873,0.4214287402257545,0.44281793229643185,0.45890407585949666,0.4658901691183491,0.47681005690163497,0,1,602000.0,0.45364536453645365,0.45443645083932854,114000.0,0,0,37,343.0
364,180000.0,10.0,0.4074136609653927,0.0,180.0,10000.0,0.44040247678018574,0.4129263913824057,0.4415584526838991,0.45475113122171945,0.5592064152301905,0.37737165958551677,0.3758582472222368,0,0,1877000.0,0.43488372093023253,0.45443645083932854,200000.0,0,0,37,475.0
365,2100000.0,11.0,0.3928574872021717,0.0,0.0,10000.0,0.45774647887323944,0.4694783573806881,0.38083308316558756,0.45045045045045046,0.45890407585949666,0.5171573620994421,0.423941142391273,0,0,24489000.0,0.4568764568764569,0.47386172006745364,3504000.0,0,0,36,471.0
366,3550000.0,20.0,0.4668770371178462,0.0,0.0,0.0,0.45774647887323944,0.4539823008849557,0.4214287402257545,0.45475113122171945,0.43096844666979034,0.36975187045665187,0.47681005690163497,0,0,18229000.0,0.45364536453645365,0.45443645083932854,3341000.0,0,0,41,540.0
367,1180000.0,12.0,0.46341463401227523,0.0,0.0,0.0,0.45774647887323944,0.4694783573806881,0.5257384019435941,0.44281793229643185,0.4230769551118841,0.43679650911494705,0.3244469103797425,0,0,18606000.0,0.4568764568764569,0.39678284182305634,2679000.0,0,0,40,616.0
368,190000.0,14.0,0.44387755113454985,82.40884820747522,114.68688024408848,605344.4272445821,0.45774647887323944,0.4129263913824057,0.5069442053895509,0.44281793229643185,0.4583333330136348,0.40002703158873276,0.41315158258670154,1,0,1599000.0,0.45364536453645365,0.45443645083932854,226000.0,1,0,37,603.0
369,2490000.0,27.0,0.49269077310150705,0.0,0.0,760000.0,0.44040247678018574,0.4539823008849557,0.3971634082048179,0.45045045045045046,0.45864649596466484,0.49482456551750875,0.5602211136196202,1,0,39902000.0,0.4568764568764569,0.47386172006745364,3110000.0,1,0,39,691.0
370,200000.0,12.0,0.45453917520963155,82.40884820747522,114.68688024408848,605344.4272445821,0.44040247678018574,0.4129263913824057,0.470084171924464,0.44281793229643185,0.44230917465915276,0.3721191346526487,0.423941142391273,0,0,2286000.0,0.4568764568764569,0.45443645083932854,397000.0,0,0,37,501.0
371,120000.0,14.0,0.471073469342046,0.0,0.0,605344.4272445821,0.44040247678018574,0.4336917562724873,0.43902472242345825,0.45475113122171945,0.46907216438869503,0.36975187045665187,0.4139523428902476,0,0,5666000.0,0.45364536453645365,0.44892221180880976,883000.0,0,0,37,325.0
372,920000.0,10.0,0.43673114297615767,0.0,0.0,0.0,0.45774647887323944,0.4539823008849557,0.5165869667180779,0.44281793229643185,0.3739186560656616,0.45192239757482366,0.490206851056817,0,0,42960000.0,0.45364536453645365,0.39678284182305634,5709000.0,0,0,36,474.0
373,1280000.0,20.0,0.44387755113454985,0.0,0.0,80000.0,0.45774647887323944,0.4336917562724873,0.4956486747857908,0.45475113122171945,0.414225941433284,0.37737165958551677,0.40571030945850584,0,0,9078000.0,0.4568764568764569,0.44892221180880976,2753000.0,0,0,39,450.0
374,180000.0,3.0,0.4668770371178462,93.0,93.0,1400000.0,0.44040247678018574,0.4539823008849557,0.3971634082048179,0.45475113122171945,0.5031846524456339,0.4321363669380822,0.4014334059125707,0,0,8260000.0,0.45364536453645365,0.44892221180880976,929000.0,0,1,40,566.0
375,180000.0,14.0,0.4844907454931315,0.0,0.0,40000.0,0.468085106382978,0.4694783573806881,0.40571030945850584,0.45475113122171945,0.414225941433284,0.46365822718746796,0.4545481381730755,0,0,2836000.0,0.45364536453645365,0.44892221180880976,399000.0,0,0,37,589.0
376,4380000.0,13.0,0.4581005575150995,0.0,0.0,8370000.0,0.44040247678018574,0.4129263913824057,0.5254093931718659,0.45475113122171945,0.43697478992002986,0.45677246944372973,0.3244469103797425,0,0,87996000.0,0.43488372093023253,0.45443645083932854,5334000.0,0,0,35,490.0
377,160000.0,14.0,0.4360903840722853,0.0,0.0,0.0,0.468085106382978,0.4694783573806881,0.3442355460389141,0.45475113122171945,0.45890407585949666,0.3965552694677991,0.4696533706380367,0,1,5736000.0,0.4568764568764569,0.44892221180880976,972000.0,0,0,36,464.0
378,3570000.0,14.0,0.45453917520963155,0.0,0.0,0.0,0.45774647887323944,0.4539823008849557,0.470084171924464,0.45475113122171945,0.414225941433284,0.45192239757482366,0.4014334059125707,0,1,21040000.0,0.45364536453645365,0.45443645083932854,3463000.0,0,0,37,504.0
379,1540000.0,3.0,0.5065614987246854,0.0,0.0,90000.0,0.45774647887323944,0.4539823008849557,0.45782858909969404,0.45045045045045046,0.4835606203192975,0.4444688960343153,0.469407833203183,1,0,6854000.0,0.4568764568764569,0.44892221180880976,2033000.0,1,0,33,466.89744512414535
380,1110000.0,14.0,0.4646406293882584,0.0,0.0,50000.0,0.44040247678018574,0.4336917562724873,0.4956486747857908,0.44281793229643185,0.4604834864076457,0.45677246944372973,0.41315158258670154,0,0,6977000.0,0.43488372093023253,0.47386172006745364,1339000.0,0,0,35,504.0
381,190000.0,14.0,0.5065614987246854,0.0,0.0,10000.0,0.45774647887323944,0.4539823008849557,0.5375745064065167,0.44281793229643185,0.414225941433284,0.5164278000280932,0.4543800115079512,0,0,2880000.0,0.43488372093023253,0.39678284182305634,298000.0,0,0,35,361.0
382,180000.0,11.0,0.471073469342046,0.0,0.0,0.0,0.468085106382978,0.4694783573806881,0.46428416000978534,0.45475113122171945,0.5592064152301905,0.45560844252904975,0.39551727687191446,0,1,7262000.0,0.45364536453645365,0.45443645083932854,1347000.0,0,0,37,449.0
383,200000.0,13.0,0.4646406293882584,0.0,0.0,0.0,0.45774647887323944,0.4694783573806881,0.470084171924464,0.44281793229643185,0.4230769551118841,0.46365822718746796,0.6100509010581558,0,1,5963000.0,0.43488372093023253,0.45443645083932854,788000.0,0,0,40,316.0
384,210000.0,14.0,0.3892717187010617,0.0,0.0,30000.0,0.44040247678018574,0.4539823008849557,0.4268739712093834,0.44281793229643185,0.4468097890743483,0.4757214900689184,0.4543800115079512,0,1,2359000.0,0.4568764568764569,0.45443645083932854,221000.0,0,0,38,355.0
385,500000.0,16.0,0.35775698265868106,0.0,0.0,0.0,0.44040247678018574,0.4129263913824057,0.3900197525554698,0.45045045045045046,0.4230769551118841,0.40235614355016347,0.4106715025408491,0,0,23285000.0,0.4568764568764569,0.44892221180880976,407000.0,0,1,35,435.0
386,470000.0,14.0,0.4360903840722853,0.0,90.0,2050000.0,0.45774647887323944,0.4336917562724873,0.4415584526838991,0.45475113122171945,0.4230769551118841,0.37737165958551677,0.41240204586511464,1,0,5728000.0,0.4568764568764569,0.44892221180880976,802000.0,1,0,41,476.0
387,1040000.0,15.0,0.4360903840722853,0.0,0.0,0.0,0.44040247678018574,0.4694783573806881,0.4214287402257545,0.44281793229643185,0.493908884521716,0.46365822718746796,0.3156771054360342,1,0,5235000.0,0.43488372093023253,0.47386172006745364,1058000.0,1,1,31,423.0
388,3070000.0,16.0,0.4360903840722853,0.0,0.0,410000.0,0.468085106382978,0.4694783573806881,0.4459232804790396,0.45475113122171945,0.4583333330136348,0.36975187045665187,0.4530944584075768,0,1,28714000.0,0.4568764568764569,0.44892221180880976,5965000.0,0,0,33,417.0
389,1460000.0,13.0,0.40004455157916113,0.0,0.0,3260000.0,0.44040247678018574,0.4694783573806881,0.5165869667180779,0.44281793229643185,0.4511627906899892,0.43574970796090917,0.41240204586511464,1,0,475000.0,0.4568764568764569,0.44892221180880976,2218000.0,1,1,32,496.0
390,850000.0,12.0,0.4646406293882584,82.40884820747522,114.68688024408848,605344.4272445821,0.44040247678018574,0.4694783573806881,0.4415584526838991,0.45475113122171945,0.5315593642552221,0.40235614355016347,0.5485893972844256,0,0,33826000.0,0.45364536453645365,0.45443645083932854,2636000.0,0,0,37,385.0
391,1330000.0,14.0,0.4615356204904945,0.0,0.0,1300000.0,0.45774647887323944,0.4129263913824057,0.4505327389584535,0.45433255269320844,0.4511627906899892,0.40002703158873276,0.5363489679286931,1,1,5255000.0,0.43488372093023253,0.44892221180880976,1402000.0,1,0,33,367.0
392,570000.0,12.0,0.583862843505718,0.0,0.0,2130000.0,0.40000603415401237,0.4539823008849557,0.4214287402257545,0.45045045045045046,0.43697478992002986,0.40235614355016347,0.45989425850057764,1,0,107375000.0,0.4568764568764569,0.45443645083932854,4916000.0,1,0,36,394.0
393,2970000.0,17.0,0.45813033217197885,82.40884820747522,114.68688024408848,0.0,0.45774647887323944,0.4539823008849557,0.4415584526838991,0.45475113122171945,0.5031846524456339,0.3810650946770142,0.5363489679286931,1,0,17645000.0,0.45364536453645365,0.44892221180880976,3033000.0,1,1,32,626.0
394,200000.0,14.0,0.4747378959928985,0.0,0.0,0.0,0.44040247678018574,0.4336917562724873,0.4956486747857908,0.45475113122171945,0.43096844666979034,0.4757214900689184,0.4653190175668822,0,0,6384000.0,0.45364536453645365,0.47386172006745364,933000.0,0,0,39,311.0
395,230000.0,12.0,0.5628080317442733,0.0,0.0,605344.4272445821,0.44040247678018574,0.4336917562724873,0.476615203163763,0.45045045045045046,0.5031846524456339,0.45192239757482366,0.4769970982233268,0,0,7063000.0,0.45364536453645365,0.45443645083932854,1441000.0,0,0,37,417.0
396,930000.0,15.0,0.471073469342046,0.0,0.0,0.0,0.44040247678018574,0.4694783573806881,0.5069442053895509,0.45475113122171945,0.3739186560656616,0.46721243412305624,0.45200464380003236,0,0,5251000.0,0.4568764568764569,0.44892221180880976,777000.0,0,1,37,356.0
397,160000.0,10.0,0.49269077310150705,495.0,495.0,20000.0,0.45774647887323944,0.4539823008849557,0.5069442053895509,0.45475113122171945,0.44230917465915276,0.46721243412305624,0.44084111937285236,1,0,6715000.0,0.45364536453645365,0.44892221180880976,1052000.0,1,0,41,335.0
398,860000.0,20.0,0.471073469342046,0.0,0.0,605344.4272445821,0.468085106382978,0.4539823008849557,0.41581515781000167,0.45475113122171945,0.43096844666979034,0.3810650946770142,0.4771498533714657,0,1,5869000.0,0.43488372093023253,0.47386172006745364,811000.0,0,1,41,777.0
399,210000.0,17.0,0.4615356204904945,0.0,0.0,0.0,0.45774647887323944,0.4694783573806881,0.46428416000978534,0.45433255269320844,0.44230917465915276,0.4757214900689184,0.4994506452738054,1,1,770000.0,0.45364536453645365,0.47386172006745364,195000.0,1,0,36,368.0
400,1840000.0,19.0,0.44387755113454985,0.0,0.0,0.0,0.44040247678018574,0.4539823008849557,0.38083308316558756,0.45475113122171945,0.43697478992002986,0.379712180659019,0.5220031427533425,0,0,9938000.0,0.43488372093023253,0.47386172006745364,2736000.0,0,1,36,486.0
401,3070000.0,24.0,0.4074136609653927,0.0,0.0,2800000.0,0.468085106382978,0.4694783573806881,0.3900197525554698,0.44281793229643185,0.46907216438869503,0.5171573620994421,0.5035331693654489,0,0,480871000.0,0.45364536453645365,0.45443645083932854,2739000.0,0,1,40,490.0
402,180000.0,16.0,0.44387755113454985,0.0,0.0,0.0,0.44040247678018574,0.4336917562724873,0.5375745064065167,0.45475113122171945,0.45864649596466484,0.43679650911494705,0.4014334059125707,0,0,1095000.0,0.4568764568764569,0.45443645083932854,224000.0,0,0,36,687.0
403,100000.0,3.0,0.4646406293882584,0.0,0.0,605344.4272445821,0.468085106382978,0.4539823008849557,0.4956486747857908,0.44281793229643185,0.5063919873437158,0.46365822718746796,0.47190419232428393,1,0,4250000.0,0.43488372093023253,0.44892221180880976,105000.0,1,1,39,423.0
404,130000.0,10.0,0.46341463401227523,0.0,0.0,605344.4272445821,0.45774647887323944,0.4694783573806881,0.4415584526838991,0.45475113122171945,0.4511627906899892,0.379712180659019,0.4425020459775707,0,0,756000.0,0.4568764568764569,0.44892221180880976,130000.0,0,1,37,501.0
405,1990000.0,18.0,0.4646406293882584,0.0,0.0,3310000.0,0.44040247678018574,0.4539823008849557,0.3900197525554698,0.45045045045045046,0.44230917465915276,0.5171573620994421,0.469407833203183,0,0,12084000.0,0.45364536453645365,0.47386172006745364,1639000.0,0,1,33,565.0
406,580000.0,12.0,0.46341463401227523,82.40884820747522,114.68688024408848,0.0,0.45774647887323944,0.4129263913824057,0.5375745064065167,0.45045045045045046,0.3739186560656616,0.4757214900689184,0.36719335159199484,0,0,17710000.0,0.45364536453645365,0.44892221180880976,2267000.0,0,0,33,642.0
407,610000.0,14.0,0.4468949699527549,0.0,0.0,0.0,0.468085106382978,0.4539823008849557,0.5165869667180779,0.45433255269320844,0.4905583684264643,0.5171573620994421,0.4425020459775707,0,0,3870000.0,0.45364536453645365,0.44892221180880976,696000.0,0,1,34,539.0
408,90000.0,12.0,0.45885149198403496,441.0,441.0,50000.0,0.45774647887323944,0.4539823008849557,0.4956486747857908,0.44281793229643185,0.4511627906899892,0.43679650911494705,0.4653190175668822,1,0,1162000.0,0.45364536453645365,0.45443645083932854,152000.0,1,0,38,323.0
409,1070000.0,14.0,0.3971634082048179,0.0,30.0,30000.0,0.468085106382978,0.4694783573806881,0.4956486747857908,0.45475113122171945,0.43096844666979034,0.46721243412305624,0.4545481381730755,1,0,4303000.0,0.4568764568764569,0.47386172006745364,843000.0,1,1,34,446.0
410,200000.0,12.0,0.44387755113454985,0.0,0.0,150000.0,0.44040247678018574,0.4539823008849557,0.43902472242345825,0.44281793229643185,0.4583333330136348,0.3965552694677991,0.5602211136196202,1,1,1518000.0,0.4568764568764569,0.39678284182305634,210000.0,1,1,39,401.0
411,160000.0,13.0,0.4498690306228219,0.0,0.0,0.0,0.468085106382978,0.4539823008849557,0.5363528439845596,0.44281793229643185,0.4583333330136348,0.46721243412305624,0.4014334059125707,0,0,5854000.0,0.43488372093023253,0.47386172006745364,873000.0,0,1,37,325.0
412,180000.0,14.0,0.4498690306228219,0.0,0.0,0.0,0.45774647887323944,0.4694783573806881,0.44545497076419477,0.44281793229643185,0.4230769551118841,0.4444688960343153,0.490206851056817,0,0,2280000.0,0.43488372093023253,0.45443645083932854,278000.0,0,0,37,423.0
413,200000.0,16.0,0.4581005575150995,82.40884820747522,114.68688024408848,605344.4272445821,0.45774647887323944,0.4694783573806881,0.4485294151733482,0.45475113122171945,0.4835606203192975,0.4395681403885853,0.45989425850057764,1,1,1148000.0,0.45364536453645365,0.44892221180880976,180000.0,1,0,36,349.0
414,2930000.0,35.0,0.3928574872021717,0.0,158.0,640000.0,0.44040247678018574,0.4539823008849557,0.3442355460389141,0.44281793229643185,0.4905583684264643,0.3680899177448659,0.40582917672392776,0,0,34261000.0,0.45364536453645365,0.44892221180880976,2927000.0,0,1,39,424.0
415,190000.0,19.0,0.46341463401227523,0.0,0.0,20000.0,0.44040247678018574,0.4694783573806881,0.4799991436755424,0.45475113122171945,0.45864649596466484,0.5217257015040757,0.4696533706380367,0,0,826000.0,0.43488372093023253,0.39678284182305634,161000.0,0,0,36,406.0
416,1490000.0,14.0,0.4646406293882584,0.0,0.0,0.0,0.468085106382978,0.4129263913824057,0.46428416000978534,0.45045045045045046,0.4511627906899892,0.36975187045665187,0.36641942856818427,0,0,9049000.0,0.4568764568764569,0.44892221180880976,1660000.0,0,0,36,572.0
417,120000.0,13.0,0.44387755113454985,0.0,0.0,605344.4272445821,0.44040247678018574,0.4129263913824057,0.5159288114711631,0.45475113122171945,0.4230769551118841,0.45677246944372973,0.4375202018743684,0,0,948000.0,0.45364536453645365,0.45443645083932854,102000.0,0,1,37,380.0
418,110000.0,10.0,0.471073469342046,0.0,0.0,0.0,0.44040247678018574,0.4129263913824057,0.4799991436755424,0.44281793229643185,0.414225941433284,0.5171573620994421,0.4270121893767379,1,0,928000.0,0.4568764568764569,0.45443645083932854,139000.0,1,0,37,471.0
419,230000.0,14.0,0.4498690306228219,0.0,0.0,0.0,0.44040247678018574,0.4539823008849557,0.5375745064065167,0.44281793229643185,0.43096844666979034,0.5164278000280932,0.5233562461236126,0,0,8090000.0,0.45364536453645365,0.47386172006745364,1488000.0,0,0,35,327.0
420,1230000.0,16.0,0.4498690306228219,0.0,60.0,2030000.0,0.44040247678018574,0.4539823008849557,0.45782858909969404,0.45475113122171945,0.5031846524456339,0.36975187045665187,0.40526968668929697,0,0,5469000.0,0.4568764568764569,0.45443645083932854,1444000.0,0,1,36,574.0
421,3260000.0,15.0,0.43673114297615767,360.0,360.0,70000.0,0.468085106382978,0.4539823008849557,0.5254093931718659,0.45433255269320844,0.5592064152301905,0.45677246944372973,0.47514234773523084,0,0,29372000.0,0.45364536453645365,0.45443645083932854,5166000.0,0,0,34,553.0
422,3420000.0,16.0,0.4646406293882584,0.0,0.0,190000.0,0.468085106382978,0.4539823008849557,0.4485294151733482,0.44281793229643185,0.5031846524456339,0.3750074661878128,0.41240204586511464,1,0,30266000.0,0.4568764568764569,0.45443645083932854,4384000.0,1,0,34,378.0
423,1910000.0,3.0,0.4646406293882584,82.40884820747522,114.68688024408848,605344.4272445821,0.45774647887323944,0.4539823008849557,0.4799991436755424,0.45045045045045046,0.46907216438869503,0.3810650946770142,0.42117558521355203,0,0,9704000.0,0.43488372093023253,0.45443645083932854,1994000.0,0,0,32,458.0
424,940000.0,14.0,0.4468949699527549,14.0,14.0,1290000.0,0.45774647887323944,0.4694783573806881,0.36271363783177113,0.45475113122171945,0.37758024313602523,0.37737165958551677,0.41047292637935173,1,0,30777000.0,0.4568764568764569,0.45443645083932854,3460000.0,1,0,39,693.0
425,170000.0,11.0,0.4360903840722853,0.0,0.0,0.0,0.45774647887323944,0.4694783573806881,0.4415584526838991,0.45475113122171945,0.5063919873437158,0.46721243412305624,0.490206851056817,1,0,6134000.0,0.45364536453645365,0.44892221180880976,721000.0,1,0,38,425.0
426,80000.0,11.0,0.4844907454931315,0.0,360.0,2380000.0,0.45774647887323944,0.4694783573806881,0.3971634082048179,0.44281793229643185,0.5031846524456339,0.5217257015040757,0.42220278660777283,1,0,5621000.0,0.43488372093023253,0.44892221180880976,919000.0,1,0,36,365.0
427,650000.0,15.0,0.4844907454931315,82.40884820747522,114.68688024408848,0.0,0.468085106382978,0.4129263913824057,0.44545497076419477,0.44281793229643185,0.4468097890743483,0.43574970796090917,0.45614969689847273,0,0,50151000.0,0.43488372093023253,0.44892221180880976,1009000.0,0,1,32,487.0
428,110000.0,14.0,0.40004455157916113,0.0,0.0,50000.0,0.45774647887323944,0.4539823008849557,0.5069442053895509,0.44281793229643185,0.5315593642552221,0.531814720884261,0.4545481381730755,0,1,669000.0,0.45364536453645365,0.45443645083932854,94000.0,0,1,36,401.0
429,160000.0,14.0,0.46341463401227523,0.0,0.0,0.0,0.468085106382978,0.4129263913824057,0.4214287402257545,0.44281793229643185,0.43697478992002986,0.3750074661878128,0.5081959184294307,1,0,239661000.0,0.4568764568764569,0.44892221180880976,2704000.0,1,0,38,684.0
430,2260000.0,10.0,0.43673114297615767,82.40884820747522,114.68688024408848,605344.4272445821,0.45774647887323944,0.4539823008849557,0.4956486747857908,0.45433255269320844,0.4835606203192975,0.4859069669135048,0.4771498533714657,1,1,16296000.0,0.4568764568764569,0.45443645083932854,3138000.0,1,0,33,521.0
431,230000.0,14.0,0.4906797478948485,0.0,0.0,0.0,0.45774647887323944,0.4694783573806881,0.5257384019435941,0.45475113122171945,0.45864649596466484,0.49482456551750875,0.45989425850057764,0,0,2858000.0,0.4568764568764569,0.39678284182305634,505000.0,0,0,35,465.0
432,230000.0,13.0,0.45813033217197885,325.0,325.0,20000.0,0.44040247678018574,0.4336917562724873,0.4214287402257545,0.45433255269320844,0.4583333330136348,0.36975187045665187,0.4771498533714657,0,1,2657000.0,0.43488372093023253,0.44892221180880976,381000.0,0,0,39,312.0
433,190000.0,10.0,0.49269077310150705,851.0,851.0,0.0,0.468085106382978,0.4129263913824057,0.476615203163763,0.45475113122171945,0.3739186560656616,0.5183627257078485,0.4653190175668822,1,0,4476000.0,0.43488372093023253,0.44892221180880976,511000.0,1,0,37,626.0
434,130000.0,11.0,0.4615356204904945,355.0,360.0,1580000.0,0.44040247678018574,0.4129263913824057,0.45782858909969404,0.4106715025408491,0.4583333330136348,0.5071462083323844,0.42220278660777283,0,0,1558000.0,0.45364536453645365,0.39678284182305634,129000.0,0,1,36,547.0
435,130000.0,14.0,0.4844907454931315,0.0,0.0,0.0,0.44040247678018574,0.4539823008849557,0.5375745064065167,0.44281793229643185,0.45890407585949666,0.43679650911494705,0.3244469103797425,0,0,575000.0,0.45364536453645365,0.45443645083932854,126000.0,0,0,37,409.0
436,4060000.0,19.0,0.46341463401227523,0.0,0.0,0.0,0.44040247678018574,0.4694783573806881,0.43902472242345825,0.44281793229643185,0.43096844666979034,0.46721243412305624,0.5233562461236126,0,1,91254000.0,0.45364536453645365,0.39678284182305634,5075000.0,0,0,36,473.0
437,160000.0,11.0,0.4074136609653927,0.0,30.0,510000.0,0.44040247678018574,0.4694783573806881,0.5363528439845596,0.45045045045045046,0.43697478992002986,0.4444688960343153,0.3580839468498659,0,0,1093000.0,0.4568764568764569,0.47386172006745364,152000.0,0,1,36,374.0
438,200000.0,13.0,0.44387755113454985,911.0,911.0,260000.0,0.45774647887323944,0.4539823008849557,0.4415584526838991,0.45475113122171945,0.4687495951044435,0.4757214900689184,0.5485893972844256,1,1,35809000.0,0.43488372093023253,0.47386172006745364,3596000.0,1,0,37,396.0
439,160000.0,2.0,0.46341463401227523,0.0,4.0,360000.0,0.468085106382978,0.4694783573806881,0.470084171924464,0.44281793229643185,0.45864649596466484,0.4339650140059905,0.4769970982233268,1,1,6265000.0,0.45364536453645365,0.39678284182305634,1139000.0,1,1,40,426.0
440,140000.0,11.0,0.45453917520963155,0.0,0.0,70000.0,0.44040247678018574,0.4694783573806881,0.4415584526838991,0.45433255269320844,0.4230769551118841,0.4339650140059905,0.490206851056817,1,0,983000.0,0.4568764568764569,0.47386172006745364,201000.0,1,0,38,604.0
441,170000.0,14.0,0.5065614987246854,0.0,0.0,0.0,0.45774647887323944,0.4129263913824057,0.46428416000978534,0.44281793229643185,0.45864649596466484,0.5217257015040757,0.348329989309645,0,0,3390000.0,0.43488372093023253,0.44892221180880976,452000.0,0,0,37,403.0
442,200000.0,13.0,0.43673114297615767,562.0,562.0,200000.0,0.468085106382978,0.4129263913824057,0.5375745064065167,0.45475113122171945,0.44230917465915276,0.5171573620994421,0.45200464380003236,0,1,2684000.0,0.43488372093023253,0.47386172006745364,372000.0,0,0,41,506.0
443,1350000.0,13.0,0.4074136609653927,6.0,6.0,1600000.0,0.44040247678018574,0.4539823008849557,0.44545497076419477,0.44281793229643185,0.414225941433284,0.45677246944372973,0.4994506452738054,1,0,9823000.0,0.43488372093023253,0.44892221180880976,1239000.0,1,1,37,661.0
444,2330000.0,14.0,0.45453917520963155,0.0,0.0,0.0,0.45774647887323944,0.4539823008849557,0.4956486747857908,0.44281793229643185,0.414225941433284,0.5183627257078485,0.5157460113123283,0,0,16166000.0,0.45364536453645365,0.39678284182305634,2988000.0,0,0,34,351.0
445,210000.0,13.0,0.45885149198403496,999.0,999.0,230000.0,0.468085106382978,0.4539823008849557,0.4415584526838991,0.45475113122171945,0.5031846524456339,0.43574970796090917,0.4543800115079512,0,0,10459000.0,0.43488372093023253,0.44892221180880976,1476000.0,0,0,37,499.0
446,5930000.0,17.0,0.3971634082048179,0.0,120.0,1920000.0,0.45774647887323944,0.4694783573806881,0.470084171924464,0.44281793229643185,0.4604834864076457,0.4468949699527549,0.4375202018743684,1,0,93661000.0,0.45364536453645365,0.39678284182305634,4480000.0,1,0,36,467.0
447,690000.0,13.0,0.4747378959928985,82.40884820747522,114.68688024408848,0.0,0.468085106382978,0.4129263913824057,0.3442355460389141,0.45045045045045046,0.5592064152301905,0.5164278000280932,0.41047292637935173,0,0,3538000.0,0.45364536453645365,0.47386172006745364,688000.0,0,0,33,422.0
448,220000.0,14.0,0.4360903840722853,0.0,0.0,0.0,0.44040247678018574,0.4539823008849557,0.4799991436755424,0.44281793229643185,0.46907216438869503,0.40235614355016347,0.42220278660777283,0,1,2659000.0,0.4568764568764569,0.47386172006745364,437000.0,0,0,38,538.0
449,160000.0,15.0,0.43673114297615767,0.0,0.0,0.0,0.44040247678018574,0.4336917562724873,0.470084171924464,0.44281793229643185,0.5063919873437158,0.36975187045665187,0.49141635626861524,0,1,982000.0,0.45364536453645365,0.47386172006745364,214000.0,0,0,37,299.0
450,150000.0,13.0,0.4220779627191293,999.0,999.0,430000.0,0.468085106382978,0.4694783573806881,0.30013565669860115,0.44281793229643185,0.45890407585949666,0.46365822718746796,0.45200464380003236,0,1,1069000.0,0.45364536453645365,0.39678284182305634,171000.0,0,0,37,568.0
451,890000.0,14.0,0.4074136609653927,0.0,0.0,1010000.0,0.44040247678018574,0.4539823008849557,0.3442355460389141,0.45433255269320844,0.4230769551118841,0.3965552694677991,0.36719335159199484,0,0,1848000.0,0.43488372093023253,0.47386172006745364,1097000.0,0,1,32,620.0
452,170000.0,12.0,0.4844907454931315,0.0,0.0,0.0,0.44040247678018574,0.4336917562724873,0.4268739712093834,0.45475113122171945,0.4511627906899892,0.46365822718746796,0.6100509010581558,0,0,2255000.0,0.43488372093023253,0.47386172006745364,268000.0,0,0,36,349.0
453,1480000.0,10.0,0.4615356204904945,0.0,0.0,0.0,0.44040247678018574,0.4539823008849557,0.4415584526838991,0.45045045045045046,0.4604834864076457,0.5071462083323844,0.46016463299084465,1,0,8506000.0,0.43488372093023253,0.44892221180880976,1156000.0,1,1,39,686.0
454,1540000.0,32.0,0.44387755113454985,0.0,0.0,605344.4272445821,0.45774647887323944,0.4129263913824057,0.40571030945850584,0.45433255269320844,0.43697478992002986,0.45192239757482366,0.5247762159801056,0,1,2595000.0,0.45364536453645365,0.44892221180880976,1352000.0,0,1,40,310.0
455,160000.0,13.0,0.5628080317442733,0.0,0.0,0.0,0.45774647887323944,0.4539823008849557,0.4799991436755424,0.44281793229643185,0.4583333330136348,0.3965552694677991,0.4994506452738054,0,1,6745000.0,0.45364536453645365,0.45443645083932854,1362000.0,0,0,37,603.0
456,240000.0,19.0,0.45453917520963155,0.0,0.0,0.0,0.44040247678018574,0.4129263913824057,0.470084171924464,0.45475113122171945,0.4687495951044435,0.36975187045665187,0.5363489679286931,0,1,2218000.0,0.45364536453645365,0.47386172006745364,192000.0,0,1,37,426.0
457,910000.0,13.0,0.44387755113454985,0.0,0.0,0.0,0.45774647887323944,0.4336917562724873,0.4505327389584535,0.44281793229643185,0.46907216438869503,0.5164278000280932,0.39551727687191446,1,0,5028000.0,0.43488372093023253,0.44892221180880976,939000.0,1,0,37,503.0
458,230000.0,11.0,0.4220779627191293,0.0,0.0,200000.0,0.45774647887323944,0.4539823008849557,0.30013565669860115,0.45475113122171945,0.417393662751422,0.45331529430883266,0.39551727687191446,0,0,4373000.0,0.45364536453645365,0.44892221180880976,546000.0,0,0,36,448.0
459,3490000.0,17.0,0.471073469342046,243.0,0.0,90000.0,0.45774647887323944,0.4129263913824057,0.30013565669860115,0.44281793229643185,0.45890407585949666,0.3680899177448659,0.37349412684595773,0,1,49456000.0,0.4568764568764569,0.44892221180880976,4509000.0,0,1,32,466.89744512414535
460,220000.0,11.0,0.5628080317442733,0.0,0.0,0.0,0.44040247678018574,0.4694783573806881,0.5069442053895509,0.44281793229643185,0.5031846524456339,0.45192239757482366,0.5247762159801056,0,0,1556000.0,0.4568764568764569,0.44892221180880976,225000.0,0,0,37,333.0
461,220000.0,17.0,0.4074136609653927,0.0,0.0,10000.0,0.45774647887323944,0.4694783573806881,0.4214287402257545,0.45475113122171945,0.5031846524456339,0.46721243412305624,0.3758582472222368,0,0,1140000.0,0.4568764568764569,0.44892221180880976,227000.0,0,0,36,512.0
462,160000.0,14.0,0.4220779627191293,82.40884820747522,114.68688024408848,605344.4272445821,0.44040247678018574,0.4336917562724873,0.4799991436755424,0.45433255269320844,0.45864649596466484,0.4444688960343153,0.5247762159801056,0,0,912000.0,0.45364536453645365,0.47386172006745364,191000.0,0,0,37,421.0
463,210000.0,11.0,0.4646406293882584,0.0,0.0,0.0,0.45774647887323944,0.4694783573806881,0.3900197525554698,0.45475113122171945,0.45890407585949666,0.3721191346526487,0.5602211136196202,0,0,1581000.0,0.45364536453645365,0.47386172006745364,193000.0,0,0,37,436.0
464,1320000.0,10.0,0.35775698265868106,0.0,0.0,0.0,0.45774647887323944,0.4539823008849557,0.5069442053895509,0.45045045045045046,0.45864649596466484,0.46721243412305624,0.3758582472222368,0,0,11119000.0,0.45364536453645365,0.47386172006745364,1492000.0,0,1,38,466.89744512414535
465,1450000.0,16.0,0.40004455157916113,0.0,0.0,0.0,0.45774647887323944,0.4539823008849557,0.4956486747857908,0.44281793229643185,0.4230769551118841,0.5171573620994421,0.423941142391273,1,0,7363000.0,0.43488372093023253,0.39678284182305634,1238000.0,1,0,36,411.0
466,220000.0,12.0,0.4220779627191293,0.0,0.0,0.0,0.44040247678018574,0.4539823008849557,0.4415584526838991,0.45045045045045046,0.5031846524456339,0.49482456551750875,0.47861847593310247,0,0,1677000.0,0.43488372093023253,0.45443645083932854,263000.0,0,0,38,417.0
467,1970000.0,13.0,0.4220779627191293,0.0,0.0,0.0,0.44040247678018574,0.4129263913824057,0.4956486747857908,0.44281793229643185,0.4468097890743483,0.4321363669380822,0.44169753216105057,0,0,11041000.0,0.45364536453645365,0.44892221180880976,2739000.0,0,0,33,359.0
468,2670000.0,33.0,0.4646406293882584,0.0,0.0,0.0,0.44040247678018574,0.4129263913824057,0.4415584526838991,0.45433255269320844,0.34356713843530684,0.45331529430883266,0.5485893972844256,0,0,16661000.0,0.4568764568764569,0.45443645083932854,3446000.0,0,0,40,634.0
469,2870000.0,27.0,0.3928574872021717,0.0,0.0,1080000.0,0.44040247678018574,0.4336917562724873,0.4485294151733482,0.45045045045045046,0.4511627906899892,0.40235614355016347,0.46016463299084465,0,1,33138000.0,0.45364536453645365,0.47386172006745364,2676000.0,0,0,39,443.0
470,1560000.0,12.0,0.4906797478948485,323.0,323.0,100000.0,0.44040247678018574,0.4539823008849557,0.3442355460389141,0.44281793229643185,0.414225941433284,0.36975187045665187,0.5035331693654489,0,1,24892000.0,0.4568764568764569,0.44892221180880976,2482000.0,0,0,38,442.0
471,170000.0,12.0,0.4074136609653927,82.40884820747522,114.68688024408848,605344.4272445821,0.44040247678018574,0.4539823008849557,0.41581515781000167,0.45475113122171945,0.37758024313602523,0.43679650911494705,0.4626438500979087,0,0,23861000.0,0.43488372093023253,0.47386172006745364,2940000.0,0,0,36,480.0
472,190000.0,12.0,0.4360903840722853,583.0,583.0,120000.0,0.45774647887323944,0.4694783573806881,0.5257384019435941,0.45433255269320844,0.4687495951044435,0.46721243412305624,0.4375202018743684,1,0,1681000.0,0.43488372093023253,0.47386172006745364,305000.0,1,0,37,459.0
473,480000.0,18.0,0.45453917520963155,102.0,0.0,20000.0,0.468085106382978,0.4129263913824057,0.44545497076419477,0.44281793229643185,0.34356713843530684,0.4321363669380822,0.36641942856818427,1,1,2559000.0,0.43488372093023253,0.45443645083932854,446000.0,1,1,34,338.0
474,160000.0,11.0,0.4468949699527549,108.0,108.0,190000.0,0.468085106382978,0.4694783573806881,0.5257384019435941,0.45475113122171945,0.5031846524456339,0.5164278000280932,0.40571030945850584,1,0,5085000.0,0.45364536453645365,0.45443645083932854,589000.0,1,0,38,454.0
475,190000.0,10.0,0.4668770371178462,0.0,0.0,0.0,0.45774647887323944,0.4539823008849557,0.3971634082048179,0.45433255269320844,0.45890407585949666,0.5183627257078485,0.4543800115079512,1,0,1168000.0,0.43488372093023253,0.44892221180880976,177000.0,1,1,38,324.0
476,100000.0,19.0,0.4774317289223725,0.0,0.0,190000.0,0.44040247678018574,0.4694783573806881,0.4505327389584535,0.44281793229643185,0.43697478992002986,0.4444688960343153,0.36719335159199484,1,0,1396000.0,0.45364536453645365,0.45443645083932854,117000.0,1,0,38,350.0
477,860000.0,13.0,0.4360903840722853,82.40884820747522,114.68688024408848,605344.4272445821,0.44040247678018574,0.4539823008849557,0.4799991436755424,0.44281793229643185,0.44230917465915276,0.4859069669135048,0.36719335159199484,0,0,179329000.0,0.4568764568764569,0.44892221180880976,3470000.0,0,0,36,562.0
478,2520000.0,28.0,0.40004455157916113,0.0,0.0,0.0,0.45774647887323944,0.4129263913824057,0.3442355460389141,0.44281793229643185,0.5315593642552221,0.4468949699527549,0.4789986557881242,0,1,11638000.0,0.43488372093023253,0.47386172006745364,2550000.0,0,0,38,411.0
479,3020000.0,17.0,0.46341463401227523,295.0,295.0,550000.0,0.45774647887323944,0.4694783573806881,0.470084171924464,0.44281793229643185,0.4583333330136348,0.5164278000280932,0.4270121893767379,1,0,111989000.0,0.43488372093023253,0.44892221180880976,2712000.0,1,0,36,483.0
480,180000.0,14.0,0.4581005575150995,1081.0,1081.0,640000.0,0.40000603415401237,0.4694783573806881,0.3931036562142931,0.44281793229643185,0.5031846524456339,0.4395681403885853,0.4278491036733748,1,0,95362000.0,0.4568764568764569,0.45443645083932854,1421000.0,1,1,38,474.0
481,180000.0,13.0,0.4668770371178462,1324.0,1324.0,130000.0,0.44040247678018574,0.4694783573806881,0.5069442053895509,0.44281793229643185,0.43697478992002986,0.5164278000280932,0.4696533706380367,1,0,1766000.0,0.4568764568764569,0.45443645083932854,309000.0,1,0,37,342.0
482,240000.0,14.0,0.4844907454931315,82.40884820747522,114.68688024408848,0.0,0.45774647887323944,0.4129263913824057,0.3442355460389141,0.44281793229643185,0.414225941433284,0.3965552694677991,0.49646711594687815,0,0,17076000.0,0.44758586022284785,0.45443645083932854,2534000.0,0,1,33,626.0
483,410000.0,12.0,0.3892717187010617,0.0,0.0,210000.0,0.44040247678018574,0.4694783573806881,0.3900197525554698,0.45433255269320844,0.4230769551118841,0.37737165958551677,0.48822655398093273,0,0,1031000.0,0.45364536453645365,0.44892221180880976,412000.0,0,1,37,432.0
484,150000.0,10.0,0.3892717187010617,0.0,0.0,0.0,0.45774647887323944,0.4129263913824057,0.3442355460389141,0.45433255269320844,0.43096844666979034,0.4444688960343153,0.41047292637935173,1,0,9295000.0,0.45364536453645365,0.44892221180880976,1891000.0,1,0,36,522.0
485,190000.0,11.0,0.4220779627191293,548.0,548.0,190000.0,0.468085106382978,0.4694783573806881,0.5056772402445142,0.44281793229643185,0.45864649596466484,0.45192239757482366,0.44169753216105057,1,0,3180000.0,0.43488372093023253,0.44892221180880976,358000.0,1,0,39,592.0
486,1250000.0,18.0,0.4706709757445273,300.0,300.0,20000.0,0.468085106382978,0.4694783573806881,0.3931036562142931,0.44281793229643185,0.4511627906899892,0.45192239757482366,0.5363489679286931,1,0,5563000.0,0.45364536453645365,0.45443645083932854,1524000.0,1,0,35,466.89744512414535
487,230000.0,14.0,0.35775698265868106,0.0,0.0,0.0,0.45774647887323944,0.4539823008849557,0.5375745064065167,0.45045045045045046,0.43096844666979034,0.3750074661878128,0.40571030945850584,0,1,2861000.0,0.43488372093023253,0.39678284182305634,448000.0,0,0,36,569.0
488,200000.0,10.0,0.4581005575150995,0.0,0.0,50000.0,0.44040247678018574,0.4129263913824057,0.4956486747857908,0.44281793229643185,0.5592064152301905,0.5164278000280932,0.5363489679286931,1,0,20542000.0,0.45364536453645365,0.39678284182305634,3134000.0,1,0,37,391.0
489,140000.0,11.0,0.45453917520963155,12.0,22.0,180000.0,0.468085106382978,0.4129263913824057,0.4485294151733482,0.45475113122171945,0.45864649596466484,0.4859069669135048,0.3580839468498659,0,0,1412000.0,0.45364536453645365,0.47386172006745364,143000.0,0,1,39,492.0
490,5160000.0,18.0,0.4498690306228219,1.0,0.0,0.0,0.44040247678018574,0.4129263913824057,0.4799991436755424,0.45433255269320844,0.414225941433284,0.45192239757482366,0.37192363309077975,1,1,83703000.0,0.43488372093023253,0.39678284182305634,4594000.0,1,0,33,452.0
491,190000.0,14.0,0.4220779627191293,1157.0,1157.0,130000.0,0.45774647887323944,0.4336917562724873,0.470084171924464,0.44281793229643185,0.4230769551118841,0.4444688960343153,0.5233562461236126,0,0,1240000.0,0.45364536453645365,0.45443645083932854,208000.0,0,0,36,556.0
492,3170000.0,10.0,0.35775698265868106,0.0,0.0,0.0,0.45774647887323944,0.4539823008849557,0.36271363783177113,0.45475113122171945,0.44230917465915276,0.3810650946770142,0.41315158258670154,1,0,21241000.0,0.45364536453645365,0.45443645083932854,2743000.0,1,0,40,361.0
493,150000.0,12.0,0.44387755113454985,449.0,449.0,220000.0,0.44040247678018574,0.4539823008849557,0.3971634082048179,0.45475113122171945,0.4468097890743483,0.3965552694677991,0.4545481381730755,1,0,5856000.0,0.45364536453645365,0.47386172006745364,1089000.0,1,0,37,422.0
494,200000.0,14.0,0.4360903840722853,0.0,0.0,20000.0,0.45774647887323944,0.4694783573806881,0.4799991436755424,0.45045045045045046,0.45864649596466484,0.5164278000280932,0.4037095629016318,0,1,1661000.0,0.4568764568764569,0.44892221180880976,275000.0,0,0,37,523.0
495,170000.0,13.0,0.5628080317442733,0.0,0.0,30000.0,0.468085106382978,0.4694783573806881,0.5069442053895509,0.45475113122171945,0.3739186560656616,0.4339650140059905,0.348329989309645,0,0,8439000.0,0.45364536453645365,0.47386172006745364,652000.0,0,1,37,464.0
496,1150000.0,28.0,0.4581005575150995,0.0,0.0,70000.0,0.44040247678018574,0.4539823008849557,0.3900197525554698,0.45045045045045046,0.414225941433284,0.3750074661878128,0.49646711594687815,0,0,4361000.0,0.4568764568764569,0.47386172006745364,1372000.0,0,0,40,570.0
497,2250000.0,3.0,0.45453917520963155,82.40884820747522,114.68688024408848,0.0,0.45774647887323944,0.4694783573806881,0.44545497076419477,0.45433255269320844,0.4230769551118841,0.4339650140059905,0.39551727687191446,0,0,10263000.0,0.45364536453645365,0.47386172006745364,1723000.0,0,0,32,391.0
498,110000.0,12.0,0.4646406293882584,0.0,0.0,0.0,0.44040247678018574,0.4336917562724873,0.4415584526838991,0.45475113122171945,0.414225941433284,0.45192239757482366,0.4037095629016318,0,0,177000.0,0.4568764568764569,0.44892221180880976,155000.0,0,1,36,374.0
499,1300000.0,18.0,0.471073469342046,30.0,30.0,1720000.0,0.45774647887323944,0.4129263913824057,0.5363528439845596,0.45475113122171945,0.493908884521716,0.45192239757482366,0.41315158258670154,0,0,5901000.0,0.4568764568764569,0.45443645083932854,1304000.0,0,1,33,487.0
500,1230000.0,18.0,0.40004455157916113,0.0,0.0,760000.0,0.468085106382978,0.4694783573806881,0.4485294151733482,0.44281793229643185,0.3739186560656616,0.3680899177448659,0.4505327389584535,1,1,7197000.0,0.4568764568764569,0.47386172006745364,1380000.0,1,0,35,548.0
501,3250000.0,19.0,0.4220779627191293,0.0,0.0,0.0,0.45774647887323944,0.4539823008849557,0.5159288114711631,0.45045045045045046,0.4230769551118841,0.45192239757482366,0.4106715025408491,0,0,12206000.0,0.43488372093023253,0.47386172006745364,2900000.0,0,0,34,407.0
502,670000.0,17.0,0.4581005575150995,0.0,0.0,0.0,0.44040247678018574,0.4336917562724873,0.3900197525554698,0.44281793229643185,0.414225941433284,0.4321363669380822,0.5220031427533425,0,0,26812000.0,0.4568764568764569,0.44892221180880976,710000.0,0,1,37,593.0
503,900000.0,14.0,0.40004455157916113,82.40884820747522,114.68688024408848,0.0,0.45774647887323944,0.4336917562724873,0.38083308316558756,0.45475113122171945,0.46907216438869503,0.45331529430883266,0.3244469103797425,0,0,4186000.0,0.45364536453645365,0.45443645083932854,885000.0,0,1,34,632.0
504,170000.0,13.0,0.3971634082048179,0.0,0.0,610000.0,0.45774647887323944,0.4694783573806881,0.5056772402445142,0.44281793229643185,0.4468097890743483,0.45677246944372973,0.31886873294614065,1,1,2292000.0,0.4568764568764569,0.44892221180880976,300000.0,1,0,36,426.0
505,110000.0,13.0,0.45453917520963155,0.0,0.0,120000.0,0.44040247678018574,0.4539823008849557,0.4415584526838991,0.44281793229643185,0.45890407585949666,0.40235614355016347,0.44084111937285236,1,1,961000.0,0.43488372093023253,0.45443645083932854,123000.0,1,1,38,317.0
506,180000.0,3.0,0.3928574872021717,0.0,0.0,10000.0,0.44040247678018574,0.4539823008849557,0.5069442053895509,0.45475113122171945,0.414225941433284,0.4658901691183491,0.44084111937285236,0,0,6006000.0,0.4568764568764569,0.44892221180880976,172000.0,0,1,39,431.0
507,180000.0,13.0,0.5065614987246854,0.0,0.0,0.0,0.45774647887323944,0.4694783573806881,0.5257384019435941,0.44281793229643185,0.5031846524456339,0.4339650140059905,0.31886873294614065,0,1,1650000.0,0.45364536453645365,0.44892221180880976,329000.0,0,0,41,466.89744512414535
508,160000.0,14.0,0.4220779627191293,404.0,404.0,380000.0,0.45774647887323944,0.4694783573806881,0.4485294151733482,0.45475113122171945,0.46907216438869503,0.4658901691183491,0.4789986557881242,1,0,69306000.0,0.45364536453645365,0.45443645083932854,5629000.0,1,0,37,472.0
509,500000.0,17.0,0.3928574872021717,0.0,0.0,0.0,0.45774647887323944,0.4694783573806881,0.4485294151733482,0.45475113122171945,0.43697478992002986,0.43574970796090917,0.5023579265365139,0,1,1802000.0,0.43488372093023253,0.44892221180880976,507000.0,0,1,35,468.0
510,200000.0,14.0,0.4581005575150995,1.0,1.0,0.0,0.44040247678018574,0.4539823008849557,0.470084171924464,0.44281793229643185,0.45890407585949666,0.37737165958551677,0.49141635626861524,0,0,17496000.0,0.4568764568764569,0.45443645083932854,170000.0,0,1,38,635.0
511,2020000.0,14.0,0.44387755113454985,417.0,417.0,1130000.0,0.40000603415401237,0.4539823008849557,0.4214287402257545,0.44281793229643185,0.4835606203192975,0.4444688960343153,0.4445473453127392,1,1,11966000.0,0.4568764568764569,0.39678284182305634,1936000.0,1,0,34,404.0
512,3150000.0,13.0,0.4220779627191293,82.40884820747522,114.68688024408848,0.0,0.45774647887323944,0.4539823008849557,0.4214287402257545,0.45433255269320844,0.37758024313602523,0.3810650946770142,0.5582615046868826,1,0,19523000.0,0.43488372093023253,0.39678284182305634,2402000.0,1,0,32,335.0
513,200000.0,26.0,0.4581005575150995,0.0,0.0,190000.0,0.44040247678018574,0.4539823008849557,0.4214287402257545,0.44281793229643185,0.4905583684264643,0.5217257015040757,0.5233562461236126,0,0,4444000.0,0.4568764568764569,0.44892221180880976,154000.0,0,1,39,511.0
514,190000.0,14.0,0.4646406293882584,82.40884820747522,114.68688024408848,605344.4272445821,0.44040247678018574,0.4539823008849557,0.5375745064065167,0.44281793229643185,0.4230769551118841,0.3965552694677991,0.49646711594687815,1,0,10000000.0,0.43488372093023253,0.39678284182305634,1547000.0,1,0,37,426.0
515,1840000.0,14.0,0.4220779627191293,0.0,0.0,0.0,0.44040247678018574,0.4129263913824057,0.5363528439845596,0.44281793229643185,0.4511627906899892,0.45677246944372973,0.3580839468498659,0,1,16475000.0,0.43488372093023253,0.39678284182305634,3013000.0,0,0,32,384.0
516,1770000.0,3.0,0.4668770371178462,82.40884820747522,114.68688024408848,605344.4272445821,0.45774647887323944,0.4539823008849557,0.5375745064065167,0.45475113122171945,0.37758024313602523,0.3965552694677991,0.5157460113123283,0,0,8899000.0,0.45364536453645365,0.44892221180880976,2330000.0,0,0,32,466.89744512414535
517,1930000.0,10.0,0.4360903840722853,0.0,0.0,0.0,0.45774647887323944,0.4539823008849557,0.3931036562142931,0.45475113122171945,0.4604834864076457,0.4444688960343153,0.49315734568265995,1,0,52514000.0,0.45364536453645365,0.47386172006745364,5130000.0,1,0,36,413.0
518,200000.0,11.0,0.4498690306228219,444.0,444.0,1280000.0,0.44040247678018574,0.4539823008849557,0.5069442053895509,0.44281793229643185,0.46907216438869503,0.43574970796090917,0.3244469103797425,0,0,3822000.0,0.4568764568764569,0.44892221180880976,517000.0,0,0,38,466.89744512414535
519,1520000.0,22.0,0.471073469342046,0.0,0.0,0.0,0.44040247678018574,0.4539823008849557,0.30013565669860115,0.45475113122171945,0.4905583684264643,0.5217257015040757,0.4653190175668822,1,1,10653000.0,0.45364536453645365,0.47386172006745364,3191000.0,1,0,39,674.0
520,170000.0,16.0,0.45453917520963155,0.0,0.0,0.0,0.44040247678018574,0.4539823008849557,0.4268739712093834,0.45475113122171945,0.46907216438869503,0.40235614355016347,0.4037095629016318,0,0,950000.0,0.45364536453645365,0.44892221180880976,135000.0,0,0,36,426.0
521,190000.0,11.0,0.35775698265868106,1440.0,1440.0,70000.0,0.45774647887323944,0.4694783573806881,0.43902472242345825,0.44281793229643185,0.4583333330136348,0.4859069669135048,0.4037095629016318,1,0,971000.0,0.44758586022284785,0.45443645083932854,206000.0,1,0,37,491.0
522,990000.0,14.0,0.46341463401227523,0.0,0.0,0.0,0.44040247678018574,0.4129263913824057,0.5257384019435941,0.44281793229643185,0.4604834864076457,0.5164278000280932,0.5233562461236126,0,1,11852000.0,0.45364536453645365,0.44892221180880976,2070000.0,0,0,37,466.89744512414535
523,160000.0,17.0,0.4074136609653927,0.0,0.0,70000.0,0.40000603415401237,0.4129263913824057,0.5056772402445142,0.45045045045045046,0.3739186560656616,0.3965552694677991,0.379712180659019,1,0,752000.0,0.43488372093023253,0.39678284182305634,153000.0,1,0,37,347.0
524,610000.0,13.0,0.5065614987246854,0.0,0.0,10000.0,0.45774647887323944,0.4539823008849557,0.5254093931718659,0.45045045045045046,0.493908884521716,0.4130722746472325,0.46016463299084465,0,0,17659000.0,0.4568764568764569,0.44892221180880976,2005000.0,0,0,34,360.0
525,220000.0,11.0,0.35775698265868106,0.0,0.0,0.0,0.44040247678018574,0.4539823008849557,0.4485294151733482,0.45475113122171945,0.46907216438869503,0.4831631253007048,0.42117558521355203,1,0,3917000.0,0.43488372093023253,0.44892221180880976,445000.0,1,1,33,404.0
526,210000.0,13.0,0.44387755113454985,295.0,295.0,30000.0,0.468085106382978,0.4539823008849557,0.4485294151733482,0.45045045045045046,0.4511627906899892,0.5491139021556548,0.4037095629016318,0,1,1894000.0,0.43488372093023253,0.47386172006745364,283000.0,0,0,38,314.0
527,3310000.0,12.0,0.4646406293882584,0.0,0.0,350000.0,0.45774647887323944,0.4694783573806881,0.43902472242345825,0.45475113122171945,0.43096844666979034,0.5164278000280932,0.4037095629016318,1,0,22482000.0,0.43488372093023253,0.44892221180880976,3416000.0,1,0,36,349.0
528,1580000.0,13.0,0.4844907454931315,0.0,0.0,0.0,0.44040247678018574,0.4336917562724873,0.416387268320036,0.44281793229643185,0.4583333330136348,0.46721243412305624,0.4106715025408491,0,0,8795000.0,0.45364536453645365,0.45443645083932854,1638000.0,0,1,35,345.0
529,220000.0,17.0,0.5065614987246854,0.0,0.0,10000.0,0.45774647887323944,0.4539823008849557,0.30013565669860115,0.45045045045045046,0.4511627906899892,0.4339650140059905,0.49141635626861524,0,1,7290000.0,0.43488372093023253,0.47386172006745364,234000.0,0,1,36,474.0
530,150000.0,10.0,0.4774317289223725,0.0,0.0,240000.0,0.45774647887323944,0.4694783573806881,0.5375745064065167,0.44281793229643185,0.4511627906899892,0.5071462083323844,0.4543800115079512,1,0,2722000.0,0.43488372093023253,0.44892221180880976,393000.0,1,1,41,435.0
531,90000.0,10.0,0.44387755113454985,0.0,0.0,60000.0,0.40000603415401237,0.4694783573806881,0.43902472242345825,0.45433255269320844,0.4687495951044435,0.49482456551750875,0.46629820821531875,0,0,2420000.0,0.45364536453645365,0.47386172006745364,337000.0,0,0,35,555.0
532,1260000.0,14.0,0.4615356204904945,0.0,0.0,0.0,0.44040247678018574,0.4694783573806881,0.476615203163763,0.45045045045045046,0.417393662751422,0.46365822718746796,0.5059471983688024,0,0,6898000.0,0.43488372093023253,0.45443645083932854,1700000.0,0,1,35,639.0
533,1980000.0,11.0,0.4220779627191293,28.0,28.0,4930000.0,0.45774647887323944,0.4539823008849557,0.30013565669860115,0.45045045045045046,0.4604834864076457,0.4395681403885853,0.45900943855115717,1,1,19142000.0,0.4568764568764569,0.39678284182305634,2223000.0,1,1,38,401.0
534,1330000.0,13.0,0.46341463401227523,0.0,0.0,0.0,0.468085106382978,0.4694783573806881,0.3900197525554698,0.44281793229643185,0.4511627906899892,0.3965552694677991,0.6100509010581558,1,0,9232000.0,0.45364536453645365,0.47386172006745364,2013000.0,1,0,37,416.0
535,5460000.0,13.0,0.4615356204904945,0.0,0.0,0.0,0.468085106382978,0.4129263913824057,0.44545497076419477,0.45045045045045046,0.414225941433284,0.531814720884261,0.43179497331840055,0,0,62512000.0,0.45364536453645365,0.45443645083932854,4426000.0,0,0,35,564.0
536,2820000.0,17.0,0.49269077310150705,0.0,0.0,3030000.0,0.44040247678018574,0.4539823008849557,0.4485294151733482,0.44281793229643185,0.43697478992002986,0.45331529430883266,0.4106715025408491,1,1,16879000.0,0.45364536453645365,0.45443645083932854,2877000.0,1,0,31,357.0
537,90000.0,10.0,0.4581005575150995,193.0,44742.0,1050000.0,0.45774647887323944,0.4694783573806881,0.46428416000978534,0.44281793229643185,0.417393662751422,0.5171573620994421,0.45745399554685107,0,0,721000.0,0.4568764568764569,0.47386172006745364,112000.0,0,0,37,561.0
538,140000.0,3.0,0.4581005575150995,0.0,0.0,0.0,0.45774647887323944,0.4129263913824057,0.38083308316558756,0.44281793229643185,0.44230917465915276,0.5183627257078485,0.45200464380003236,0,0,2109000.0,0.45364536453645365,0.44892221180880976,121000.0,0,1,40,636.0
539,150000.0,14.0,0.46341463401227523,0.0,0.0,0.0,0.468085106382978,0.4694783573806881,0.44545497076419477,0.44281793229643185,0.3739186560656616,0.40235614355016347,0.41315158258670154,0,1,913000.0,0.4568764568764569,0.45443645083932854,196000.0,0,0,37,319.0
540,120000.0,14.0,0.4278491036733748,0.0,0.0,0.0,0.45774647887323944,0.4694783573806881,0.5257384019435941,0.44281793229643185,0.34356713843530684,0.4321363669380822,0.40582917672392776,0,0,993000.0,0.45364536453645365,0.45443645083932854,117000.0,0,0,37,802.0
541,160000.0,14.0,0.583862843505718,0.0,0.0,0.0,0.468085106382978,0.4129263913824057,0.5069442053895509,0.45475113122171945,0.45890407585949666,0.3810650946770142,0.41047292637935173,0,0,791000.0,0.43488372093023253,0.45443645083932854,150000.0,0,0,36,319.0
542,460000.0,13.0,0.45885149198403496,0.0,0.0,0.0,0.45774647887323944,0.4694783573806881,0.43902472242345825,0.45475113122171945,0.4468097890743483,0.4339650140059905,0.4037095629016318,0,1,3652000.0,0.43488372093023253,0.44892221180880976,694000.0,0,1,33,679.0
543,220000.0,13.0,0.4278491036733748,117.0,117.0,20000.0,0.468085106382978,0.4539823008849557,0.4459232804790396,0.45475113122171945,0.3739186560656616,0.40235614355016347,0.5009630346757856,1,1,1692000.0,0.4568764568764569,0.47386172006745364,290000.0,1,0,36,466.89744512414535
544,2430000.0,18.0,0.4074136609653927,0.0,0.0,1120000.0,0.44040247678018574,0.4129263913824057,0.46428416000978534,0.45475113122171945,0.5031846524456339,0.4130722746472325,0.41047292637935173,0,1,21223000.0,0.43488372093023253,0.39678284182305634,4122000.0,0,1,36,618.0
545,1160000.0,13.0,0.4646406293882584,0.0,0.0,60000.0,0.45774647887323944,0.4694783573806881,0.416387268320036,0.44281793229643185,0.44230917465915276,0.4658901691183491,0.5134854957775883,1,0,27219000.0,0.43488372093023253,0.45443645083932854,2828000.0,1,0,37,466.89744512414535
546,730000.0,13.0,0.4498690306228219,0.0,0.0,0.0,0.44040247678018574,0.4539823008849557,0.38083308316558756,0.44281793229643185,0.5031846524456339,0.49482456551750875,0.469407833203183,0,0,5049000.0,0.4568764568764569,0.45443645083932854,846000.0,0,1,36,510.0
547,2190000.0,12.0,0.3928574872021717,119.0,0.0,50000.0,0.44040247678018574,0.4539823008849557,0.5159288114711631,0.45433255269320844,0.4511627906899892,0.4339650140059905,0.5059471983688024,0,0,54197000.0,0.4568764568764569,0.44892221180880976,3208000.0,0,0,38,541.0
548,170000.0,12.0,0.3928574872021717,0.0,0.0,10320000.0,0.44040247678018574,0.4336917562724873,0.43902472242345825,0.45433255269320844,0.414225941433284,0.4395681403885853,0.45200464380003236,1,1,3915000.0,0.43488372093023253,0.39678284182305634,633000.0,1,0,37,508.0
549,910000.0,18.0,0.43673114297615767,0.0,0.0,0.0,0.45774647887323944,0.4694783573806881,0.476615203163763,0.45475113122171945,0.414225941433284,0.43679650911494705,0.3156771054360342,0,1,4132000.0,0.4568764568764569,0.45443645083932854,884000.0,0,0,32,482.0
550,700000.0,17.0,0.4220779627191293,0.0,0.0,0.0,0.44040247678018574,0.4336917562724873,0.4956486747857908,0.44281793229643185,0.414225941433284,0.49482456551750875,0.5134854957775883,0,0,2832000.0,0.45364536453645365,0.39678284182305634,571000.0,0,1,37,453.0
551,190000.0,12.0,0.4646406293882584,0.0,0.0,100000.0,0.44040247678018574,0.4539823008849557,0.5069442053895509,0.44281793229643185,0.43096844666979034,0.3680899177448659,0.42117558521355203,0,0,1504000.0,0.45364536453645365,0.47386172006745364,231000.0,0,0,36,555.0
552,3310000.0,35.0,0.4615356204904945,87.0,87.0,240000.0,0.45774647887323944,0.4694783573806881,0.4956486747857908,0.45045045045045046,0.4905583684264643,0.49482456551750875,0.45900943855115717,1,0,18855000.0,0.4568764568764569,0.44892221180880976,2759000.0,1,0,41,475.0
553,190000.0,10.0,0.3971634082048179,82.40884820747522,114.68688024408848,0.0,0.44040247678018574,0.4694783573806881,0.4268739712093834,0.45475113122171945,0.46907216438869503,0.4658901691183491,0.41315158258670154,0,0,121000.0,0.4568764568764569,0.45443645083932854,1417000.0,0,1,36,497.0
554,200000.0,11.0,0.35775698265868106,82.40884820747522,114.68688024408848,605344.4272445821,0.44040247678018574,0.4539823008849557,0.4415584526838991,0.44281793229643185,0.4687495951044435,0.4658901691183491,0.5233562461236126,1,0,10245000.0,0.45364536453645365,0.45443645083932854,1680000.0,1,0,37,345.0
555,1590000.0,3.0,0.45885149198403496,82.40884820747522,114.68688024408848,605344.4272445821,0.468085106382978,0.4539823008849557,0.4415584526838991,0.45433255269320844,0.414225941433284,0.5164278000280932,0.5035331693654489,0,0,7886000.0,0.45364536453645365,0.39678284182305634,2204000.0,0,0,32,512.0
556,200000.0,14.0,0.4360903840722853,0.0,0.0,0.0,0.45774647887323944,0.4694783573806881,0.45200464380003236,0.45045045045045046,0.37758024313602523,0.4859069669135048,0.5081959184294307,0,0,2080000.0,0.43488372093023253,0.39678284182305634,214000.0,0,0,38,491.0
557,1030000.0,13.0,0.45885149198403496,0.0,0.0,0.0,0.45774647887323944,0.4336917562724873,0.3900197525554698,0.45475113122171945,0.4583333330136348,0.48068087923257147,0.46629820821531875,0,0,4649000.0,0.45364536453645365,0.44892221180880976,848000.0,0,1,33,369.0
558,140000.0,3.0,0.4668770371178462,0.0,0.0,0.0,0.45774647887323944,0.4694783573806881,0.4415584526838991,0.45475113122171945,0.414225941433284,0.48068087923257147,0.49646711594687815,0,0,16473000.0,0.44758586022284785,0.44892221180880976,2736000.0,0,0,40,367.0
559,2130000.0,14.0,0.4774317289223725,0.0,0.0,605344.4272445821,0.468085106382978,0.4694783573806881,0.4799991436755424,0.44281793229643185,0.414225941433284,0.40002703158873276,0.379712180659019,1,1,14923000.0,0.43488372093023253,0.44892221180880976,2047000.0,1,0,38,420.0
560,110000.0,16.0,0.4764655517659273,0.0,0.0,0.0,0.45774647887323944,0.4539823008849557,0.3931036562142931,0.45475113122171945,0.43697478992002986,0.5171573620994421,0.4769970982233268,0,0,879000.0,0.45364536453645365,0.44892221180880976,111000.0,0,0,37,580.0
561,3010000.0,12.0,0.4498690306228219,82.40884820747522,114.68688024408848,605344.4272445821,0.45774647887323944,0.4539823008849557,0.4121240088339391,0.44281793229643185,0.45864649596466484,0.43574970796090917,0.348329989309645,1,1,30229000.0,0.45364536453645365,0.39678284182305634,4597000.0,1,0,35,410.0
562,170000.0,13.0,0.4844907454931315,961.0,961.0,260000.0,0.44040247678018574,0.4694783573806881,0.470084171924464,0.45433255269320844,0.4835606203192975,0.5171573620994421,0.45989425850057764,0,0,2022000.0,0.45364536453645365,0.47386172006745364,222000.0,0,0,37,479.0
563,180000.0,14.0,0.3928574872021717,82.40884820747522,114.68688024408848,0.0,0.44040247678018574,0.4539823008849557,0.5363528439845596,0.45475113122171945,0.43096844666979034,0.4321363669380822,0.49646711594687815,0,0,860000.0,0.4568764568764569,0.47386172006745364,179000.0,0,0,36,346.0
564,1880000.0,10.0,0.3971634082048179,0.0,0.0,0.0,0.44040247678018574,0.4694783573806881,0.4214287402257545,0.44281793229643185,0.43096844666979034,0.3965552694677991,0.44519311265006384,1,0,21722000.0,0.45364536453645365,0.45443645083932854,3921000.0,1,0,36,343.0
565,110000.0,15.0,0.44387755113454985,0.0,0.0,180000.0,0.44040247678018574,0.4129263913824057,0.44545497076419477,0.45045045045045046,0.5031846524456339,0.3810650946770142,0.42117558521355203,1,0,764000.0,0.4568764568764569,0.47386172006745364,148000.0,1,0,36,367.0
566,1780000.0,13.0,0.5065614987246854,0.0,0.0,0.0,0.44040247678018574,0.4336917562724873,0.3971634082048179,0.44281793229643185,0.414225941433284,0.5106758841242302,0.41047292637935173,0,1,9033000.0,0.4568764568764569,0.47386172006745364,1402000.0,0,1,38,545.0
567,190000.0,13.0,0.4074136609653927,769.0,769.0,90000.0,0.468085106382978,0.4336917562724873,0.5363528439845596,0.45475113122171945,0.4835606203192975,0.5491139021556548,0.4375202018743684,1,0,2266000.0,0.4568764568764569,0.47386172006745364,340000.0,1,0,35,417.0
568,170000.0,3.0,0.4646406293882584,0.0,0.0,605344.4272445821,0.45774647887323944,0.4539823008849557,0.4799991436755424,0.44281793229643185,0.43697478992002986,0.3965552694677991,0.5582615046868826,0,0,2153000.0,0.4568764568764569,0.44892221180880976,432000.0,0,0,39,784.0
569,1160000.0,11.0,0.4581005575150995,82.40884820747522,114.68688024408848,605344.4272445821,0.44040247678018574,0.4539823008849557,0.36271363783177113,0.45475113122171945,0.4511627906899892,0.40002703158873276,0.4014334059125707,0,0,323153000.0,0.45364536453645365,0.45443645083932854,4213000.0,0,1,35,343.0
570,4660000.0,17.0,0.471073469342046,0.0,0.0,0.0,0.44040247678018574,0.4539823008849557,0.4121240088339391,0.45045045045045046,0.5031846524456339,0.46365822718746796,0.423941142391273,1,0,53036000.0,0.45364536453645365,0.44892221180880976,5498000.0,1,0,34,427.0
571,1290000.0,18.0,0.4220779627191293,0.0,0.0,20000.0,0.468085106382978,0.4539823008849557,0.4799991436755424,0.45045045045045046,0.4511627906899892,0.531814720884261,0.4543800115079512,1,1,43503000.0,0.45364536453645365,0.47386172006745364,1380000.0,1,1,34,352.0
572,210000.0,10.0,0.583862843505718,915.0,915.0,460000.0,0.44040247678018574,0.4539823008849557,0.43902472242345825,0.45433255269320844,0.4230769551118841,0.4859069669135048,0.42117558521355203,1,1,3513000.0,0.44758586022284785,0.47386172006745364,175000.0,1,0,38,519.0
573,2460000.0,32.0,0.4220779627191293,0.0,0.0,0.0,0.44040247678018574,0.4694783573806881,0.4214287402257545,0.44281793229643185,0.4230769551118841,0.4339650140059905,0.46016463299084465,0,0,15184000.0,0.45364536453645365,0.45443645083932854,2485000.0,0,0,39,358.0
574,530000.0,14.0,0.4646406293882584,0.0,0.0,0.0,0.45774647887323944,0.4336917562724873,0.3900197525554698,0.44281793229643185,0.5031846524456339,0.4444688960343153,0.5363489679286931,1,0,3396000.0,0.45364536453645365,0.44892221180880976,735000.0,1,1,33,360.0
575,220000.0,18.0,0.40004455157916113,0.0,0.0,0.0,0.44040247678018574,0.4129263913824057,0.4485294151733482,0.45045045045045046,0.493908884521716,0.40002703158873276,0.4545481381730755,0,1,995000.0,0.43488372093023253,0.44892221180880976,284000.0,0,0,36,335.0
576,170000.0,15.0,0.471073469342046,0.0,0.0,260000.0,0.45774647887323944,0.4539823008849557,0.48253847709585634,0.45475113122171945,0.4583333330136348,0.5217257015040757,0.41047292637935173,0,1,1963000.0,0.43488372093023253,0.44892221180880976,221000.0,0,0,37,717.0
577,100000.0,3.0,0.5628080317442733,0.0,0.0,605344.4272445821,0.468085106382978,0.4539823008849557,0.5069442053895509,0.44281793229643185,0.46907216438869503,0.3680899177448659,0.5602211136196202,0,0,9172000.0,0.45364536453645365,0.44892221180880976,109000.0,0,1,40,337.0
578,230000.0,14.0,0.46341463401227523,0.0,0.0,0.0,0.45774647887323944,0.4694783573806881,0.3900197525554698,0.44281793229643185,0.45890407585949666,0.5183627257078485,0.41047292637935173,0,1,2434000.0,0.4568764568764569,0.45443645083932854,329000.0,0,0,37,383.0
579,110000.0,14.0,0.4498690306228219,472.0,472.0,280000.0,0.44040247678018574,0.4539823008849557,0.4214287402257545,0.45045045045045046,0.46907216438869503,0.3750074661878128,0.4278491036733748,0,0,2441000.0,0.4568764568764569,0.45443645083932854,504000.0,0,0,39,448.0
580,170000.0,12.0,0.4074136609653927,0.0,0.0,0.0,0.44040247678018574,0.4129263913824057,0.5375745064065167,0.44281793229643185,0.43697478992002986,0.5183627257078485,0.5233562461236126,0,0,3201000.0,0.4568764568764569,0.47386172006745364,414000.0,0,0,36,403.0
581,2530000.0,18.0,0.4360903840722853,999.0,999.0,10000.0,0.468085106382978,0.4539823008849557,0.36271363783177113,0.45475113122171945,0.4511627906899892,0.4395681403885853,0.37192363309077975,1,1,10117000.0,0.4568764568764569,0.47386172006745364,2040000.0,1,0,35,466.89744512414535
582,120000.0,17.0,0.43673114297615767,0.0,0.0,0.0,0.45774647887323944,0.4694783573806881,0.5069442053895509,0.44281793229643185,0.4687495951044435,0.49482456551750875,0.4407909194105085,0,0,822000.0,0.45364536453645365,0.45443645083932854,114000.0,0,0,35,566.0
583,140000.0,14.0,0.4706709757445273,0.0,0.0,0.0,0.44040247678018574,0.4539823008849557,0.30013565669860115,0.44281793229643185,0.4583333330136348,0.5164278000280932,0.5023579265365139,0,0,1029000.0,0.4568764568764569,0.45443645083932854,127000.0,0,0,37,456.0
584,670000.0,14.0,0.4646406293882584,0.0,0.0,500000.0,0.45774647887323944,0.4694783573806881,0.4214287402257545,0.45433255269320844,0.5606727833398578,0.4658901691183491,0.49315734568265995,1,1,5281000.0,0.45364536453645365,0.45443645083932854,708000.0,1,0,39,550.0
585,510000.0,17.0,0.4581005575150995,0.0,0.0,40000.0,0.44040247678018574,0.4129263913824057,0.5363528439845596,0.44281793229643185,0.43697478992002986,0.5217257015040757,0.348329989309645,0,1,204000.0,0.4568764568764569,0.47386172006745364,557000.0,0,1,36,365.0
586,620000.0,11.0,0.44387755113454985,0.0,0.0,1980000.0,0.45774647887323944,0.4129263913824057,0.5375745064065167,0.45475113122171945,0.4905583684264643,0.4658901691183491,0.4769970982233268,0,1,22642000.0,0.45364536453645365,0.44892221180880976,2317000.0,0,0,39,432.0
587,180000.0,12.0,0.4646406293882584,0.0,0.0,0.0,0.468085106382978,0.4539823008849557,0.5254093931718659,0.45475113122171945,0.4583333330136348,0.5071462083323844,0.45989425850057764,0,0,2102000.0,0.4568764568764569,0.39678284182305634,301000.0,0,0,37,676.0
588,260000.0,17.0,0.3928574872021717,0.0,0.0,0.0,0.45774647887323944,0.4539823008849557,0.44545497076419477,0.45433255269320844,0.4230769551118841,0.5164278000280932,0.46016463299084465,0,0,2369000.0,0.45364536453645365,0.45443645083932854,540000.0,0,0,36,429.0
589,230000.0,10.0,0.44387755113454985,0.0,0.0,540000.0,0.468085106382978,0.4539823008849557,0.4268739712093834,0.45475113122171945,0.45864649596466484,0.45331529430883266,0.4278491036733748,1,0,2138000.0,0.4568764568764569,0.45443645083932854,230000.0,1,0,36,360.0
590,190000.0,13.0,0.4074136609653927,0.0,0.0,0.0,0.45774647887323944,0.4539823008849557,0.4956486747857908,0.45475113122171945,0.414225941433284,0.4395681403885853,0.3156771054360342,0,0,4530000.0,0.43488372093023253,0.47386172006745364,654000.0,0,1,38,464.0
591,1530000.0,13.0,0.40004455157916113,0.0,0.0,310000.0,0.44040247678018574,0.4539823008849557,0.3971634082048179,0.44281793229643185,0.5031846524456339,0.4321363669380822,0.4545481381730755,1,0,17585000.0,0.43488372093023253,0.45443645083932854,2604000.0,1,0,38,516.0
592,230000.0,11.0,0.3971634082048179,0.0,0.0,0.0,0.44040247678018574,0.4129263913824057,0.3971634082048179,0.44281793229643185,0.4511627906899892,0.46365822718746796,0.5059471983688024,0,0,1767000.0,0.43488372093023253,0.44892221180880976,247000.0,0,0,35,522.0
593,150000.0,11.0,0.4581005575150995,0.0,0.0,605344.4272445821,0.468085106382978,0.4336917562724873,0.3971634082048179,0.44281793229643185,0.43697478992002986,0.3750074661878128,0.4037095629016318,1,0,1585000.0,0.45364536453645365,0.44892221180880976,195000.0,1,0,38,430.0
594,170000.0,13.0,0.44387755113454985,0.0,99.0,790000.0,0.45774647887323944,0.4539823008849557,0.470084171924464,0.44281793229643185,0.4230769551118841,0.4444688960343153,0.4530944584075768,1,0,20831000.0,0.45364536453645365,0.39678284182305634,433000.0,1,1,39,412.0
595,320000.0,18.0,0.46341463401227523,0.0,0.0,0.0,0.44040247678018574,0.4539823008849557,0.476615203163763,0.4106715025408491,0.3739186560656616,0.3810650946770142,0.46629820821531875,0,0,7878000.0,0.45364536453645365,0.44892221180880976,247000.0,0,1,35,623.0
596,190000.0,15.0,0.4360903840722853,0.0,0.0,30000.0,0.468085106382978,0.4129263913824057,0.30013565669860115,0.45475113122171945,0.493908884521716,0.4658901691183491,0.4375202018743684,0,0,796000.0,0.45364536453645365,0.44892221180880976,192000.0,0,0,37,314.0
597,180000.0,12.0,0.44387755113454985,0.0,0.0,605344.4272445821,0.44040247678018574,0.4539823008849557,0.5056772402445142,0.45475113122171945,0.4583333330136348,0.4468949699527549,0.379712180659019,0,1,2428000.0,0.43488372093023253,0.44892221180880976,422000.0,0,0,39,349.0
598,230000.0,14.0,0.4498690306228219,0.0,0.0,0.0,0.44040247678018574,0.4129263913824057,0.46428416000978534,0.44281793229643185,0.4511627906899892,0.5171573620994421,0.39551727687191446,0,0,2577000.0,0.45364536453645365,0.44892221180880976,430000.0,0,0,35,375.0
599,2620000.0,13.0,0.46341463401227523,0.0,0.0,1200000.0,0.45774647887323944,0.4539823008849557,0.5165869667180779,0.44281793229643185,0.43697478992002986,0.5176283236840944,0.6100509010581558,0,0,21236000.0,0.4568764568764569,0.44892221180880976,2697000.0,0,0,33,473.0
600,180000.0,13.0,0.4668770371178462,0.0,0.0,0.0,0.45774647887323944,0.4694783573806881,0.5069442053895509,0.45433255269320844,0.45864649596466484,0.46365822718746796,0.4653190175668822,0,0,1789000.0,0.45364536453645365,0.45443645083932854,281000.0,0,0,37,462.0
601,220000.0,16.0,0.45453917520963155,1053.0,1053.0,660000.0,0.44040247678018574,0.4336917562724873,0.44545497076419477,0.44281793229643185,0.4905583684264643,0.3680899177448659,0.36719335159199484,1,1,1286000.0,0.45364536453645365,0.45443645083932854,233000.0,1,0,37,541.0
602,160000.0,14.0,0.4646406293882584,0.0,30.0,210000.0,0.468085106382978,0.4539823008849557,0.5056772402445142,0.45433255269320844,0.414225941433284,0.48068087923257147,0.5035331693654489,1,1,1295000.0,0.4568764568764569,0.44892221180880976,218000.0,1,0,36,504.0
603,100000.0,13.0,0.4498690306228219,0.0,0.0,0.0,0.45774647887323944,0.4539823008849557,0.5069442053895509,0.44281793229643185,0.5031846524456339,0.4444688960343153,0.47861847593310247,1,1,1354000.0,0.45364536453645365,0.44892221180880976,258000.0,1,0,36,466.89744512414535
604,1770000.0,3.0,0.5065614987246854,82.40884820747522,114.68688024408848,0.0,0.468085106382978,0.4539823008849557,0.4485294151733482,0.44281793229643185,0.45890407585949666,0.5164278000280932,0.4789986557881242,0,0,11442000.0,0.43488372093023253,0.45443645083932854,1959000.0,0,0,31,349.0
605,200000.0,10.0,0.3928574872021717,645.0,645.0,210000.0,0.468085106382978,0.4539823008849557,0.5069442053895509,0.45475113122171945,0.43697478992002986,0.45192239757482366,0.490206851056817,1,0,3139000.0,0.43488372093023253,0.45443645083932854,443000.0,1,0,37,372.0
606,100000.0,10.0,0.5065614987246854,0.0,0.0,0.0,0.44040247678018574,0.4539823008849557,0.3900197525554698,0.45045045045045046,0.5606727833398578,0.43679650911494705,0.39551727687191446,0,0,5501000.0,0.43488372093023253,0.39678284182305634,120000.0,0,1,37,424.0
607,160000.0,6.0,0.4646406293882584,0.0,0.0,20000.0,0.44040247678018574,0.4539823008849557,0.4214287402257545,0.45475113122171945,0.414225941433284,0.45677246944372973,0.4769970982233268,0,0,605000.0,0.43488372093023253,0.45443645083932854,201000.0,0,0,41,592.0
608,1110000.0,18.0,0.46341463401227523,0.0,0.0,350000.0,0.44040247678018574,0.4694783573806881,0.30013565669860115,0.45433255269320844,0.3739186560656616,0.5164278000280932,0.3156771054360342,1,0,9234000.0,0.43488372093023253,0.47386172006745364,1833000.0,1,0,31,579.0
609,220000.0,12.0,0.49269077310150705,0.0,0.0,0.0,0.44040247678018574,0.4694783573806881,0.4459232804790396,0.44281793229643185,0.46907216438869503,0.3721191346526487,0.49141635626861524,0,1,648000.0,0.43488372093023253,0.39678284182305634,243000.0,0,1,36,383.0
610,1990000.0,12.0,0.40004455157916113,0.0,0.0,605344.4272445821,0.45774647887323944,0.4129263913824057,0.5375745064065167,0.44281793229643185,0.5031846524456339,0.3721191346526487,0.4789986557881242,0,1,131741000.0,0.4568764568764569,0.44892221180880976,2678000.0,0,0,37,632.0
611,560000.0,11.0,0.40004455157916113,0.0,56.0,330000.0,0.45774647887323944,0.4539823008849557,0.5363528439845596,0.45475113122171945,0.4687495951044435,0.3750074661878128,0.41047292637935173,0,1,12639000.0,0.45364536453645365,0.47386172006745364,2489000.0,0,0,38,370.0
612,3180000.0,39.0,0.4646406293882584,0.0,0.0,605344.4272445821,0.45774647887323944,0.4539823008849557,0.3900197525554698,0.45045045045045046,0.4835606203192975,0.45677246944372973,0.4278491036733748,0,1,22094000.0,0.43488372093023253,0.44892221180880976,2598000.0,0,0,41,727.0
613,190000.0,10.0,0.471073469342046,0.0,0.0,0.0,0.44040247678018574,0.4539823008849557,0.5165869667180779,0.45433255269320844,0.414225941433284,0.531814720884261,0.4037095629016318,0,0,1011000.0,0.43488372093023253,0.39678284182305634,244000.0,0,1,35,429.0
614,170000.0,10.0,0.44387755113454985,0.0,0.0,0.0,0.45774647887323944,0.4336917562724873,0.4214287402257545,0.45475113122171945,0.43697478992002986,0.531814720884261,0.4014334059125707,0,0,3824000.0,0.45364536453645365,0.44892221180880976,432000.0,0,0,37,311.0
615,2670000.0,16.0,0.4581005575150995,29.0,30.0,1800000.0,0.468085106382978,0.4539823008849557,0.470084171924464,0.45045045045045046,0.3739186560656616,0.37737165958551677,0.4543800115079512,0,0,9924000.0,0.45364536453645365,0.47386172006745364,2817000.0,0,1,35,424.0
616,150000.0,13.0,0.4906797478948485,0.0,0.0,0.0,0.45774647887323944,0.4129263913824057,0.5375745064065167,0.45433255269320844,0.414225941433284,0.46721243412305624,0.4014334059125707,0,1,913000.0,0.45364536453645365,0.47386172006745364,124000.0,0,0,37,301.0
617,220000.0,14.0,0.4646406293882584,3.0,30.0,180000.0,0.44040247678018574,0.4129263913824057,0.5069442053895509,0.45475113122171945,0.3739186560656616,0.4339650140059905,0.31886873294614065,0,0,2449000.0,0.43488372093023253,0.45443645083932854,379000.0,0,0,35,491.0
618,240000.0,13.0,0.3928574872021717,0.0,0.0,0.0,0.44040247678018574,0.4694783573806881,0.5069442053895509,0.44281793229643185,0.5063919873437158,0.36975187045665187,0.49141635626861524,0,0,9050000.0,0.43488372093023253,0.39678284182305634,1401000.0,0,0,38,660.0
619,120000.0,17.0,0.3892717187010617,0.0,0.0,0.0,0.44040247678018574,0.4129263913824057,0.43902472242345825,0.45433255269320844,0.46907216438869503,0.49482456551750875,0.4789986557881242,0,1,734000.0,0.45364536453645365,0.45443645083932854,150000.0,0,0,36,344.0
620,200000.0,10.0,0.4581005575150995,0.0,0.0,30000.0,0.45774647887323944,0.4539823008849557,0.43902472242345825,0.44281793229643185,0.3541279498012266,0.4658901691183491,0.4278491036733748,0,0,257000.0,0.45364536453645365,0.44892221180880976,589000.0,0,1,37,337.0
621,130000.0,13.0,0.49269077310150705,986.0,986.0,50000.0,0.45774647887323944,0.4129263913824057,0.4485294151733482,0.45433255269320844,0.45890407585949666,0.4444688960343153,0.4545481381730755,1,0,1107000.0,0.43488372093023253,0.44892221180880976,111000.0,1,0,37,378.0
622,3130000.0,34.0,0.4360903840722853,0.0,0.0,0.0,0.44040247678018574,0.4129263913824057,0.4415584526838991,0.45475113122171945,0.46907216438869503,0.4831631253007048,0.3244469103797425,0,1,8700000.0,0.45364536453645365,0.45443645083932854,3210000.0,0,0,40,538.0
623,690000.0,11.0,0.4615356204904945,82.40884820747522,114.68688024408848,605344.4272445821,0.44040247678018574,0.4694783573806881,0.3971634082048179,0.45433255269320844,0.414225941433284,0.45192239757482366,0.4530944584075768,1,0,34176000.0,0.43488372093023253,0.39678284182305634,2444000.0,1,0,37,568.0
624,380000.0,14.0,0.4360903840722853,82.40884820747522,114.68688024408848,0.0,0.44040247678018574,0.4539823008849557,0.5375745064065167,0.44281793229643185,0.4905583684264643,0.3810650946770142,0.44169753216105057,1,0,2901000.0,0.4568764568764569,0.45443645083932854,357000.0,1,1,32,466.89744512414535
625,2010000.0,18.0,0.4581005575150995,0.0,0.0,0.0,0.40000603415401237,0.4694783573806881,0.4415584526838991,0.45475113122171945,0.414225941433284,0.3680899177448659,0.4543800115079512,0,0,7496000.0,0.45364536453645365,0.44892221180880976,1748000.0,0,1,33,381.0
626,3380000.0,14.0,0.4278491036733748,0.0,0.0,0.0,0.44040247678018574,0.4539823008849557,0.4268739712093834,0.44281793229643185,0.4604834864076457,0.4658901691183491,0.3244469103797425,0,0,21721000.0,0.43488372093023253,0.44892221180880976,3550000.0,0,1,32,542.0
627,4990000.0,19.0,0.4360903840722853,0.0,0.0,0.0,0.44040247678018574,0.4129263913824057,0.4415584526838991,0.44281793229643185,0.43697478992002986,0.4757214900689184,0.5157460113123283,0,0,49279000.0,0.45364536453645365,0.44892221180880976,5049000.0,0,0,35,769.0
628,3200000.0,12.0,0.35775698265868106,0.0,0.0,0.0,0.45774647887323944,0.4129263913824057,0.30013565669860115,0.45475113122171945,0.44230917465915276,0.3965552694677991,0.46629820821531875,0,0,15754000.0,0.45364536453645365,0.44892221180880976,2506000.0,0,0,38,627.0
629,810000.0,13.0,0.45453917520963155,0.0,0.0,0.0,0.44040247678018574,0.4694783573806881,0.3931036562142931,0.45433255269320844,0.44230917465915276,0.4831631253007048,0.40526968668929697,0,1,4130000.0,0.43488372093023253,0.45443645083932854,699000.0,0,1,37,312.0
630,170000.0,10.0,0.4074136609653927,82.40884820747522,114.68688024408848,605344.4272445821,0.44040247678018574,0.4539823008849557,0.4214287402257545,0.44281793229643185,0.4905583684264643,0.3721191346526487,0.36719335159199484,1,0,7179000.0,0.4568764568764569,0.44892221180880976,964000.0,1,0,37,390.0
631,210000.0,15.0,0.49269077310150705,0.0,0.0,0.0,0.44040247678018574,0.4539823008849557,0.470084171924464,0.44281793229643185,0.414225941433284,0.3680899177448659,0.45989425850057764,0,1,916000.0,0.4568764568764569,0.44892221180880976,208000.0,0,0,36,431.0
632,200000.0,10.0,0.4668770371178462,0.0,0.0,3380000.0,0.44040247678018574,0.4336917562724873,0.3442355460389141,0.44281793229643185,0.4230769551118841,0.4321363669380822,0.45745399554685107,1,0,6055000.0,0.4568764568764569,0.45443645083932854,643000.0,1,0,36,447.0
633,1290000.0,17.0,0.44387755113454985,82.40884820747522,114.68688024408848,0.0,0.44040247678018574,0.4539823008849557,0.3971634082048179,0.44281793229643185,0.3739186560656616,0.5183627257078485,0.45745399554685107,1,0,8089000.0,0.45364536453645365,0.44892221180880976,1308000.0,1,0,35,404.0
634,160000.0,18.0,0.43673114297615767,82.40884820747522,114.68688024408848,605344.4272445821,0.44040247678018574,0.4539823008849557,0.4485294151733482,0.45475113122171945,0.414225941433284,0.37737165958551677,0.4789986557881242,0,0,1003000.0,0.43488372093023253,0.44892221180880976,186000.0,0,0,37,339.0
635,180000.0,13.0,0.4278491036733748,0.0,0.0,260000.0,0.40000603415401237,0.4129263913824057,0.5375745064065167,0.45045045045045046,0.5031846524456339,0.3680899177448659,0.5035331693654489,0,1,5051000.0,0.45364536453645365,0.47386172006745364,701000.0,0,0,36,504.0
636,220000.0,11.0,0.4844907454931315,0.0,0.0,30000.0,0.44040247678018574,0.4129263913824057,0.30013565669860115,0.44281793229643185,0.43697478992002986,0.5217257015040757,0.4771498533714657,0,0,2041000.0,0.45364536453645365,0.44892221180880976,396000.0,0,0,36,394.0
637,190000.0,13.0,0.3928574872021717,0.0,0.0,20000.0,0.45774647887323944,0.4694783573806881,0.4214287402257545,0.44281793229643185,0.4511627906899892,0.3965552694677991,0.3244469103797425,0,0,1589000.0,0.43488372093023253,0.45443645083932854,278000.0,0,0,40,586.0
638,110000.0,22.0,0.471073469342046,0.0,0.0,20000.0,0.45774647887323944,0.4694783573806881,0.46428416000978534,0.45433255269320844,0.4687495951044435,0.45331529430883266,0.4994506452738054,0,0,110000.0,0.4568764568764569,0.47386172006745364,119000.0,0,1,41,316.0
639,220000.0,14.0,0.44387755113454985,0.0,0.0,605344.4272445821,0.44040247678018574,0.4539823008849557,0.3971634082048179,0.45475113122171945,0.4511627906899892,0.46721243412305624,0.42220278660777283,0,0,9876000.0,0.4568764568764569,0.45443645083932854,1667000.0,0,0,39,472.0
640,120000.0,11.0,0.4706709757445273,0.0,0.0,0.0,0.44040247678018574,0.4694783573806881,0.43902472242345825,0.44281793229643185,0.5063919873437158,0.5217257015040757,0.4332390300357073,0,0,934000.0,0.43488372093023253,0.39678284182305634,124000.0,0,0,37,414.0
641,200000.0,14.0,0.43673114297615767,0.0,0.0,30000.0,0.45774647887323944,0.4694783573806881,0.44545497076419477,0.45475113122171945,0.5031846524456339,0.4757214900689184,0.4626438500979087,0,0,5012000.0,0.43488372093023253,0.45443645083932854,657000.0,0,0,35,516.0
642,190000.0,11.0,0.4220779627191293,0.0,0.0,0.0,0.44040247678018574,0.4336917562724873,0.5159288114711631,0.44281793229643185,0.4905583684264643,0.4859069669135048,0.4375202018743684,0,1,3964000.0,0.43488372093023253,0.44892221180880976,498000.0,0,0,36,577.0
643,100000.0,14.0,0.5628080317442733,0.0,0.0,0.0,0.45774647887323944,0.4539823008849557,0.3971634082048179,0.44281793229643185,0.45864649596466484,0.3750074661878128,0.47861847593310247,0,0,1079000.0,0.43488372093023253,0.47386172006745364,206000.0,0,1,39,440.0
644,940000.0,14.0,0.44387755113454985,0.0,0.0,0.0,0.45774647887323944,0.4539823008849557,0.4214287402257545,0.45475113122171945,0.5063919873437158,0.46721243412305624,0.5081959184294307,0,0,1731000.0,0.4568764568764569,0.44892221180880976,788000.0,0,1,39,681.0
645,220000.0,11.0,0.4774317289223725,0.0,0.0,0.0,0.45774647887323944,0.4694783573806881,0.46428416000978534,0.44281793229643185,0.3739186560656616,0.45192239757482366,0.41240204586511464,0,0,3968000.0,0.4568764568764569,0.39678284182305634,370000.0,0,1,37,428.0
646,230000.0,13.0,0.4747378959928985,0.0,0.0,0.0,0.44040247678018574,0.4539823008849557,0.3931036562142931,0.44281793229643185,0.4905583684264643,0.4395681403885853,0.6100509010581558,0,1,1844000.0,0.45364536453645365,0.44892221180880976,252000.0,0,0,35,541.0
647,4800000.0,18.0,0.3971634082048179,0.0,30.0,0.0,0.45774647887323944,0.4694783573806881,0.3971634082048179,0.45045045045045046,0.44230917465915276,0.48068087923257147,0.42220278660777283,0,0,18451000.0,0.4568764568764569,0.44892221180880976,3861000.0,0,0,34,422.0
648,200000.0,10.0,0.3971634082048179,0.0,0.0,0.0,0.44040247678018574,0.4694783573806881,0.470084171924464,0.44281793229643185,0.43697478992002986,0.46721243412305624,0.5059471983688024,1,0,4115000.0,0.43488372093023253,0.44892221180880976,324000.0,1,1,38,657.0
649,90000.0,14.0,0.4844907454931315,0.0,0.0,0.0,0.45774647887323944,0.4336917562724873,0.5363528439845596,0.44281793229643185,0.44230917465915276,0.45560844252904975,0.3156771054360342,0,1,865000.0,0.4568764568764569,0.39678284182305634,122000.0,0,1,37,369.0
650,210000.0,14.0,0.45453917520963155,82.40884820747522,114.68688024408848,605344.4272445821,0.44040247678018574,0.4129263913824057,0.45782858909969404,0.45433255269320844,0.43697478992002986,0.49482456551750875,0.45989425850057764,0,0,5169000.0,0.4568764568764569,0.44892221180880976,738000.0,0,0,37,489.0
651,200000.0,12.0,0.4646406293882584,0.0,0.0,605344.4272445821,0.45774647887323944,0.4129263913824057,0.46428416000978534,0.45475113122171945,0.4905583684264643,0.3750074661878128,0.4994506452738054,0,0,43271000.0,0.43488372093023253,0.44892221180880976,3042000.0,0,0,38,466.89744512414535
652,140000.0,14.0,0.40004455157916113,0.0,0.0,0.0,0.45774647887323944,0.4129263913824057,0.3971634082048179,0.45433255269320844,0.417393662751422,0.5217257015040757,0.6100509010581558,0,0,803000.0,0.45364536453645365,0.45443645083932854,123000.0,0,0,36,426.0
653,210000.0,42.0,0.45885149198403496,30.0,30.0,0.0,0.40000603415401237,0.4539823008849557,0.44545497076419477,0.45475113122171945,0.45864649596466484,0.4757214900689184,0.48822655398093273,1,1,1106000.0,0.4568764568764569,0.47386172006745364,367000.0,1,1,41,503.0
654,190000.0,14.0,0.471073469342046,89.0,89.0,1310000.0,0.44040247678018574,0.4694783573806881,0.4445473453127392,0.44281793229643185,0.4583333330136348,0.4859069669135048,0.5233562461236126,1,0,24701000.0,0.4568764568764569,0.44892221180880976,3061000.0,1,0,36,387.0
655,160000.0,14.0,0.4615356204904945,0.0,0.0,0.0,0.468085106382978,0.4694783573806881,0.3971634082048179,0.44281793229643185,0.4511627906899892,0.37737165958551677,0.36719335159199484,0,1,22267000.0,0.4568764568764569,0.47386172006745364,3263000.0,0,0,38,338.0
656,570000.0,12.0,0.40004455157916113,0.0,0.0,0.0,0.45774647887323944,0.4539823008849557,0.44545497076419477,0.44281793229643185,0.37758024313602523,0.36975187045665187,0.4270121893767379,1,1,13852000.0,0.45364536453645365,0.45443645083932854,1411000.0,1,1,31,645.0
657,120000.0,19.0,0.44387755113454985,0.0,0.0,0.0,0.44040247678018574,0.4539823008849557,0.5254093931718659,0.44281793229643185,0.414225941433284,0.45331529430883266,0.46016463299084465,0,0,867000.0,0.44758586022284785,0.44892221180880976,96000.0,0,1,37,617.0
658,180000.0,10.0,0.4074136609653927,0.0,0.0,70000.0,0.44040247678018574,0.4129263913824057,0.3971634082048179,0.45475113122171945,0.4230769551118841,0.3965552694677991,0.45200464380003236,0,1,4796000.0,0.4568764568764569,0.45443645083932854,622000.0,0,0,37,688.0
659,3410000.0,19.0,0.4278491036733748,0.0,0.0,0.0,0.44040247678018574,0.4336917562724873,0.5257384019435941,0.45045045045045046,0.43697478992002986,0.5164278000280932,0.44084111937285236,0,0,15863000.0,0.45364536453645365,0.39678284182305634,3842000.0,0,1,35,504.0
660,230000.0,10.0,0.3892717187010617,0.0,0.0,0.0,0.44040247678018574,0.4129263913824057,0.40571030945850584,0.45045045045045046,0.5031846524456339,0.48068087923257147,0.4445473453127392,1,0,2480000.0,0.4568764568764569,0.45443645083932854,396000.0,1,0,39,394.0
661,210000.0,12.0,0.4747378959928985,82.40884820747522,114.68688024408848,605344.4272445821,0.45774647887323944,0.4539823008849557,0.3971634082048179,0.45433255269320844,0.46907216438869503,0.45677246944372973,0.6100509010581558,0,0,10350000.0,0.45364536453645365,0.44892221180880976,1818000.0,0,0,38,306.0
662,2140000.0,4.0,0.44387755113454985,0.0,0.0,0.0,0.45774647887323944,0.4694783573806881,0.3442355460389141,0.45433255269320844,0.5031846524456339,0.4859069669135048,0.490206851056817,0,0,8184000.0,0.4568764568764569,0.44892221180880976,2409000.0,0,0,33,441.0
663,220000.0,12.0,0.4498690306228219,0.0,0.0,0.0,0.44040247678018574,0.4694783573806881,0.4956486747857908,0.44281793229643185,0.45864649596466484,0.48077782044892603,0.4332390300357073,0,0,4220000.0,0.4568764568764569,0.47386172006745364,778000.0,0,0,36,312.0
664,2030000.0,11.0,0.3971634082048179,0.0,0.0,0.0,0.44040247678018574,0.4694783573806881,0.3931036562142931,0.45433255269320844,0.4468097890743483,0.43679650911494705,0.4994506452738054,0,0,12058000.0,0.45364536453645365,0.44892221180880976,1708000.0,0,0,38,431.0
665,1950000.0,13.0,0.4646406293882584,0.0,0.0,0.0,0.44040247678018574,0.4539823008849557,0.470084171924464,0.45433255269320844,0.4687495951044435,0.5164278000280932,0.49646711594687815,0,0,10211000.0,0.45364536453645365,0.44892221180880976,2291000.0,0,0,35,388.0
666,210000.0,16.0,0.3928574872021717,82.40884820747522,114.68688024408848,605344.4272445821,0.44040247678018574,0.4694783573806881,0.5056772402445142,0.45433255269320844,0.4468097890743483,0.4658901691183491,0.5157460113123283,0,0,1436000.0,0.4568764568764569,0.45443645083932854,216000.0,0,0,36,405.0
667,180000.0,11.0,0.46341463401227523,0.0,0.0,610000.0,0.468085106382978,0.4694783573806881,0.4268739712093834,0.45475113122171945,0.43697478992002986,0.4339650140059905,0.4771498533714657,0,1,2558000.0,0.4568764568764569,0.45443645083932854,480000.0,0,0,36,462.0
668,120000.0,3.0,0.45453917520963155,0.0,0.0,0.0,0.44040247678018574,0.4539823008849557,0.5069442053895509,0.45045045045045046,0.4468097890743483,0.46365822718746796,0.46016463299084465,0,0,127000.0,0.4568764568764569,0.47386172006745364,96000.0,0,1,41,310.0
669,5740000.0,19.0,0.4646406293882584,0.0,0.0,800000.0,0.40000603415401237,0.4539823008849557,0.3900197525554698,0.44281793229643185,0.5592064152301905,0.4321363669380822,0.5157460113123283,0,0,206912000.0,0.45364536453645365,0.47386172006745364,4519000.0,0,1,33,546.0
670,190000.0,12.0,0.3928574872021717,0.0,0.0,0.0,0.468085106382978,0.4336917562724873,0.3900197525554698,0.44281793229643185,0.4905583684264643,0.3750074661878128,0.3580839468498659,0,0,1092000.0,0.43488372093023253,0.47386172006745364,194000.0,0,0,36,365.0
671,160000.0,14.0,0.4747378959928985,0.0,0.0,0.0,0.45774647887323944,0.4129263913824057,0.5069442053895509,0.45433255269320844,0.5031846524456339,0.5491139021556548,0.3244469103797425,1,0,18632000.0,0.45364536453645365,0.39678284182305634,692000.0,1,1,37,347.0
672,210000.0,19.0,0.46341463401227523,0.0,0.0,560000.0,0.45774647887323944,0.4539823008849557,0.3931036562142931,0.44281793229643185,0.4230769551118841,0.4658901691183491,0.45745399554685107,0,0,863000.0,0.43488372093023253,0.47386172006745364,165000.0,0,0,36,434.0
673,230000.0,12.0,0.5628080317442733,0.0,0.0,0.0,0.45774647887323944,0.4694783573806881,0.470084171924464,0.44281793229643185,0.44230917465915276,0.49482456551750875,0.44169753216105057,0,0,1178000.0,0.4568764568764569,0.39678284182305634,239000.0,0,0,35,339.0
674,230000.0,13.0,0.3928574872021717,0.0,159.0,200000.0,0.44040247678018574,0.4539823008849557,0.470084171924464,0.45475113122171945,0.4604834864076457,0.4339650140059905,0.4014334059125707,1,0,4675000.0,0.43488372093023253,0.44892221180880976,565000.0,1,0,41,444.0
675,690000.0,3.0,0.3971634082048179,0.0,0.0,0.0,0.44040247678018574,0.4539823008849557,0.43902472242345825,0.44281793229643185,0.4583333330136348,0.4339650140059905,0.41240204586511464,1,0,3481000.0,0.4568764568764569,0.47386172006745364,749000.0,1,1,33,674.0
676,240000.0,11.0,0.4615356204904945,0.0,0.0,0.0,0.45774647887323944,0.4539823008849557,0.4956486747857908,0.45475113122171945,0.5031846524456339,0.46721243412305624,0.4530944584075768,0,0,2224000.0,0.45364536453645365,0.47386172006745364,330000.0,0,0,37,568.0
677,180000.0,23.0,0.5628080317442733,0.0,0.0,0.0,0.40000603415401237,0.4129263913824057,0.5165869667180779,0.44281793229643185,0.5031846524456339,0.5171573620994421,0.44519311265006384,1,0,805000.0,0.43488372093023253,0.45443645083932854,293000.0,1,0,40,466.89744512414535
678,210000.0,13.0,0.46341463401227523,0.0,0.0,10000.0,0.44040247678018574,0.4694783573806881,0.4415584526838991,0.45045045045045046,0.4905583684264643,0.531814720884261,0.49315734568265995,0,1,21049000.0,0.43488372093023253,0.45443645083932854,2613000.0,0,0,37,493.0
679,220000.0,14.0,0.44387755113454985,105.0,105.0,40000.0,0.45774647887323944,0.4539823008849557,0.38083308316558756,0.44281793229643185,0.4511627906899892,0.4468949699527549,0.39551727687191446,0,1,1737000.0,0.4568764568764569,0.45443645083932854,296000.0,0,0,37,483.0
680,120000.0,3.0,0.4747378959928985,0.0,0.0,0.0,0.44040247678018574,0.4539823008849557,0.4415584526838991,0.45045045045045046,0.4583333330136348,0.45192239757482366,0.4543800115079512,1,1,5190000.0,0.4568764568764569,0.47386172006745364,1217000.0,1,0,40,465.0
681,220000.0,13.0,0.44387755113454985,999.0,999.0,2210000.0,0.44040247678018574,0.4129263913824057,0.4956486747857908,0.45045045045045046,0.45890407585949666,0.4395681403885853,0.3758582472222368,0,0,10688000.0,0.4568764568764569,0.39678284182305634,1154000.0,0,0,36,485.0
682,180000.0,35.0,0.3971634082048179,0.0,0.0,0.0,0.44040247678018574,0.4694783573806881,0.46428416000978534,0.44281793229643185,0.43697478992002986,0.5171573620994421,0.4425020459775707,0,0,987000.0,0.45364536453645365,0.44892221180880976,232000.0,0,1,40,452.0
683,530000.0,14.0,0.5628080317442733,4060.0,4060.0,0.0,0.44040247678018574,0.4539823008849557,0.5257384019435941,0.45433255269320844,0.43697478992002986,0.43679650911494705,0.6100509010581558,0,0,3576000.0,0.45364536453645365,0.44892221180880976,434000.0,0,1,37,613.0
684,2990000.0,13.0,0.4498690306228219,0.0,0.0,0.0,0.44040247678018574,0.4336917562724873,0.48253847709585634,0.44281793229643185,0.4468097890743483,0.41322952719822703,0.40582917672392776,0,0,18934000.0,0.45364536453645365,0.47386172006745364,4804000.0,0,0,35,438.0
685,160000.0,16.0,0.43673114297615767,0.0,0.0,0.0,0.45774647887323944,0.4129263913824057,0.4415584526838991,0.44281793229643185,0.4687495951044435,0.45331529430883266,0.5134854957775883,0,0,835000.0,0.45364536453645365,0.44892221180880976,168000.0,0,0,36,407.0
686,2520000.0,35.0,0.44387755113454985,0.0,0.0,2930000.0,0.45774647887323944,0.4539823008849557,0.4799991436755424,0.44281793229643185,0.45864649596466484,0.49482456551750875,0.44084111937285236,1,0,188589000.0,0.45364536453645365,0.44892221180880976,2728000.0,1,0,40,345.0
687,90000.0,11.0,0.3928574872021717,31.0,31.0,5490000.0,0.44040247678018574,0.4129263913824057,0.5159288114711631,0.44281793229643185,0.5031846524456339,0.3750074661878128,0.4270121893767379,1,0,1354000.0,0.4568764568764569,0.44892221180880976,123000.0,1,0,35,528.0
688,150000.0,10.0,0.4747378959928985,0.0,0.0,0.0,0.44040247678018574,0.4539823008849557,0.5069442053895509,0.44281793229643185,0.4905583684264643,0.48068087923257147,0.44519311265006384,0,1,1621000.0,0.45364536453645365,0.44892221180880976,260000.0,0,0,36,315.0
689,90000.0,14.0,0.5628080317442733,0.0,0.0,0.0,0.45774647887323944,0.4694783573806881,0.5165869667180779,0.45433255269320844,0.45864649596466484,0.37737165958551677,0.4606736933325396,1,0,983000.0,0.45364536453645365,0.45443645083932854,149000.0,1,0,40,323.0
690,300000.0,19.0,0.4844907454931315,0.0,0.0,0.0,0.44040247678018574,0.4694783573806881,0.4214287402257545,0.44281793229643185,0.414225941433284,0.3965552694677991,0.42117558521355203,0,0,2181000.0,0.43488372093023253,0.45443645083932854,304000.0,0,1,37,407.0
691,440000.0,12.0,0.44387755113454985,0.0,0.0,80000.0,0.44040247678018574,0.4694783573806881,0.4121240088339391,0.44281793229643185,0.45864649596466484,0.4757214900689184,0.4771498533714657,0,0,3079000.0,0.4568764568764569,0.39678284182305634,443000.0,0,0,37,359.0
692,220000.0,12.0,0.4615356204904945,0.0,0.0,320000.0,0.468085106382978,0.4694783573806881,0.5056772402445142,0.44281793229643185,0.45864649596466484,0.4658901691183491,0.4653190175668822,1,1,13911000.0,0.45364536453645365,0.44892221180880976,1885000.0,1,0,36,367.0
693,2900000.0,17.0,0.4706709757445273,0.0,0.0,0.0,0.468085106382978,0.4694783573806881,0.4799991436755424,0.44281793229643185,0.4511627906899892,0.45192239757482366,0.42604008664425413,0,0,18699000.0,0.43488372093023253,0.44892221180880976,3624000.0,0,0,35,504.0
694,440000.0,15.0,0.46341463401227523,0.0,63.0,30000.0,0.44040247678018574,0.4129263913824057,0.4799991436755424,0.44281793229643185,0.4230769551118841,0.3721191346526487,0.6100509010581558,0,0,1400000.0,0.45364536453645365,0.45443645083932854,424000.0,0,1,34,411.0
695,1020000.0,14.0,0.46341463401227523,0.0,0.0,0.0,0.468085106382978,0.4539823008849557,0.30013565669860115,0.45475113122171945,0.414225941433284,0.3810650946770142,0.4278491036733748,0,0,3522000.0,0.43488372093023253,0.39678284182305634,1040000.0,0,0,36,518.0
696,190000.0,10.0,0.44387755113454985,999.0,999.0,200000.0,0.468085106382978,0.4539823008849557,0.5069442053895509,0.44281793229643185,0.4468097890743483,0.5071462083323844,0.4769970982233268,0,0,1511000.0,0.45364536453645365,0.45443645083932854,165000.0,0,0,36,486.0
697,200000.0,10.0,0.4074136609653927,0.0,0.0,605344.4272445821,0.44040247678018574,0.4694783573806881,0.4485294151733482,0.45475113122171945,0.46907216438869503,0.45331529430883266,0.4014334059125707,1,0,1991000.0,0.43488372093023253,0.44892221180880976,299000.0,1,0,39,466.89744512414535
698,240000.0,12.0,0.3928574872021717,0.0,0.0,0.0,0.45774647887323944,0.4539823008849557,0.3442355460389141,0.44281793229643185,0.4583333330136348,0.36975187045665187,0.4771498533714657,1,0,2285000.0,0.4568764568764569,0.44892221180880976,351000.0,1,0,35,458.0
699,170000.0,18.0,0.44387755113454985,0.0,0.0,0.0,0.44040247678018574,0.4336917562724873,0.5257384019435941,0.45475113122171945,0.414225941433284,0.4321363669380822,0.4014334059125707,0,0,924000.0,0.4568764568764569,0.39678284182305634,192000.0,0,0,36,355.0
700,120000.0,11.0,0.4646406293882584,0.0,0.0,60000.0,0.45774647887323944,0.4539823008849557,0.470084171924464,0.45433255269320844,0.417393662751422,0.5164278000280932,0.4771498533714657,0,0,3440000.0,0.43488372093023253,0.47386172006745364,616000.0,0,0,38,433.0
701,180000.0,11.0,0.4581005575150995,0.0,0.0,20000.0,0.468085106382978,0.4539823008849557,0.5056772402445142,0.45433255269320844,0.4468097890743483,0.45192239757482366,0.5057373501577225,0,0,1784000.0,0.43488372093023253,0.44892221180880976,245000.0,0,0,40,439.0
702,230000.0,12.0,0.4774317289223725,10.0,10.0,610000.0,0.44040247678018574,0.4129263913824057,0.4214287402257545,0.45433255269320844,0.4230769551118841,0.46721243412305624,0.49646711594687815,0,0,13125000.0,0.45364536453645365,0.47386172006745364,3124000.0,0,1,36,663.0
703,110000.0,10.0,0.471073469342046,0.0,0.0,520000.0,0.45774647887323944,0.4539823008849557,0.5254093931718659,0.45045045045045046,0.4687495951044435,0.5183627257078485,0.4696533706380367,0,1,20590000.0,0.43488372093023253,0.45443645083932854,3231000.0,0,0,38,459.0
704,2010000.0,39.0,0.471073469342046,715.0,715.0,80000.0,0.45774647887323944,0.4539823008849557,0.44545497076419477,0.45045045045045046,0.44230917465915276,0.45192239757482366,0.36719335159199484,0,0,35361000.0,0.45364536453645365,0.45443645083932854,3064000.0,0,0,40,515.0
705,2870000.0,33.0,0.4074136609653927,0.0,0.0,605344.4272445821,0.45774647887323944,0.4539823008849557,0.3971634082048179,0.44281793229643185,0.4468097890743483,0.4444688960343153,0.49646711594687815,1,0,38515000.0,0.43488372093023253,0.45443645083932854,2768000.0,1,0,41,423.0
706,90000.0,11.0,0.5065614987246854,0.0,30.0,10000.0,0.44040247678018574,0.4336917562724873,0.470084171924464,0.44281793229643185,0.45864649596466484,0.5217257015040757,0.5363489679286931,0,0,1785000.0,0.4568764568764569,0.44892221180880976,276000.0,0,0,37,315.0
707,140000.0,14.0,0.4360903840722853,0.0,0.0,0.0,0.45774647887323944,0.4694783573806881,0.5257384019435941,0.45045045045045046,0.45864649596466484,0.37737165958551677,0.4543800115079512,0,0,7124000.0,0.4568764568764569,0.44892221180880976,1063000.0,0,0,36,484.0
708,140000.0,12.0,0.4581005575150995,0.0,0.0,0.0,0.44040247678018574,0.4694783573806881,0.5165869667180779,0.44281793229643185,0.4687495951044435,0.40235614355016347,0.44519311265006384,1,1,6439000.0,0.4568764568764569,0.45443645083932854,862000.0,1,0,36,498.0
709,110000.0,16.0,0.3971634082048179,0.0,0.0,0.0,0.45774647887323944,0.4129263913824057,0.4459232804790396,0.45475113122171945,0.4511627906899892,0.5164278000280932,0.4771498533714657,0,1,544000.0,0.43488372093023253,0.44892221180880976,86000.0,0,0,36,517.0
710,100000.0,14.0,0.44387755113454985,0.0,0.0,0.0,0.468085106382978,0.4694783573806881,0.4799991436755424,0.45433255269320844,0.414225941433284,0.46721243412305624,0.4543800115079512,0,1,680000.0,0.4568764568764569,0.45443645083932854,103000.0,0,0,37,588.0
711,170000.0,13.0,0.4581005575150995,0.0,0.0,720000.0,0.44040247678018574,0.4129263913824057,0.4485294151733482,0.45475113122171945,0.4511627906899892,0.4658901691183491,0.49141635626861524,1,1,7831000.0,0.43488372093023253,0.39678284182305634,1198000.0,1,0,37,493.0
712,1380000.0,11.0,0.40004455157916113,0.0,0.0,0.0,0.44040247678018574,0.4539823008849557,0.44545497076419477,0.45433255269320844,0.4583333330136348,0.5164278000280932,0.36641942856818427,0,1,41976000.0,0.44758586022284785,0.44892221180880976,3098000.0,0,0,36,490.0
713,160000.0,19.0,0.35775698265868106,0.0,0.0,0.0,0.45774647887323944,0.4694783573806881,0.4799991436755424,0.45475113122171945,0.5031846524456339,0.49482456551750875,0.4771498533714657,0,0,842000.0,0.43488372093023253,0.45443645083932854,226000.0,0,0,36,360.0
714,2050000.0,13.0,0.44387755113454985,999.0,999.0,50000.0,0.44040247678018574,0.4694783573806881,0.46428416000978534,0.45475113122171945,0.5063919873437158,0.4757214900689184,0.4139523428902476,1,0,8035000.0,0.45364536453645365,0.45443645083932854,2160000.0,1,0,36,352.0
715,170000.0,10.0,0.4360903840722853,0.0,0.0,10000.0,0.44040247678018574,0.4694783573806881,0.5159288114711631,0.45475113122171945,0.43697478992002986,0.43679650911494705,0.5134854957775883,0,1,1158000.0,0.45364536453645365,0.44892221180880976,171000.0,0,1,40,585.0
716,150000.0,19.0,0.4360903840722853,0.0,0.0,90000.0,0.45774647887323944,0.4539823008849557,0.4214287402257545,0.44281793229643185,0.4511627906899892,0.4395681403885853,0.5009630346757856,0,0,699000.0,0.43488372093023253,0.39678284182305634,140000.0,0,0,35,497.0
717,2400000.0,11.0,0.4615356204904945,2400.0,2400.0,350000.0,0.44040247678018574,0.4539823008849557,0.44545497076419477,0.45433255269320844,0.4687495951044435,0.40002703158873276,0.36641942856818427,0,1,100210000.0,0.45364536453645365,0.44892221180880976,1949000.0,0,1,38,575.0
718,1160000.0,14.0,0.4074136609653927,30.0,30.0,60000.0,0.468085106382978,0.4539823008849557,0.5165869667180779,0.45045045045045046,0.414225941433284,0.4339650140059905,0.4278491036733748,0,0,3914000.0,0.43488372093023253,0.47386172006745364,1005000.0,0,1,35,397.0
719,200000.0,13.0,0.4615356204904945,0.0,0.0,0.0,0.45774647887323944,0.4539823008849557,0.470084171924464,0.44281793229643185,0.5063919873437158,0.49482456551750875,0.49197879045806026,0,0,17521000.0,0.4568764568764569,0.44892221180880976,3133000.0,0,0,38,488.0
720,1830000.0,4.0,0.4906797478948485,0.0,0.0,140000.0,0.44040247678018574,0.4694783573806881,0.5056772402445142,0.44281793229643185,0.5031846524456339,0.3750074661878128,0.41315158258670154,0,1,5739000.0,0.43488372093023253,0.45443645083932854,1918000.0,0,1,34,631.0
721,480000.0,12.0,0.4220779627191293,0.0,0.0,310000.0,0.45774647887323944,0.4336917562724873,0.40571030945850584,0.45475113122171945,0.43697478992002986,0.4130722746472325,0.40571030945850584,1,0,7098000.0,0.4568764568764569,0.44892221180880976,1291000.0,1,0,34,556.0
722,4650000.0,18.0,0.4220779627191293,0.0,60.0,70000.0,0.45774647887323944,0.4539823008849557,0.44545497076419477,0.44281793229643185,0.43697478992002986,0.3721191346526487,0.45745399554685107,1,0,45698000.0,0.45364536453645365,0.44892221180880976,5509000.0,1,0,36,470.0
723,90000.0,13.0,0.4747378959928985,59.0,59.0,2760000.0,0.44040247678018574,0.4539823008849557,0.5069442053895509,0.45475113122171945,0.4687495951044435,0.36975187045665187,0.3758582472222368,1,1,2302000.0,0.4568764568764569,0.44892221180880976,93000.0,1,1,37,543.0
724,200000.0,10.0,0.5065614987246854,0.0,0.0,605344.4272445821,0.45774647887323944,0.4539823008849557,0.38083308316558756,0.45045045045045046,0.4511627906899892,0.3965552694677991,0.4425020459775707,0,1,2114000.0,0.43488372093023253,0.39678284182305634,329000.0,0,0,38,695.0
725,130000.0,13.0,0.40004455157916113,0.0,0.0,0.0,0.44040247678018574,0.4539823008849557,0.4415584526838991,0.45475113122171945,0.4468097890743483,0.4859069669135048,0.5247762159801056,0,1,657000.0,0.43488372093023253,0.44892221180880976,118000.0,0,0,37,319.0
726,200000.0,12.0,0.4646406293882584,0.0,0.0,0.0,0.45774647887323944,0.4539823008849557,0.3931036562142931,0.45433255269320844,0.3739186560656616,0.5217257015040757,0.490206851056817,0,0,15650000.0,0.4568764568764569,0.47386172006745364,2237000.0,0,0,35,472.0
727,1270000.0,12.0,0.4220779627191293,0.0,0.0,40000.0,0.45774647887323944,0.4694783573806881,0.3971634082048179,0.44281793229643185,0.43697478992002986,0.4321363669380822,0.3156771054360342,0,0,23179000.0,0.45364536453645365,0.45443645083932854,3125000.0,0,0,36,381.0
728,180000.0,16.0,0.4774317289223725,0.0,0.0,0.0,0.44040247678018574,0.4694783573806881,0.3971634082048179,0.45433255269320844,0.46907216438869503,0.46721243412305624,0.39551727687191446,0,0,1155000.0,0.4568764568764569,0.45443645083932854,257000.0,0,1,37,315.0
729,110000.0,15.0,0.49269077310150705,0.0,0.0,40000.0,0.468085106382978,0.4694783573806881,0.3900197525554698,0.44281793229643185,0.5031846524456339,0.48077782044892603,0.4037095629016318,0,1,645000.0,0.43488372093023253,0.45443645083932854,119000.0,0,1,37,316.0
730,230000.0,14.0,0.4360903840722853,0.0,0.0,180000.0,0.44040247678018574,0.4694783573806881,0.4415584526838991,0.44281793229643185,0.45864649596466484,0.4658901691183491,0.490206851056817,0,0,5669000.0,0.43488372093023253,0.44892221180880976,756000.0,0,0,39,466.89744512414535
731,630000.0,14.0,0.4581005575150995,0.0,0.0,150000.0,0.44040247678018574,0.4694783573806881,0.4121240088339391,0.45475113122171945,0.493908884521716,0.4395681403885853,0.42220278660777283,0,1,3156000.0,0.43488372093023253,0.47386172006745364,757000.0,0,0,32,323.0
732,1640000.0,18.0,0.46341463401227523,0.0,0.0,0.0,0.44040247678018574,0.4694783573806881,0.5257384019435941,0.44281793229643185,0.46907216438869503,0.4757214900689184,0.45989425850057764,0,0,17803000.0,0.45364536453645365,0.47386172006745364,3423000.0,0,0,31,554.0
733,180000.0,12.0,0.46341463401227523,0.0,0.0,605344.4272445821,0.44040247678018574,0.4694783573806881,0.5363528439845596,0.45475113122171945,0.417393662751422,0.46721243412305624,0.41240204586511464,0,1,1197000.0,0.43488372093023253,0.45443645083932854,222000.0,0,0,38,525.0
734,4490000.0,15.0,0.45453917520963155,0.0,0.0,6640000.0,0.45774647887323944,0.4694783573806881,0.4268739712093834,0.45433255269320844,0.44230917465915276,0.46721243412305624,0.3758582472222368,1,0,17186000.0,0.4568764568764569,0.44892221180880976,3467000.0,1,0,32,650.0
735,170000.0,11.0,0.4646406293882584,999.0,999.0,220000.0,0.45774647887323944,0.4129263913824057,0.4485294151733482,0.45045045045045046,0.417393662751422,0.37737165958551677,0.5233562461236126,1,1,10942000.0,0.45364536453645365,0.39678284182305634,1861000.0,1,0,37,368.0
736,150000.0,11.0,0.46341463401227523,806.0,806.0,10000.0,0.44040247678018574,0.4694783573806881,0.3900197525554698,0.45433255269320844,0.43697478992002986,0.36975187045665187,0.4530944584075768,0,0,1045000.0,0.43488372093023253,0.45443645083932854,134000.0,0,0,39,358.0
737,2450000.0,38.0,0.4581005575150995,0.0,0.0,1590000.0,0.44040247678018574,0.4539823008849557,0.3442355460389141,0.44281793229643185,0.4468097890743483,0.5164278000280932,0.4445473453127392,0,1,15434000.0,0.45364536453645365,0.47386172006745364,3194000.0,0,0,41,460.0
738,1400000.0,18.0,0.4581005575150995,0.0,0.0,0.0,0.44040247678018574,0.4539823008849557,0.4121240088339391,0.45045045045045046,0.37758024313602523,0.5071462083323844,0.4545481381730755,1,1,6558000.0,0.45364536453645365,0.45443645083932854,1124000.0,1,1,34,557.0
739,1200000.0,14.0,0.5065614987246854,0.0,0.0,0.0,0.44040247678018574,0.4694783573806881,0.45782858909969404,0.45045045045045046,0.4230769551118841,0.4757214900689184,0.6100509010581558,1,0,13982000.0,0.4568764568764569,0.45443645083932854,920000.0,1,1,39,570.0
740,3360000.0,11.0,0.3928574872021717,0.0,0.0,3460000.0,0.44040247678018574,0.4694783573806881,0.5056772402445142,0.45433255269320844,0.45890407585949666,0.49482456551750875,0.4606736933325396,1,0,254978000.0,0.4568764568764569,0.45443645083932854,3473000.0,1,0,37,595.0
741,3700000.0,17.0,0.4468949699527549,999.0,0.0,10000.0,0.45774647887323944,0.4539823008849557,0.4214287402257545,0.45433255269320844,0.3739186560656616,0.45192239757482366,0.4014334059125707,1,0,21394000.0,0.45364536453645365,0.45443645083932854,3545000.0,1,0,33,662.0
742,90000.0,17.0,0.5065614987246854,82.40884820747522,114.68688024408848,605344.4272445821,0.44040247678018574,0.4694783573806881,0.4268739712093834,0.45475113122171945,0.3739186560656616,0.5171573620994421,0.4037095629016318,0,0,2609000.0,0.4568764568764569,0.44892221180880976,107000.0,0,1,36,593.0
743,2300000.0,13.0,0.4375202018743684,275.0,217.0,50000.0,0.44040247678018574,0.4539823008849557,0.5056772402445142,0.45475113122171945,0.4687495951044435,0.3965552694677991,0.5233562461236126,1,0,14328000.0,0.43488372093023253,0.39678284182305634,2276000.0,1,0,38,466.89744512414535
744,160000.0,19.0,0.44387755113454985,101.0,101.0,20000.0,0.44040247678018574,0.4539823008849557,0.4415584526838991,0.45475113122171945,0.43697478992002986,0.37737165958551677,0.5009630346757856,1,0,1009000.0,0.43488372093023253,0.44892221180880976,197000.0,1,0,36,446.0
745,200000.0,14.0,0.49269077310150705,0.0,0.0,0.0,0.44040247678018574,0.4129263913824057,0.5257384019435941,0.45045045045045046,0.4687495951044435,0.40235614355016347,0.45200464380003236,0,0,3647000.0,0.45364536453645365,0.44892221180880976,658000.0,0,1,36,357.0
746,130000.0,11.0,0.44387755113454985,82.40884820747522,114.68688024408848,605344.4272445821,0.44040247678018574,0.4129263913824057,0.43902472242345825,0.45045045045045046,0.4511627906899892,0.3750074661878128,0.4270121893767379,1,1,11151000.0,0.45364536453645365,0.45443645083932854,2364000.0,1,0,40,342.0
747,110000.0,14.0,0.3892717187010617,0.0,0.0,0.0,0.40000603415401237,0.4129263913824057,0.4799991436755424,0.44281793229643185,0.4511627906899892,0.40002703158873276,0.4771498533714657,0,0,1742000.0,0.45364536453645365,0.44892221180880976,221000.0,0,0,36,429.0
748,5810000.0,17.0,0.4581005575150995,0.0,0.0,110000.0,0.44040247678018574,0.4129263913824057,0.3900197525554698,0.44281793229643185,0.4687495951044435,0.4395681403885853,0.5035331693654489,0,0,94259000.0,0.4568764568764569,0.44892221180880976,4326000.0,0,1,34,403.0
749,240000.0,13.0,0.46341463401227523,0.0,0.0,30000.0,0.45774647887323944,0.4694783573806881,0.5363528439845596,0.45045045045045046,0.5031846524456339,0.46721243412305624,0.5057373501577225,0,0,5520000.0,0.4568764568764569,0.44892221180880976,562000.0,0,1,37,409.0
750,480000.0,10.0,0.49269077310150705,0.0,0.0,2670000.0,0.468085106382978,0.4694783573806881,0.36271363783177113,0.44281793229643185,0.4230769551118841,0.5183627257078485,0.36641942856818427,0,1,903000.0,0.43488372093023253,0.47386172006745364,563000.0,0,1,38,466.89744512414535
751,120000.0,13.0,0.3971634082048179,0.0,0.0,0.0,0.45774647887323944,0.4129263913824057,0.46428416000978534,0.45475113122171945,0.43697478992002986,0.4339650140059905,0.47681005690163497,0,0,2195000.0,0.45364536453645365,0.39678284182305634,350000.0,0,0,36,577.0
752,200000.0,13.0,0.4498690306228219,0.0,0.0,0.0,0.44040247678018574,0.4129263913824057,0.5257384019435941,0.44281793229643185,0.4583333330136348,0.45677246944372973,0.40582917672392776,0,0,847000.0,0.45364536453645365,0.44892221180880976,220000.0,0,1,36,315.0
753,3390000.0,13.0,0.44387755113454985,0.0,0.0,0.0,0.44040247678018574,0.4539823008849557,0.3442355460389141,0.44281793229643185,0.4511627906899892,0.3965552694677991,0.41240204586511464,0,0,74196000.0,0.43488372093023253,0.47386172006745364,2562000.0,0,0,38,560.0
754,1640000.0,4.0,0.4498690306228219,0.0,0.0,0.0,0.44040247678018574,0.4336917562724873,0.4799991436755424,0.45433255269320844,0.43697478992002986,0.3750074661878128,0.5081959184294307,1,1,7640000.0,0.45364536453645365,0.39678284182305634,2097000.0,1,0,32,454.0
755,1410000.0,14.0,0.44387755113454985,0.0,30.0,2970000.0,0.44040247678018574,0.4694783573806881,0.3931036562142931,0.45045045045045046,0.4687495951044435,0.4395681403885853,0.46016463299084465,1,0,11913000.0,0.4568764568764569,0.44892221180880976,1277000.0,1,1,38,523.0
756,4560000.0,18.0,0.4360903840722853,0.0,0.0,0.0,0.44040247678018574,0.4539823008849557,0.43902472242345825,0.45045045045045046,0.4583333330136348,0.4321363669380822,0.42604008664425413,0,0,29765000.0,0.43488372093023253,0.45443645083932854,5824000.0,0,1,37,396.0
757,220000.0,14.0,0.46341463401227523,0.0,0.0,0.0,0.45774647887323944,0.4539823008849557,0.44545497076419477,0.45475113122171945,0.4230769551118841,0.4757214900689184,0.6100509010581558,0,0,5739000.0,0.45364536453645365,0.45443645083932854,881000.0,0,0,37,474.0
758,1310000.0,18.0,0.3971634082048179,0.0,0.0,0.0,0.45774647887323944,0.4129263913824057,0.44545497076419477,0.44281793229643185,0.45864649596466484,0.4395681403885853,0.42220278660777283,0,1,5849000.0,0.4568764568764569,0.45443645083932854,1362000.0,0,1,36,597.0
759,1340000.0,19.0,0.4646406293882584,0.0,0.0,0.0,0.45774647887323944,0.4539823008849557,0.5257384019435941,0.44281793229643185,0.4511627906899892,0.4339650140059905,0.5485893972844256,1,0,13303000.0,0.45364536453645365,0.45443645083932854,2992000.0,1,0,35,382.0
760,2070000.0,33.0,0.4646406293882584,0.0,0.0,0.0,0.45774647887323944,0.4694783573806881,0.5069442053895509,0.44281793229643185,0.3739186560656616,0.3721191346526487,0.4014334059125707,1,0,8125000.0,0.43488372093023253,0.44892221180880976,3535000.0,1,1,40,490.0
761,2200000.0,16.0,0.4906797478948485,0.0,0.0,140000.0,0.44040247678018574,0.4129263913824057,0.46428416000978534,0.44281793229643185,0.4511627906899892,0.48068087923257147,0.4769970982233268,0,1,3545000.0,0.4568764568764569,0.45443645083932854,2162000.0,0,1,32,419.0
762,1960000.0,17.0,0.3892717187010617,0.0,0.0,0.0,0.44040247678018574,0.4539823008849557,0.4214287402257545,0.45475113122171945,0.4604834864076457,0.3750074661878128,0.44084111937285236,0,0,16472000.0,0.45364536453645365,0.47386172006745364,3903000.0,0,1,37,441.0
763,5590000.0,17.0,0.4706709757445273,0.0,0.0,0.0,0.45774647887323944,0.4539823008849557,0.470084171924464,0.44281793229643185,0.4905583684264643,0.45677246944372973,0.490206851056817,0,1,90626000.0,0.4568764568764569,0.47386172006745364,4166000.0,0,0,35,433.0
764,3420000.0,14.0,0.3892717187010617,0.0,0.0,0.0,0.45774647887323944,0.4539823008849557,0.3900197525554698,0.45433255269320844,0.414225941433284,0.4658901691183491,0.348329989309645,1,0,49175000.0,0.4568764568764569,0.44892221180880976,5802000.0,1,0,34,658.0
765,910000.0,11.0,0.4498690306228219,0.0,8.0,160000.0,0.45774647887323944,0.4129263913824057,0.44545497076419477,0.45475113122171945,0.414225941433284,0.45192239757482366,0.44084111937285236,1,0,66366000.0,0.43488372093023253,0.39678284182305634,812000.0,1,1,38,482.0
766,3510000.0,14.0,0.37392616919315497,0.0,0.0,50000.0,0.44040247678018574,0.4129263913824057,0.5375745064065167,0.45433255269320844,0.46907216438869503,0.46721243412305624,0.4769970982233268,0,1,37568000.0,0.45364536453645365,0.45443645083932854,2852000.0,0,0,38,389.0
767,160000.0,18.0,0.49269077310150705,58.0,58.0,4900000.0,0.44040247678018574,0.4694783573806881,0.4956486747857908,0.45045045045045046,0.4905583684264643,0.4757214900689184,0.5035331693654489,1,0,1278000.0,0.45364536453645365,0.47386172006745364,156000.0,1,0,36,669.0
768,190000.0,3.0,0.4220779627191293,0.0,0.0,0.0,0.468085106382978,0.4539823008849557,0.4445473453127392,0.44281793229643185,0.414225941433284,0.45331529430883266,0.5023579265365139,0,0,786000.0,0.43488372093023253,0.39678284182305634,178000.0,0,1,41,375.0
769,170000.0,13.0,0.4646406293882584,167.0,167.0,170000.0,0.45774647887323944,0.4539823008849557,0.46428416000978534,0.45045045045045046,0.4230769551118841,0.45331529430883266,0.4425020459775707,1,0,1569000.0,0.4568764568764569,0.47386172006745364,290000.0,1,1,39,354.0
770,170000.0,10.0,0.46341463401227523,297.0,360.0,160000.0,0.468085106382978,0.4539823008849557,0.4214287402257545,0.44281793229643185,0.4583333330136348,0.3810650946770142,0.4375202018743684,1,0,3437000.0,0.45364536453645365,0.44892221180880976,550000.0,1,0,39,443.0
771,2650000.0,16.0,0.4220779627191293,0.0,0.0,0.0,0.45774647887323944,0.4539823008849557,0.4956486747857908,0.45475113122171945,0.417393662751422,0.43679650911494705,0.5157460113123283,0,1,17713000.0,0.43488372093023253,0.44892221180880976,4371000.0,0,0,36,578.0
772,180000.0,11.0,0.4615356204904945,0.0,0.0,1630000.0,0.44040247678018574,0.4539823008849557,0.4214287402257545,0.45045045045045046,0.45890407585949666,0.4859069669135048,0.490206851056817,1,0,3615000.0,0.4568764568764569,0.47386172006745364,203000.0,1,1,37,618.0
773,2210000.0,3.0,0.4646406293882584,82.40884820747522,114.68688024408848,0.0,0.44040247678018574,0.4539823008849557,0.470084171924464,0.45433255269320844,0.4905583684264643,0.48077782044892603,0.45745399554685107,0,0,9109000.0,0.45364536453645365,0.47386172006745364,2391000.0,0,0,31,354.0
774,120000.0,10.0,0.3928574872021717,0.0,0.0,30000.0,0.44040247678018574,0.4539823008849557,0.4415584526838991,0.44281793229643185,0.3541279498012266,0.4859069669135048,0.5485893972844256,0,1,1346000.0,0.45364536453645365,0.47386172006745364,148000.0,0,0,36,348.0
775,690000.0,19.0,0.4646406293882584,0.0,0.0,0.0,0.45774647887323944,0.4694783573806881,0.3931036562142931,0.45475113122171945,0.417393662751422,0.4468949699527549,0.40571030945850584,0,1,4587000.0,0.4568764568764569,0.39678284182305634,916000.0,0,1,34,642.0
776,1590000.0,17.0,0.4747378959928985,124.0,124.0,110000.0,0.45774647887323944,0.4539823008849557,0.4799991436755424,0.45045045045045046,0.414225941433284,0.4658901691183491,0.5134854957775883,0,0,9006000.0,0.4568764568764569,0.44892221180880976,1557000.0,0,0,33,533.0
777,170000.0,14.0,0.4581005575150995,0.0,0.0,0.0,0.45774647887323944,0.4129263913824057,0.5363528439845596,0.45475113122171945,0.37758024313602523,0.45677246944372973,0.39896986903151255,0,1,1165000.0,0.43488372093023253,0.39678284182305634,140000.0,0,0,37,477.0
778,2830000.0,12.0,0.44387755113454985,881.0,881.0,2620000.0,0.44040247678018574,0.4694783573806881,0.3931036562142931,0.45045045045045046,0.5031846524456339,0.43574970796090917,0.3270423716835601,1,1,30922000.0,0.4568764568764569,0.44892221180880976,3128000.0,1,0,38,401.0
779,130000.0,14.0,0.4906797478948485,0.0,0.0,0.0,0.44040247678018574,0.4336917562724873,0.3900197525554698,0.44281793229643185,0.414225941433284,0.5171573620994421,0.37192363309077975,0,0,1206000.0,0.4568764568764569,0.45443645083932854,170000.0,0,1,38,541.0
780,2620000.0,16.0,0.4906797478948485,0.0,0.0,10000.0,0.45774647887323944,0.4694783573806881,0.3442355460389141,0.45475113122171945,0.4583333330136348,0.40002703158873276,0.36719335159199484,0,0,19916000.0,0.45364536453645365,0.44892221180880976,4357000.0,0,0,34,487.0
781,1340000.0,21.0,0.4220779627191293,0.0,13.0,3300000.0,0.45774647887323944,0.4694783573806881,0.3442355460389141,0.44281793229643185,0.45864649596466484,0.5071462083323844,0.45745399554685107,1,1,4069000.0,0.45364536453645365,0.44892221180880976,1356000.0,1,1,40,449.0
782,180000.0,14.0,0.4360903840722853,0.0,0.0,20000.0,0.468085106382978,0.4539823008849557,0.4415584526838991,0.45433255269320844,0.414225941433284,0.3965552694677991,0.36641942856818427,0,1,11094000.0,0.4568764568764569,0.47386172006745364,177000.0,0,1,37,455.0
783,1530000.0,12.0,0.4220779627191293,14.0,30.0,620000.0,0.45774647887323944,0.4694783573806881,0.46428416000978534,0.45433255269320844,0.4687495951044435,0.45192239757482366,0.47681005690163497,0,0,32910000.0,0.43488372093023253,0.44892221180880976,3837000.0,0,0,36,404.0
784,600000.0,14.0,0.44387755113454985,0.0,0.0,1050000.0,0.45774647887323944,0.4336917562724873,0.5363528439845596,0.45475113122171945,0.43096844666979034,0.46721243412305624,0.42220278660777283,0,1,22551000.0,0.4568764568764569,0.47386172006745364,2455000.0,0,1,36,575.0
785,150000.0,17.0,0.4646406293882584,0.0,0.0,0.0,0.468085106382978,0.4539823008849557,0.4268739712093834,0.45475113122171945,0.414225941433284,0.3750074661878128,0.4407909194105085,0,0,741000.0,0.43488372093023253,0.45443645083932854,184000.0,0,0,36,368.0
786,4560000.0,14.0,0.46341463401227523,0.0,0.0,0.0,0.44040247678018574,0.4694783573806881,0.4799991436755424,0.45475113122171945,0.493908884521716,0.45331529430883266,0.4789986557881242,0,0,81922000.0,0.4568764568764569,0.44892221180880976,4322000.0,0,0,34,313.0
787,3200000.0,15.0,0.4706709757445273,0.0,0.0,0.0,0.468085106382978,0.4336917562724873,0.4415584526838991,0.44281793229643185,0.37758024313602523,0.4757214900689184,0.3904954284948803,0,1,121066000.0,0.45364536453645365,0.44892221180880976,2481000.0,0,0,37,468.0
788,2910000.0,20.0,0.44387755113454985,0.0,0.0,420000.0,0.45774647887323944,0.4539823008849557,0.36271363783177113,0.45475113122171945,0.43697478992002986,0.46721243412305624,0.348329989309645,1,0,115803000.0,0.45364536453645365,0.44892221180880976,3424000.0,1,1,40,414.0
789,180000.0,10.0,0.46341463401227523,0.0,0.0,0.0,0.468085106382978,0.4694783573806881,0.3900197525554698,0.45475113122171945,0.34356713843530684,0.5217257015040757,0.49646711594687815,0,0,5929000.0,0.43488372093023253,0.39678284182305634,904000.0,0,0,37,466.89744512414535
790,2460000.0,15.0,0.4220779627191293,0.0,0.0,2300000.0,0.44040247678018574,0.4694783573806881,0.4415584526838991,0.45475113122171945,0.4583333330136348,0.5217257015040757,0.423941142391273,1,0,16676000.0,0.4568764568764569,0.44892221180880976,3016000.0,1,0,34,488.0
791,170000.0,38.0,0.4646406293882584,49.0,157.0,140000.0,0.44040247678018574,0.4129263913824057,0.41581515781000167,0.45475113122171945,0.4905583684264643,0.5491139021556548,0.4014334059125707,1,0,1224000.0,0.4568764568764569,0.47386172006745364,232000.0,1,1,39,441.0
792,850000.0,3.0,0.44387755113454985,816.0,816.0,220000.0,0.44040247678018574,0.4539823008849557,0.5159288114711631,0.45475113122171945,0.4511627906899892,0.4395681403885853,0.45200464380003236,0,0,3561000.0,0.45364536453645365,0.39678284182305634,695000.0,0,1,32,491.0
793,720000.0,14.0,0.3971634082048179,0.0,0.0,1220000.0,0.45774647887323944,0.4129263913824057,0.4799991436755424,0.45475113122171945,0.44230917465915276,0.45192239757482366,0.4789986557881242,1,0,4202000.0,0.45364536453645365,0.44892221180880976,542000.0,1,0,38,363.0
794,190000.0,14.0,0.4581005575150995,82.40884820747522,114.68688024408848,605344.4272445821,0.44040247678018574,0.4539823008849557,0.40571030945850584,0.45475113122171945,0.46907216438869503,0.45677246944372973,0.5233562461236126,0,0,7577000.0,0.4568764568764569,0.47386172006745364,1197000.0,0,0,37,449.0
795,100000.0,12.0,0.4581005575150995,82.40884820747522,114.68688024408848,605344.4272445821,0.45774647887323944,0.4539823008849557,0.5069442053895509,0.44281793229643185,0.43096844666979034,0.46365822718746796,0.5157460113123283,0,0,939000.0,0.45364536453645365,0.47386172006745364,99000.0,0,0,37,313.0
796,790000.0,15.0,0.49269077310150705,82.40884820747522,114.68688024408848,0.0,0.468085106382978,0.4539823008849557,0.4214287402257545,0.45433255269320844,0.414225941433284,0.531814720884261,0.4139523428902476,0,0,5694000.0,0.44758586022284785,0.44892221180880976,977000.0,0,0,33,395.0
797,200000.0,18.0,0.45453917520963155,322.0,322.0,80000.0,0.44040247678018574,0.4694783573806881,0.41581515781000167,0.44281793229643185,0.414225941433284,0.3810650946770142,0.5582615046868826,0,0,828000.0,0.45364536453645365,0.44892221180880976,193000.0,0,0,35,319.0
798,4030000.0,19.0,0.45453917520963155,0.0,0.0,0.0,0.44040247678018574,0.4539823008849557,0.4415584526838991,0.45433255269320844,0.43697478992002986,0.36975187045665187,0.40571030945850584,0,0,72351000.0,0.45364536453645365,0.44892221180880976,5169000.0,0,0,36,637.0
799,390000.0,14.0,0.44387755113454985,0.0,0.0,0.0,0.44040247678018574,0.4694783573806881,0.3931036562142931,0.45433255269320844,0.3541279498012266,0.4757214900689184,0.5035331693654489,0,0,2133000.0,0.45364536453645365,0.45443645083932854,429000.0,0,1,36,535.0
800,3440000.0,16.0,0.4581005575150995,0.0,0.0,170000.0,0.468085106382978,0.4129263913824057,0.4956486747857908,0.44281793229643185,0.4687495951044435,0.45331529430883266,0.5233562461236126,0,1,39767000.0,0.45364536453645365,0.45443645083932854,2848000.0,0,0,36,392.0
801,220000.0,14.0,0.5065614987246854,0.0,0.0,0.0,0.45774647887323944,0.4539823008849557,0.5056772402445142,0.45475113122171945,0.43096844666979034,0.3965552694677991,0.36641942856818427,0,1,3085000.0,0.45364536453645365,0.39678284182305634,448000.0,0,0,37,523.0
802,1050000.0,15.0,0.4581005575150995,0.0,0.0,0.0,0.45774647887323944,0.4694783573806881,0.470084171924464,0.44281793229643185,0.4604834864076457,0.4395681403885853,0.49315734568265995,0,0,7365000.0,0.45364536453645365,0.39678284182305634,1555000.0,0,0,35,456.0
803,190000.0,21.0,0.4668770371178462,605.0,605.0,90000.0,0.468085106382978,0.4336917562724873,0.5375745064065167,0.44281793229643185,0.4511627906899892,0.531814720884261,0.6100509010581558,1,1,1784000.0,0.43488372093023253,0.39678284182305634,196000.0,1,1,39,466.89744512414535
804,1810000.0,17.0,0.4498690306228219,0.0,30.0,1800000.0,0.45774647887323944,0.4129263913824057,0.4485294151733482,0.45045045045045046,0.45864649596466484,0.45331529430883266,0.4653190175668822,1,0,20173000.0,0.43488372093023253,0.45443645083932854,3793000.0,1,0,36,510.0
805,4420000.0,18.0,0.46341463401227523,0.0,0.0,340000.0,0.468085106382978,0.4694783573806881,0.3971634082048179,0.44281793229643185,0.4511627906899892,0.36975187045665187,0.4543800115079512,0,0,34899000.0,0.4568764568764569,0.44892221180880976,4451000.0,0,0,34,518.0
806,3260000.0,12.0,0.4646406293882584,0.0,0.0,605344.4272445821,0.44040247678018574,0.4539823008849557,0.5375745064065167,0.45045045045045046,0.4604834864076457,0.4658901691183491,0.40571030945850584,0,0,47020000.0,0.45364536453645365,0.44892221180880976,2501000.0,0,0,38,413.0
807,210000.0,12.0,0.4278491036733748,0.0,0.0,0.0,0.40000603415401237,0.4694783573806881,0.5254093931718659,0.45045045045045046,0.43096844666979034,0.49482456551750875,0.3580839468498659,0,0,2559000.0,0.43488372093023253,0.44892221180880976,542000.0,0,0,38,466.89744512414535
808,190000.0,17.0,0.4278491036733748,0.0,0.0,0.0,0.44040247678018574,0.4129263913824057,0.4799991436755424,0.44281793229643185,0.4905583684264643,0.49482456551750875,0.4653190175668822,0,0,1192000.0,0.43488372093023253,0.44892221180880976,174000.0,0,1,37,502.0
809,180000.0,12.0,0.3971634082048179,82.40884820747522,114.68688024408848,605344.4272445821,0.44040247678018574,0.4129263913824057,0.5056772402445142,0.45475113122171945,0.4583333330136348,0.40235614355016347,0.5023579265365139,1,0,18347000.0,0.4568764568764569,0.47386172006745364,3734000.0,1,0,36,476.0
810,320000.0,17.0,0.4844907454931315,0.0,0.0,0.0,0.44040247678018574,0.4539823008849557,0.5257384019435941,0.45475113122171945,0.43697478992002986,0.531814720884261,0.45745399554685107,1,0,1370000.0,0.43488372093023253,0.44892221180880976,261000.0,1,0,37,466.89744512414535
811,820000.0,10.0,0.44387755113454985,30.0,15.0,180000.0,0.44040247678018574,0.4539823008849557,0.5375745064065167,0.45045045045045046,0.5063919873437158,0.5171573620994421,0.4037095629016318,1,0,20722000.0,0.43488372093023253,0.44892221180880976,3137000.0,1,0,37,568.0
812,200000.0,14.0,0.3928574872021717,0.0,0.0,0.0,0.44040247678018574,0.4539823008849557,0.4485294151733482,0.45475113122171945,0.43697478992002986,0.36975187045665187,0.4106715025408491,0,1,3714000.0,0.4568764568764569,0.39678284182305634,482000.0,0,0,36,354.0
813,1010000.0,36.0,0.4220779627191293,0.0,0.0,0.0,0.44040247678018574,0.4694783573806881,0.46428416000978534,0.45433255269320844,0.414225941433284,0.45677246944372973,0.490206851056817,1,0,9340000.0,0.43488372093023253,0.45443645083932854,1149000.0,1,0,39,573.0
814,200000.0,14.0,0.4615356204904945,0.0,0.0,0.0,0.44040247678018574,0.4694783573806881,0.416387268320036,0.45045045045045046,0.4905583684264643,0.3810650946770142,0.45200464380003236,1,0,2745000.0,0.45364536453645365,0.45443645083932854,505000.0,1,0,38,420.0
815,210000.0,11.0,0.4581005575150995,0.0,0.0,0.0,0.44040247678018574,0.4539823008849557,0.3931036562142931,0.45475113122171945,0.4583333330136348,0.4859069669135048,0.5363489679286931,1,1,1876000.0,0.45364536453645365,0.44892221180880976,241000.0,1,0,37,466.89744512414535
816,1920000.0,16.0,0.4375202018743684,0.0,0.0,3430000.0,0.44040247678018574,0.4694783573806881,0.4799991436755424,0.45475113122171945,0.4905583684264643,0.36975187045665187,0.42220278660777283,0,0,11650000.0,0.45364536453645365,0.44892221180880976,1812000.0,0,0,31,542.0
817,170000.0,13.0,0.4646406293882584,0.0,0.0,0.0,0.45774647887323944,0.4694783573806881,0.41581515781000167,0.44281793229643185,0.5031846524456339,0.3965552694677991,0.36641942856818427,0,0,1625000.0,0.4568764568764569,0.45443645083932854,332000.0,0,0,37,349.0
818,2690000.0,29.0,0.3971634082048179,0.0,0.0,0.0,0.45774647887323944,0.4129263913824057,0.3442355460389141,0.44281793229643185,0.3541279498012266,0.4658901691183491,0.4543800115079512,0,0,910000.0,0.45364536453645365,0.44892221180880976,2996000.0,0,1,40,450.0
819,160000.0,10.0,0.35775698265868106,753.0,753.0,220000.0,0.44040247678018574,0.4539823008849557,0.36271363783177113,0.44281793229643185,0.5592064152301905,0.5164278000280932,0.45745399554685107,1,0,2013000.0,0.4568764568764569,0.44892221180880976,346000.0,1,0,38,747.0
820,1170000.0,10.0,0.44387755113454985,0.0,0.0,0.0,0.45774647887323944,0.4336917562724873,0.43902472242345825,0.45433255269320844,0.4583333330136348,0.5491139021556548,0.4530944584075768,0,0,23873000.0,0.43488372093023253,0.45443645083932854,4472000.0,0,0,34,341.0
821,80000.0,11.0,0.4074136609653927,0.0,0.0,605344.4272445821,0.45774647887323944,0.4129263913824057,0.4121240088339391,0.44281793229643185,0.414225941433284,0.45331529430883266,0.4505327389584535,0,0,4134000.0,0.4568764568764569,0.39678284182305634,94000.0,0,1,39,389.0
822,1820000.0,14.0,0.4360903840722853,0.0,0.0,0.0,0.44040247678018574,0.4129263913824057,0.30013565669860115,0.44281793229643185,0.45864649596466484,0.5164278000280932,0.4530944584075768,0,0,4324000.0,0.4568764568764569,0.47386172006745364,1798000.0,0,1,35,397.0
823,4130000.0,18.0,0.49269077310150705,0.0,0.0,2060000.0,0.45774647887323944,0.4539823008849557,0.4799991436755424,0.45045045045045046,0.4583333330136348,0.36975187045665187,0.36719335159199484,0,1,29902000.0,0.4568764568764569,0.44892221180880976,4022000.0,0,0,36,666.0
824,160000.0,14.0,0.5065614987246854,0.0,0.0,0.0,0.45774647887323944,0.4539823008849557,0.36271363783177113,0.44281793229643185,0.414225941433284,0.5071462083323844,0.4106715025408491,1,0,5637000.0,0.45364536453645365,0.39678284182305634,676000.0,1,1,36,420.0
825,230000.0,11.0,0.3892717187010617,0.0,0.0,0.0,0.45774647887323944,0.4539823008849557,0.5165869667180779,0.44281793229643185,0.4905583684264643,0.40002703158873276,0.4014334059125707,0,0,2162000.0,0.45364536453645365,0.44892221180880976,251000.0,0,0,37,297.0
826,1650000.0,14.0,0.3928574872021717,0.0,0.0,0.0,0.45774647887323944,0.4129263913824057,0.4799991436755424,0.44281793229643185,0.44230917465915276,0.4339650140059905,0.48253847709585634,0,0,10074000.0,0.45364536453645365,0.47386172006745364,2272000.0,0,1,35,509.0
827,210000.0,14.0,0.5628080317442733,0.0,0.0,330000.0,0.44040247678018574,0.4694783573806881,0.36271363783177113,0.45045045045045046,0.45890407585949666,0.4757214900689184,0.5602211136196202,1,0,1406000.0,0.43488372093023253,0.44892221180880976,211000.0,1,1,38,460.0
828,160000.0,12.0,0.40004455157916113,0.0,0.0,0.0,0.44040247678018574,0.4539823008849557,0.5257384019435941,0.44281793229643185,0.5315593642552221,0.3965552694677991,0.5233562461236126,0,0,2307000.0,0.45364536453645365,0.47386172006745364,316000.0,0,0,38,318.0
829,1560000.0,4.0,0.4615356204904945,82.40884820747522,114.68688024408848,0.0,0.45774647887323944,0.4694783573806881,0.4121240088339391,0.45475113122171945,0.37758024313602523,0.45677246944372973,0.383357340467756,0,0,5028000.0,0.4568764568764569,0.47386172006745364,1234000.0,0,1,32,569.0
830,4080000.0,17.0,0.4581005575150995,0.0,0.0,0.0,0.44040247678018574,0.4694783573806881,0.5363528439845596,0.44281793229643185,0.43697478992002986,0.4395681403885853,0.4270121893767379,0,0,63598000.0,0.43488372093023253,0.47386172006745364,4981000.0,0,0,35,552.0
831,230000.0,12.0,0.35775698265868106,0.0,0.0,0.0,0.44040247678018574,0.4129263913824057,0.44545497076419477,0.45433255269320844,0.4511627906899892,0.4321363669380822,0.41315158258670154,1,0,2336000.0,0.45364536453645365,0.45443645083932854,341000.0,1,0,37,417.0
832,170000.0,10.0,0.4375202018743684,521.0,521.0,280000.0,0.45774647887323944,0.4694783573806881,0.416387268320036,0.45475113122171945,0.4687495951044435,0.5071462083323844,0.39896986903151255,0,0,2081000.0,0.45364536453645365,0.47386172006745364,258000.0,0,0,36,525.0
833,2960000.0,15.0,0.4220779627191293,82.40884820747522,114.68688024408848,605344.4272445821,0.44040247678018574,0.4694783573806881,0.4415584526838991,0.45433255269320844,0.43697478992002986,0.5164278000280932,0.423941142391273,1,0,14245000.0,0.4568764568764569,0.47386172006745364,3224000.0,1,0,36,552.0
834,390000.0,14.0,0.44387755113454985,0.0,0.0,0.0,0.468085106382978,0.4539823008849557,0.470084171924464,0.45045045045045046,0.414225941433284,0.49482456551750875,0.5057373501577225,1,0,2057000.0,0.45364536453645365,0.44892221180880976,279000.0,1,0,31,436.0
835,1130000.0,18.0,0.4581005575150995,82.40884820747522,114.68688024408848,605344.4272445821,0.45774647887323944,0.4129263913824057,0.43902472242345825,0.45475113122171945,0.46907216438869503,0.5183627257078485,0.42220278660777283,0,0,7041000.0,0.45364536453645365,0.47386172006745364,1561000.0,0,1,36,481.0
836,120000.0,14.0,0.45453917520963155,0.0,0.0,20000.0,0.45774647887323944,0.4694783573806881,0.4415584526838991,0.44281793229643185,0.46907216438869503,0.5217257015040757,0.3244469103797425,0,1,5506000.0,0.4568764568764569,0.45443645083932854,82000.0,0,1,36,533.0
837,170000.0,6.0,0.4220779627191293,0.0,0.0,0.0,0.45774647887323944,0.4129263913824057,0.4415584526838991,0.44281793229643185,0.417393662751422,0.37737165958551677,0.40582917672392776,0,0,771000.0,0.4568764568764569,0.45443645083932854,259000.0,0,0,39,431.0
838,150000.0,14.0,0.4581005575150995,0.0,0.0,0.0,0.44040247678018574,0.4539823008849557,0.4956486747857908,0.45475113122171945,0.43697478992002986,0.4757214900689184,0.46629820821531875,0,1,722000.0,0.43488372093023253,0.45443645083932854,99000.0,0,1,39,321.0
839,220000.0,12.0,0.4646406293882584,0.0,0.0,0.0,0.45774647887323944,0.4694783573806881,0.470084171924464,0.45475113122171945,0.414225941433284,0.49482456551750875,0.41047292637935173,0,0,4232000.0,0.4568764568764569,0.44892221180880976,218000.0,0,1,38,305.0
840,450000.0,13.0,0.5628080317442733,0.0,0.0,1460000.0,0.45774647887323944,0.4539823008849557,0.3442355460389141,0.44281793229643185,0.4230769551118841,0.45192239757482366,0.5485893972844256,1,0,9495000.0,0.4568764568764569,0.45443645083932854,1264000.0,1,0,38,499.0
841,550000.0,18.0,0.4774317289223725,0.0,0.0,120000.0,0.44040247678018574,0.4539823008849557,0.4268739712093834,0.44281793229643185,0.45890407585949666,0.5164278000280932,0.3270423716835601,0,1,2774000.0,0.45364536453645365,0.44892221180880976,586000.0,0,1,36,431.0
842,1680000.0,18.0,0.46341463401227523,59.0,59.0,1270000.0,0.44040247678018574,0.4539823008849557,0.4214287402257545,0.45475113122171945,0.417393662751422,0.379712180659019,0.4425020459775707,1,1,13936000.0,0.43488372093023253,0.45443645083932854,2730000.0,1,0,35,401.0
843,1560000.0,17.0,0.3892717187010617,0.0,0.0,0.0,0.44040247678018574,0.4694783573806881,0.5069442053895509,0.45045045045045046,0.5063919873437158,0.5217257015040757,0.5081959184294307,0,0,9824000.0,0.43488372093023253,0.45443645083932854,2113000.0,0,1,35,442.0
844,150000.0,10.0,0.46341463401227523,0.0,0.0,605344.4272445821,0.45774647887323944,0.4336917562724873,0.4799991436755424,0.45475113122171945,0.45864649596466484,0.4658901691183491,0.4425020459775707,0,0,1065000.0,0.45364536453645365,0.39678284182305634,153000.0,0,0,38,315.0
845,170000.0,14.0,0.4498690306228219,246.0,246.0,10000.0,0.468085106382978,0.4129263913824057,0.4268739712093834,0.45433255269320844,0.43697478992002986,0.45677246944372973,0.6100509010581558,0,0,937000.0,0.4568764568764569,0.47386172006745364,158000.0,0,0,36,462.0
846,170000.0,13.0,0.46341463401227523,0.0,0.0,605344.4272445821,0.45774647887323944,0.4539823008849557,0.3900197525554698,0.44281793229643185,0.4511627906899892,0.43679650911494705,0.5220031427533425,0,1,5471000.0,0.45364536453645365,0.44892221180880976,931000.0,0,0,37,421.0
847,1400000.0,10.0,0.4581005575150995,0.0,0.0,0.0,0.468085106382978,0.4694783573806881,0.3971634082048179,0.45475113122171945,0.414225941433284,0.531814720884261,0.3758582472222368,1,0,9431000.0,0.4568764568764569,0.44892221180880976,1649000.0,1,0,37,466.89744512414535
848,180000.0,10.0,0.4747378959928985,0.0,0.0,0.0,0.45774647887323944,0.4539823008849557,0.45782858909969404,0.44281793229643185,0.4511627906899892,0.531814720884261,0.469407833203183,0,0,16672000.0,0.43488372093023253,0.39678284182305634,2656000.0,0,0,35,763.0
849,120000.0,16.0,0.4581005575150995,147.0,180.0,90000.0,0.40000603415401237,0.4336917562724873,0.5375745064065167,0.44281793229643185,0.3739186560656616,0.5164278000280932,0.5157460113123283,0,0,1246000.0,0.45364536453645365,0.47386172006745364,126000.0,0,0,36,388.0
850,4750000.0,19.0,0.4220779627191293,0.0,0.0,30000.0,0.45774647887323944,0.4694783573806881,0.5069442053895509,0.44281793229643185,0.43697478992002986,0.45677246944372973,0.5157460113123283,0,0,45476000.0,0.4568764568764569,0.45443645083932854,5065000.0,0,0,35,612.0
851,230000.0,12.0,0.45885149198403496,0.0,0.0,40000.0,0.468085106382978,0.4336917562724873,0.44545497076419477,0.45475113122171945,0.4511627906899892,0.5071462083323844,0.45745399554685107,0,0,2279000.0,0.45364536453645365,0.45443645083932854,317000.0,0,0,40,523.0
852,220000.0,11.0,0.4646406293882584,82.40884820747522,114.68688024408848,605344.4272445821,0.45774647887323944,0.4694783573806881,0.5257384019435941,0.45475113122171945,0.417393662751422,0.4339650140059905,0.45989425850057764,0,0,3231000.0,0.45364536453645365,0.47386172006745364,478000.0,0,0,36,482.0
853,170000.0,14.0,0.3892717187010617,0.0,0.0,0.0,0.44040247678018574,0.4539823008849557,0.38083308316558756,0.45475113122171945,0.5031846524456339,0.4444688960343153,0.5157460113123283,0,0,841000.0,0.43488372093023253,0.44892221180880976,197000.0,0,1,37,446.0
854,260000.0,13.0,0.4278491036733748,0.0,0.0,0.0,0.45774647887323944,0.4336917562724873,0.5375745064065167,0.45045045045045046,0.5606727833398578,0.3965552694677991,0.5009630346757856,1,1,3041000.0,0.45364536453645365,0.39678284182305634,563000.0,1,0,33,334.0
855,2570000.0,18.0,0.471073469342046,0.0,0.0,0.0,0.44040247678018574,0.4539823008849557,0.3971634082048179,0.45045045045045046,0.414225941433284,0.4321363669380822,0.4278491036733748,0,1,18820000.0,0.45364536453645365,0.44892221180880976,3504000.0,0,0,35,359.0
856,150000.0,13.0,0.4615356204904945,1808.0,1808.0,100000.0,0.45774647887323944,0.4129263913824057,0.3931036562142931,0.45433255269320844,0.5315593642552221,0.45192239757482366,0.3758582472222368,0,0,1157000.0,0.43488372093023253,0.44892221180880976,121000.0,0,0,37,447.0
857,5390000.0,15.0,0.4360903840722853,0.0,0.0,1120000.0,0.44040247678018574,0.4539823008849557,0.4485294151733482,0.44281793229643185,0.45890407585949666,0.46721243412305624,0.5233562461236126,0,0,35037000.0,0.45364536453645365,0.47386172006745364,5716000.0,0,1,35,500.0
858,2850000.0,15.0,0.49269077310150705,0.0,0.0,700000.0,0.44040247678018574,0.4694783573806881,0.3900197525554698,0.45045045045045046,0.4583333330136348,0.48068087923257147,0.4270121893767379,0,0,12461000.0,0.4568764568764569,0.47386172006745364,2402000.0,0,1,34,631.0
859,2130000.0,10.0,0.44387755113454985,0.0,0.0,0.0,0.45774647887323944,0.4694783573806881,0.4956486747857908,0.45475113122171945,0.44230917465915276,0.5217257015040757,0.5157460113123283,1,0,53479000.0,0.45364536453645365,0.44892221180880976,3193000.0,1,0,37,340.0
860,650000.0,15.0,0.4468949699527549,47.0,47.0,10000.0,0.45774647887323944,0.4336917562724873,0.3971634082048179,0.44281793229643185,0.37758024313602523,0.5164278000280932,0.469407833203183,0,0,4152000.0,0.45364536453645365,0.45443645083932854,596000.0,0,0,34,448.0
861,1760000.0,10.0,0.44387755113454985,0.0,0.0,0.0,0.44040247678018574,0.4129263913824057,0.470084171924464,0.45475113122171945,0.4230769551118841,0.40002703158873276,0.5035331693654489,0,0,10157000.0,0.43488372093023253,0.47386172006745364,1781000.0,0,1,36,521.0
862,170000.0,15.0,0.4360903840722853,0.0,0.0,0.0,0.44040247678018574,0.4129263913824057,0.4415584526838991,0.45475113122171945,0.3739186560656616,0.5164278000280932,0.44084111937285236,0,1,1134000.0,0.4568764568764569,0.47386172006745364,245000.0,0,0,36,454.0
863,5640000.0,17.0,0.5065614987246854,0.0,0.0,0.0,0.44040247678018574,0.4539823008849557,0.3971634082048179,0.45433255269320844,0.34356713843530684,0.5164278000280932,0.45745399554685107,0,1,41989000.0,0.4568764568764569,0.45443645083932854,5188000.0,0,0,34,550.0
864,210000.0,14.0,0.4668770371178462,0.0,0.0,0.0,0.44040247678018574,0.4694783573806881,0.5056772402445142,0.44281793229643185,0.5031846524456339,0.48068087923257147,0.4200393611163291,0,0,1106000.0,0.4568764568764569,0.47386172006745364,220000.0,0,0,36,504.0
865,180000.0,14.0,0.4278491036733748,0.0,180.0,50000.0,0.45774647887323944,0.4539823008849557,0.5069442053895509,0.45433255269320844,0.4583333330136348,0.49482456551750875,0.46629820821531875,0,1,25659000.0,0.45364536453645365,0.44892221180880976,2853000.0,0,0,38,423.0
866,200000.0,10.0,0.4615356204904945,289.0,289.0,60000.0,0.44040247678018574,0.4539823008849557,0.5363528439845596,0.45475113122171945,0.44230917465915276,0.49482456551750875,0.6100509010581558,1,0,9832000.0,0.45364536453645365,0.44892221180880976,1642000.0,1,0,38,348.0
867,190000.0,7.0,0.49269077310150705,0.0,0.0,0.0,0.45774647887323944,0.4694783573806881,0.5363528439845596,0.44281793229643185,0.4687495951044435,0.3680899177448659,0.4696533706380367,0,0,2274000.0,0.45364536453645365,0.47386172006745364,210000.0,0,1,39,340.0
868,150000.0,11.0,0.46341463401227523,0.0,0.0,20000.0,0.45774647887323944,0.4694783573806881,0.30013565669860115,0.44281793229643185,0.4583333330136348,0.4395681403885853,0.3156771054360342,0,1,2828000.0,0.45364536453645365,0.44892221180880976,151000.0,0,1,36,367.0
869,1110000.0,15.0,0.4360903840722853,0.0,0.0,0.0,0.45774647887323944,0.4129263913824057,0.3931036562142931,0.44281793229643185,0.43697478992002986,0.5071462083323844,0.49646711594687815,0,0,4914000.0,0.4568764568764569,0.47386172006745364,890000.0,0,1,36,408.0
870,1060000.0,16.0,0.4220779627191293,0.0,0.0,0.0,0.44040247678018574,0.4694783573806881,0.4485294151733482,0.45475113122171945,0.43697478992002986,0.37737165958551677,0.36576674063800674,0,0,4794000.0,0.4568764568764569,0.44892221180880976,1083000.0,0,0,37,484.0
871,200000.0,13.0,0.45885149198403496,0.0,0.0,120000.0,0.45774647887323944,0.4539823008849557,0.5159288114711631,0.44281793229643185,0.414225941433284,0.45677246944372973,0.6100509010581558,0,0,36639000.0,0.45364536453645365,0.47386172006745364,5557000.0,0,0,36,367.0
872,810000.0,17.0,0.4906797478948485,0.0,59.0,240000.0,0.45774647887323944,0.4539823008849557,0.4956486747857908,0.44281793229643185,0.45890407585949666,0.40235614355016347,0.6100509010581558,0,0,3641000.0,0.4568764568764569,0.39678284182305634,966000.0,0,0,36,476.0
873,4160000.0,14.0,0.471073469342046,0.0,0.0,1050000.0,0.40000603415401237,0.4539823008849557,0.45200464380003236,0.45045045045045046,0.5606727833398578,0.46721243412305624,0.40806474591452696,0,1,41903000.0,0.43488372093023253,0.44892221180880976,5120000.0,0,0,35,612.0
874,210000.0,12.0,0.46341463401227523,252.0,252.0,240000.0,0.45774647887323944,0.4129263913824057,0.4485294151733482,0.45433255269320844,0.4604834864076457,0.531814720884261,0.39551727687191446,0,0,3111000.0,0.45364536453645365,0.44892221180880976,443000.0,0,0,39,436.0
875,700000.0,17.0,0.3928574872021717,0.0,0.0,0.0,0.45774647887323944,0.4336917562724873,0.4214287402257545,0.45433255269320844,0.417393662751422,0.46721243412305624,0.4626438500979087,0,0,4136000.0,0.4568764568764569,0.44892221180880976,798000.0,0,0,37,399.0
876,2140000.0,17.0,0.4646406293882584,0.0,0.0,0.0,0.44040247678018574,0.4129263913824057,0.5159288114711631,0.44281793229643185,0.45864649596466484,0.531814720884261,0.41315158258670154,0,0,19557000.0,0.4568764568764569,0.44892221180880976,3295000.0,0,1,37,543.0
877,5890000.0,15.0,0.3928574872021717,0.0,0.0,3130000.0,0.44040247678018574,0.4694783573806881,0.3971634082048179,0.44281793229643185,0.4583333330136348,0.43574970796090917,0.4278491036733748,1,0,286855000.0,0.45364536453645365,0.39678284182305634,5482000.0,1,0,33,500.0
878,2090000.0,21.0,0.3971634082048179,0.0,0.0,1470000.0,0.44040247678018574,0.4694783573806881,0.5056772402445142,0.44281793229643185,0.417393662751422,0.5164278000280932,0.4545481381730755,0,1,10911000.0,0.45364536453645365,0.44892221180880976,3407000.0,0,0,39,579.0
879,670000.0,17.0,0.4220779627191293,0.0,0.0,40000.0,0.44040247678018574,0.4539823008849557,0.5257384019435941,0.44281793229643185,0.46907216438869503,0.4321363669380822,0.40571030945850584,0,0,479000.0,0.43488372093023253,0.47386172006745364,894000.0,0,1,36,453.0
880,3190000.0,17.0,0.4581005575150995,0.0,0.0,150000.0,0.44040247678018574,0.4336917562724873,0.3971634082048179,0.45475113122171945,0.5315593642552221,0.41322952719822703,0.3758582472222368,0,1,11347000.0,0.4568764568764569,0.44892221180880976,3856000.0,0,1,35,804.0
881,230000.0,12.0,0.4360903840722853,0.0,0.0,2130000.0,0.45774647887323944,0.4129263913824057,0.4485294151733482,0.44281793229643185,0.4230769551118841,0.4395681403885853,0.6100509010581558,1,0,12926000.0,0.43488372093023253,0.44892221180880976,308000.0,1,0,37,397.0
882,1090000.0,18.0,0.4581005575150995,186.0,186.0,2310000.0,0.468085106382978,0.4694783573806881,0.4445473453127392,0.44281793229643185,0.4468097890743483,0.3750074661878128,0.4771498533714657,1,1,5901000.0,0.4568764568764569,0.44892221180880976,1093000.0,1,0,33,593.0
883,300000.0,16.0,0.4220779627191293,0.0,0.0,160000.0,0.45774647887323944,0.4539823008849557,0.470084171924464,0.44281793229643185,0.4905583684264643,0.5164278000280932,0.4278491036733748,1,1,2929000.0,0.45364536453645365,0.45443645083932854,520000.0,1,1,32,466.89744512414535
884,2260000.0,11.0,0.45885149198403496,0.0,0.0,0.0,0.44040247678018574,0.4539823008849557,0.43902472242345825,0.45433255269320844,0.5315593642552221,0.37737165958551677,0.4106715025408491,0,0,114419000.0,0.45364536453645365,0.44892221180880976,2425000.0,0,1,37,340.0
885,2960000.0,14.0,0.4360903840722853,82.40884820747522,114.68688024408848,0.0,0.468085106382978,0.4539823008849557,0.4214287402257545,0.45475113122171945,0.4511627906899892,0.3810650946770142,0.44084111937285236,1,0,20049000.0,0.44758586022284785,0.45443645083932854,3151000.0,1,0,31,466.89744512414535
886,100000.0,13.0,0.4646406293882584,82.40884820747522,114.68688024408848,605344.4272445821,0.45774647887323944,0.4129263913824057,0.40571030945850584,0.44281793229643185,0.4604834864076457,0.531814720884261,0.5023579265365139,1,0,4515000.0,0.45364536453645365,0.47386172006745364,694000.0,1,0,38,466.89744512414535
887,160000.0,14.0,0.4220779627191293,0.0,0.0,0.0,0.44040247678018574,0.4129263913824057,0.43902472242345825,0.45433255269320844,0.4511627906899892,0.4130722746472325,0.41047292637935173,1,0,5613000.0,0.45364536453645365,0.39678284182305634,980000.0,1,0,36,426.0
888,1300000.0,18.0,0.4906797478948485,0.0,0.0,1400000.0,0.45774647887323944,0.4694783573806881,0.5257384019435941,0.44281793229643185,0.43697478992002986,0.45677246944372973,0.45200464380003236,1,0,16227000.0,0.43488372093023253,0.39678284182305634,2695000.0,1,0,37,420.0
889,190000.0,17.0,0.40004455157916113,0.0,0.0,20000.0,0.45774647887323944,0.4539823008849557,0.4415584526838991,0.44281793229643185,0.4905583684264643,0.4395681403885853,0.45745399554685107,0,1,1209000.0,0.45364536453645365,0.45443645083932854,193000.0,0,0,38,466.89744512414535
890,140000.0,15.0,0.3971634082048179,631.0,631.0,100000.0,0.45774647887323944,0.4694783573806881,0.4121240088339391,0.44281793229643185,0.4511627906899892,0.3680899177448659,0.45745399554685107,0,0,1581000.0,0.4568764568764569,0.45443645083932854,155000.0,0,0,36,319.0
891,100000.0,14.0,0.4498690306228219,0.0,0.0,0.0,0.45774647887323944,0.4539823008849557,0.36271363783177113,0.44281793229643185,0.5592064152301905,0.48068087923257147,0.4696533706380367,1,0,1699000.0,0.45364536453645365,0.47386172006745364,167000.0,1,0,39,473.0
892,200000.0,15.0,0.471073469342046,0.0,0.0,0.0,0.44040247678018574,0.4539823008849557,0.45782858909969404,0.45475113122171945,0.4468097890743483,0.4321363669380822,0.47681005690163497,0,0,1051000.0,0.4568764568764569,0.44892221180880976,228000.0,0,0,37,379.0
893,130000.0,16.0,0.49269077310150705,0.0,0.0,0.0,0.45774647887323944,0.4129263913824057,0.470084171924464,0.45433255269320844,0.5031846524456339,0.46721243412305624,0.4653190175668822,0,1,712000.0,0.44758586022284785,0.44892221180880976,123000.0,0,0,35,345.0
894,990000.0,11.0,0.3928574872021717,0.0,0.0,0.0,0.468085106382978,0.4539823008849557,0.470084171924464,0.45045045045045046,0.5031846524456339,0.37737165958551677,0.45989425850057764,1,1,5739000.0,0.43488372093023253,0.44892221180880976,1080000.0,1,0,37,376.0
895,120000.0,11.0,0.5065614987246854,0.0,0.0,0.0,0.45774647887323944,0.4539823008849557,0.3971634082048179,0.44281793229643185,0.34356713843530684,0.4757214900689184,0.5582615046868826,0,1,912000.0,0.43488372093023253,0.45443645083932854,128000.0,0,0,37,326.0
896,120000.0,10.0,0.46341463401227523,0.0,0.0,0.0,0.44040247678018574,0.4539823008849557,0.4459232804790396,0.45045045045045046,0.43697478992002986,0.41322952719822703,0.5485893972844256,0,1,752000.0,0.45364536453645365,0.47386172006745364,90000.0,0,0,38,330.0
897,1900000.0,19.0,0.45885149198403496,82.40884820747522,114.68688024408848,605344.4272445821,0.44040247678018574,0.4129263913824057,0.3931036562142931,0.45433255269320844,0.5031846524456339,0.4444688960343153,0.5081959184294307,0,0,12478000.0,0.43488372093023253,0.45443645083932854,2530000.0,0,1,33,373.0
898,390000.0,13.0,0.4747378959928985,0.0,0.0,0.0,0.44040247678018574,0.4539823008849557,0.38083308316558756,0.44281793229643185,0.43697478992002986,0.37737165958551677,0.4332390300357073,0,0,1492000.0,0.43488372093023253,0.44892221180880976,393000.0,0,1,36,429.0
899,120000.0,10.0,0.4615356204904945,0.0,0.0,100000.0,0.44040247678018574,0.4539823008849557,0.4268739712093834,0.44281793229643185,0.43697478992002986,0.43679650911494705,0.4530944584075768,1,0,1919000.0,0.4568764568764569,0.44892221180880976,290000.0,1,0,37,484.0
900,230000.0,16.0,0.46341463401227523,0.0,0.0,0.0,0.45774647887323944,0.4694783573806881,0.4956486747857908,0.45475113122171945,0.44230917465915276,0.5164278000280932,0.5035331693654489,1,1,1194000.0,0.45364536453645365,0.39678284182305634,319000.0,1,0,36,559.0
901,160000.0,12.0,0.46341463401227523,0.0,0.0,0.0,0.45774647887323944,0.4694783573806881,0.4956486747857908,0.45045045045045046,0.43697478992002986,0.48068087923257147,0.49646711594687815,0,0,1820000.0,0.43488372093023253,0.45443645083932854,245000.0,0,0,36,455.0
902,200000.0,13.0,0.43673114297615767,0.0,0.0,0.0,0.45774647887323944,0.4539823008849557,0.4459232804790396,0.44281793229643185,0.4583333330136348,0.45331529430883266,0.5247762159801056,0,0,1730000.0,0.45364536453645365,0.47386172006745364,267000.0,0,0,38,527.0
903,170000.0,19.0,0.46341463401227523,0.0,0.0,40000.0,0.40000603415401237,0.4694783573806881,0.5257384019435941,0.45475113122171945,0.44230917465915276,0.43679650911494705,0.46629820821531875,0,0,930000.0,0.45364536453645365,0.45443645083932854,171000.0,0,0,36,474.0
904,4410000.0,18.0,0.471073469342046,0.0,0.0,1090000.0,0.44040247678018574,0.4539823008849557,0.5257384019435941,0.45475113122171945,0.5063919873437158,0.3750074661878128,0.4200393611163291,1,0,110198000.0,0.45364536453645365,0.44892221180880976,5268000.0,1,0,35,595.0
905,230000.0,11.0,0.4220779627191293,0.0,0.0,605344.4272445821,0.45774647887323944,0.4539823008849557,0.38083308316558756,0.44281793229643185,0.3739186560656616,0.45192239757482366,0.4014334059125707,0,1,2156000.0,0.45364536453645365,0.44892221180880976,349000.0,0,0,38,470.0
906,230000.0,14.0,0.3892717187010617,0.0,0.0,605344.4272445821,0.44040247678018574,0.4694783573806881,0.5159288114711631,0.44281793229643185,0.4468097890743483,0.4444688960343153,0.49646711594687815,1,0,1627000.0,0.45364536453645365,0.47386172006745364,246000.0,1,0,39,373.0
907,90000.0,16.0,0.35775698265868106,0.0,0.0,0.0,0.44040247678018574,0.4539823008849557,0.5056772402445142,0.45433255269320844,0.493908884521716,0.4339650140059905,0.5602211136196202,0,1,662000.0,0.43488372093023253,0.45443645083932854,87000.0,0,0,37,291.0
908,180000.0,15.0,0.44387755113454985,0.0,0.0,0.0,0.44040247678018574,0.4539823008849557,0.4485294151733482,0.44281793229643185,0.4511627906899892,0.36975187045665187,0.36719335159199484,0,0,1250000.0,0.43488372093023253,0.45443645083932854,194000.0,0,0,36,512.0
909,1040000.0,13.0,0.4646406293882584,0.0,0.0,0.0,0.45774647887323944,0.4694783573806881,0.3931036562142931,0.45475113122171945,0.45864649596466484,0.5164278000280932,0.4696533706380367,0,0,4336000.0,0.43488372093023253,0.45443645083932854,1062000.0,0,0,36,513.0
910,880000.0,28.0,0.46341463401227523,0.0,90.0,180000.0,0.45774647887323944,0.4336917562724873,0.4799991436755424,0.45045045045045046,0.5063919873437158,0.5171573620994421,0.5134854957775883,0,0,5475000.0,0.43488372093023253,0.45443645083932854,1362000.0,0,0,39,380.0
911,3710000.0,17.0,0.4764655517659273,0.0,0.0,0.0,0.44040247678018574,0.4694783573806881,0.3900197525554698,0.44281793229643185,0.4511627906899892,0.4444688960343153,0.36641942856818427,0,0,15839000.0,0.45364536453645365,0.44892221180880976,3026000.0,0,1,34,473.0
912,210000.0,12.0,0.4844907454931315,113.0,113.0,40000.0,0.468085106382978,0.4539823008849557,0.30013565669860115,0.45045045045045046,0.43096844666979034,0.4321363669380822,0.45745399554685107,0,0,1726000.0,0.4568764568764569,0.47386172006745364,348000.0,0,0,36,317.0
913,4670000.0,13.0,0.44387755113454985,0.0,0.0,0.0,0.44040247678018574,0.4539823008849557,0.4214287402257545,0.45433255269320844,0.4905583684264643,0.4757214900689184,0.348329989309645,0,0,266345000.0,0.4568764568764569,0.39678284182305634,4747000.0,0,0,34,698.0
914,230000.0,19.0,0.46341463401227523,0.0,0.0,0.0,0.45774647887323944,0.4336917562724873,0.3442355460389141,0.44281793229643185,0.4230769551118841,0.37737165958551677,0.40582917672392776,0,0,1142000.0,0.4568764568764569,0.44892221180880976,198000.0,0,1,36,479.0
915,5460000.0,18.0,0.471073469342046,0.0,0.0,2340000.0,0.44040247678018574,0.4129263913824057,0.44545497076419477,0.45045045045045046,0.45864649596466484,0.36975187045665187,0.42220278660777283,0,0,301362000.0,0.44758586022284785,0.44892221180880976,4616000.0,0,0,34,549.0
916,200000.0,13.0,0.35775698265868106,0.0,0.0,605344.4272445821,0.44040247678018574,0.4539823008849557,0.4415584526838991,0.44281793229643185,0.46907216438869503,0.5164278000280932,0.490206851056817,0,0,5519000.0,0.45364536453645365,0.44892221180880976,892000.0,0,0,37,386.0
917,5290000.0,16.0,0.3971634082048179,0.0,0.0,0.0,0.45774647887323944,0.4539823008849557,0.3971634082048179,0.44281793229643185,0.43096844666979034,0.46721243412305624,0.46629820821531875,0,0,33553000.0,0.4568764568764569,0.47386172006745364,4512000.0,0,1,35,336.0
918,1070000.0,18.0,0.4468949699527549,0.0,0.0,0.0,0.44040247678018574,0.4539823008849557,0.4268739712093834,0.45433255269320844,0.4511627906899892,0.4757214900689184,0.46016463299084465,0,0,8418000.0,0.43488372093023253,0.44892221180880976,2440000.0,0,0,37,390.0
919,1770000.0,13.0,0.4774317289223725,0.0,0.0,360000.0,0.45774647887323944,0.4539823008849557,0.470084171924464,0.44281793229643185,0.5592064152301905,0.45192239757482366,0.4375202018743684,0,0,50759000.0,0.43488372093023253,0.44892221180880976,2469000.0,0,0,39,466.89744512414535
920,200000.0,12.0,0.46341463401227523,0.0,0.0,0.0,0.44040247678018574,0.4694783573806881,0.4799991436755424,0.44281793229643185,0.414225941433284,0.5164278000280932,0.6100509010581558,0,1,28746000.0,0.43488372093023253,0.45443645083932854,3852000.0,0,0,37,677.0
921,220000.0,3.0,0.49269077310150705,0.0,0.0,10000.0,0.45774647887323944,0.4694783573806881,0.43902472242345825,0.45433255269320844,0.4583333330136348,0.5071462083323844,0.39551727687191446,0,1,1214000.0,0.43488372093023253,0.39678284182305634,249000.0,0,0,40,443.0
922,5110000.0,14.0,0.44387755113454985,0.0,0.0,0.0,0.40000603415401237,0.4694783573806881,0.30013565669860115,0.45045045045045046,0.417393662751422,0.5183627257078485,0.44519311265006384,0,0,37754000.0,0.45364536453645365,0.45443645083932854,4158000.0,0,0,37,595.0
923,4250000.0,15.0,0.4220779627191293,0.0,0.0,0.0,0.44040247678018574,0.4539823008849557,0.43902472242345825,0.44281793229643185,0.37758024313602523,0.5164278000280932,0.41047292637935173,0,0,17699000.0,0.45364536453645365,0.44892221180880976,4732000.0,0,0,35,462.0
924,210000.0,12.0,0.40004455157916113,0.0,0.0,0.0,0.45774647887323944,0.4694783573806881,0.5069442053895509,0.44281793229643185,0.4511627906899892,0.4395681403885853,0.5157460113123283,0,0,2016000.0,0.45364536453645365,0.39678284182305634,324000.0,0,0,37,447.0
925,210000.0,21.0,0.4646406293882584,0.0,0.0,770000.0,0.468085106382978,0.4336917562724873,0.470084171924464,0.45433255269320844,0.43697478992002986,0.4339650140059905,0.3244469103797425,1,0,1565000.0,0.43488372093023253,0.45443645083932854,293000.0,1,0,39,451.0
926,80000.0,19.0,0.44387755113454985,0.0,0.0,0.0,0.45774647887323944,0.4539823008849557,0.43902472242345825,0.44281793229643185,0.45890407585949666,0.5164278000280932,0.40582917672392776,0,1,701000.0,0.45364536453645365,0.44892221180880976,108000.0,0,0,36,459.0
927,120000.0,10.0,0.46341463401227523,0.0,0.0,30000.0,0.45774647887323944,0.4694783573806881,0.4459232804790396,0.45475113122171945,0.5031846524456339,0.5164278000280932,0.5134854957775883,1,0,6477000.0,0.4568764568764569,0.45443645083932854,782000.0,1,1,40,401.0
928,180000.0,11.0,0.4581005575150995,522.0,522.0,1300000.0,0.45774647887323944,0.4694783573806881,0.30013565669860115,0.45475113122171945,0.45890407585949666,0.45331529430883266,0.37192363309077975,1,1,3302000.0,0.45364536453645365,0.44892221180880976,444000.0,1,0,37,542.0
929,240000.0,13.0,0.4581005575150995,0.0,0.0,0.0,0.45774647887323944,0.4539823008849557,0.3931036562142931,0.45045045045045046,0.4583333330136348,0.3721191346526487,0.4771498533714657,0,0,1679000.0,0.44758586022284785,0.44892221180880976,272000.0,0,0,37,416.0
930,190000.0,14.0,0.43673114297615767,7.0,7.0,3540000.0,0.45774647887323944,0.4539823008849557,0.4415584526838991,0.45475113122171945,0.4511627906899892,0.46365822718746796,0.4037095629016318,1,0,1429000.0,0.4568764568764569,0.45443645083932854,365000.0,1,0,36,612.0
931,5300000.0,19.0,0.5628080317442733,666.0,666.0,30000.0,0.45774647887323944,0.4694783573806881,0.43902472242345825,0.45475113122171945,0.4604834864076457,0.45192239757482366,0.36576674063800674,0,0,50978000.0,0.45364536453645365,0.39678284182305634,5572000.0,0,0,35,604.0
932,190000.0,10.0,0.44387755113454985,0.0,0.0,110000.0,0.45774647887323944,0.4539823008849557,0.5363528439845596,0.44281793229643185,0.3739186560656616,0.36975187045665187,0.45745399554685107,1,1,2722000.0,0.45364536453645365,0.45443645083932854,189000.0,1,0,36,329.0
933,320000.0,16.0,0.471073469342046,82.40884820747522,114.68688024408848,605344.4272445821,0.45774647887323944,0.4694783573806881,0.36271363783177113,0.45475113122171945,0.45864649596466484,0.3721191346526487,0.40526968668929697,0,0,1524000.0,0.45364536453645365,0.44892221180880976,258000.0,0,1,37,563.0
934,920000.0,14.0,0.46341463401227523,0.0,0.0,0.0,0.45774647887323944,0.4129263913824057,0.4268739712093834,0.44281793229643185,0.4905583684264643,0.45192239757482366,0.6100509010581558,0,0,4478000.0,0.4568764568764569,0.44892221180880976,895000.0,0,1,33,414.0
935,310000.0,19.0,0.3928574872021717,0.0,0.0,0.0,0.44040247678018574,0.4336917562724873,0.38083308316558756,0.45045045045045046,0.45890407585949666,0.40235614355016347,0.36641942856818427,1,0,2588000.0,0.4568764568764569,0.47386172006745364,421000.0,1,1,34,501.0
936,590000.0,14.0,0.4498690306228219,0.0,0.0,110000.0,0.45774647887323944,0.4539823008849557,0.46428416000978534,0.44281793229643185,0.4583333330136348,0.4339650140059905,0.379712180659019,0,0,5033000.0,0.4568764568764569,0.39678284182305634,1193000.0,0,0,34,615.0
937,230000.0,11.0,0.45885149198403496,327.0,360.0,460000.0,0.44040247678018574,0.4694783573806881,0.5375745064065167,0.44281793229643185,0.414225941433284,0.3680899177448659,0.39896986903151255,0,1,3335000.0,0.45364536453645365,0.45443645083932854,520000.0,0,0,37,466.89744512414535
938,220000.0,12.0,0.4220779627191293,0.0,0.0,40000.0,0.44040247678018574,0.4694783573806881,0.470084171924464,0.45475113122171945,0.4511627906899892,0.5171573620994421,0.490206851056817,1,0,3468000.0,0.4568764568764569,0.44892221180880976,551000.0,1,0,38,407.0
939,160000.0,11.0,0.44387755113454985,0.0,0.0,0.0,0.45774647887323944,0.4694783573806881,0.44545497076419477,0.45475113122171945,0.4468097890743483,0.45192239757482366,0.4106715025408491,0,0,2023000.0,0.4568764568764569,0.44892221180880976,241000.0,0,0,36,511.0
940,5550000.0,18.0,0.4074136609653927,0.0,90.0,30250000.0,0.45774647887323944,0.4129263913824057,0.470084171924464,0.45475113122171945,0.3541279498012266,0.4389077345532648,0.36719335159199484,0,0,389219000.0,0.45364536453645365,0.45443645083932854,5020000.0,0,0,34,758.0
941,100000.0,15.0,0.4581005575150995,0.0,0.0,0.0,0.468085106382978,0.4539823008849557,0.3931036562142931,0.44281793229643185,0.493908884521716,0.46365822718746796,0.4106715025408491,1,1,5363000.0,0.43488372093023253,0.39678284182305634,110000.0,1,1,35,427.0
942,500000.0,19.0,0.37392616919315497,0.0,0.0,0.0,0.45774647887323944,0.4539823008849557,0.4485294151733482,0.44281793229643185,0.4468097890743483,0.46721243412305624,0.46016463299084465,1,1,1893000.0,0.45364536453645365,0.47386172006745364,374000.0,1,1,36,535.0
943,2160000.0,4.0,0.5065614987246854,588.0,588.0,50000.0,0.44040247678018574,0.4539823008849557,0.416387268320036,0.45475113122171945,0.4583333330136348,0.5183627257078485,0.44084111937285236,0,0,9529000.0,0.4568764568764569,0.45443645083932854,2461000.0,0,1,34,367.0
944,1530000.0,16.0,0.46341463401227523,121.0,121.0,50000.0,0.40000603415401237,0.4539823008849557,0.476615203163763,0.45475113122171945,0.3739186560656616,0.5164278000280932,0.4014334059125707,0,1,6245000.0,0.43488372093023253,0.44892221180880976,1636000.0,0,0,35,495.0
945,240000.0,14.0,0.4646406293882584,82.40884820747522,114.68688024408848,605344.4272445821,0.45774647887323944,0.4694783573806881,0.4121240088339391,0.45475113122171945,0.3739186560656616,0.5164278000280932,0.3758582472222368,1,0,3965000.0,0.45364536453645365,0.45443645083932854,585000.0,1,0,38,363.0
946,1500000.0,14.0,0.4646406293882584,22.0,22.0,1320000.0,0.44040247678018574,0.4539823008849557,0.4799991436755424,0.44281793229643185,0.46907216438869503,0.5183627257078485,0.44084111937285236,1,0,21667000.0,0.45364536453645365,0.44892221180880976,3281000.0,1,1,39,570.0
947,4180000.0,16.0,0.3971634082048179,63.0,63.0,0.0,0.44040247678018574,0.4539823008849557,0.3900197525554698,0.45045045045045046,0.43697478992002986,0.5164278000280932,0.41047292637935173,0,0,117885000.0,0.45364536453645365,0.44892221180880976,5635000.0,0,0,34,709.0
948,2530000.0,27.0,0.46341463401227523,0.0,0.0,0.0,0.40000603415401237,0.4336917562724873,0.46428416000978534,0.45475113122171945,0.43697478992002986,0.43679650911494705,0.46016463299084465,1,0,105256000.0,0.43488372093023253,0.44892221180880976,2987000.0,1,1,41,767.0
949,200000.0,13.0,0.3971634082048179,0.0,0.0,0.0,0.45774647887323944,0.4694783573806881,0.4485294151733482,0.44281793229643185,0.45890407585949666,0.4389077345532648,0.40582917672392776,1,0,1082000.0,0.45364536453645365,0.44892221180880976,180000.0,1,0,36,566.0
950,1800000.0,3.0,0.4360903840722853,82.40884820747522,114.68688024408848,0.0,0.45774647887323944,0.4694783573806881,0.4459232804790396,0.45475113122171945,0.43096844666979034,0.4859069669135048,0.4407909194105085,0,0,8422000.0,0.45364536453645365,0.44892221180880976,1685000.0,0,0,32,472.0
951,220000.0,13.0,0.4581005575150995,1167.0,1167.0,50000.0,0.45774647887323944,0.4539823008849557,0.5375745064065167,0.45045045045045046,0.4583333330136348,0.46365822718746796,0.45989425850057764,0,0,1202000.0,0.4568764568764569,0.39678284182305634,231000.0,0,0,37,393.0
952,230000.0,10.0,0.4074136609653927,0.0,0.0,605344.4272445821,0.45774647887323944,0.4336917562724873,0.36271363783177113,0.44281793229643185,0.46907216438869503,0.49482456551750875,0.39896986903151255,0,0,1879000.0,0.45364536453645365,0.47386172006745364,344000.0,0,0,37,331.0
953,130000.0,16.0,0.3928574872021717,0.0,0.0,0.0,0.45774647887323944,0.4694783573806881,0.5257384019435941,0.45045045045045046,0.4687495951044435,0.4339650140059905,0.36641942856818427,0,0,672000.0,0.43488372093023253,0.39678284182305634,112000.0,0,0,35,370.0
954,440000.0,16.0,0.471073469342046,0.0,0.0,0.0,0.45774647887323944,0.4694783573806881,0.30013565669860115,0.45433255269320844,0.46907216438869503,0.4339650140059905,0.42220278660777283,1,0,4288000.0,0.43488372093023253,0.44892221180880976,1018000.0,1,1,36,356.0
955,230000.0,15.0,0.3971634082048179,0.0,0.0,0.0,0.45774647887323944,0.4129263913824057,0.4799991436755424,0.45475113122171945,0.4511627906899892,0.46365822718746796,0.3758582472222368,0,1,983000.0,0.4568764568764569,0.47386172006745364,208000.0,0,0,37,374.0
956,840000.0,14.0,0.4646406293882584,82.40884820747522,114.68688024408848,605344.4272445821,0.45774647887323944,0.4694783573806881,0.4799991436755424,0.45045045045045046,0.4583333330136348,0.40002703158873276,0.5134854957775883,0,0,46658000.0,0.4568764568764569,0.47386172006745364,5020000.0,0,0,36,609.0
957,190000.0,15.0,0.3971634082048179,326.0,326.0,40000.0,0.45774647887323944,0.4539823008849557,0.5159288114711631,0.45433255269320844,0.4511627906899892,0.46721243412305624,0.46016463299084465,0,0,835000.0,0.45364536453645365,0.47386172006745364,216000.0,0,0,36,329.0
958,1010000.0,28.0,0.4646406293882584,0.0,0.0,0.0,0.44040247678018574,0.4129263913824057,0.3900197525554698,0.44281793229643185,0.46907216438869503,0.531814720884261,0.4332390300357073,1,0,9843000.0,0.43488372093023253,0.47386172006745364,3060000.0,1,0,38,370.0
959,3640000.0,14.0,0.4844907454931315,82.40884820747522,114.68688024408848,605344.4272445821,0.45774647887323944,0.4539823008849557,0.3900197525554698,0.45475113122171945,0.417393662751422,0.4395681403885853,0.41240204586511464,1,0,569519000.0,0.43488372093023253,0.47386172006745364,4542000.0,1,0,35,537.0
960,1510000.0,19.0,0.46341463401227523,0.0,0.0,1130000.0,0.468085106382978,0.4694783573806881,0.4799991436755424,0.45475113122171945,0.414225941433284,0.4339650140059905,0.4425020459775707,0,0,23716000.0,0.44758586022284785,0.44892221180880976,1440000.0,0,0,34,474.0
961,150000.0,10.0,0.3892717187010617,510.0,510.0,180000.0,0.45774647887323944,0.4129263913824057,0.30013565669860115,0.44281793229643185,0.4583333330136348,0.36975187045665187,0.5485893972844256,0,1,244000.0,0.43488372093023253,0.47386172006745364,148000.0,0,1,40,555.0
962,520000.0,27.0,0.35775698265868106,0.0,0.0,0.0,0.45774647887323944,0.4539823008849557,0.4956486747857908,0.45433255269320844,0.43697478992002986,0.45677246944372973,0.4696533706380367,1,0,2745000.0,0.43488372093023253,0.44892221180880976,656000.0,1,1,40,748.0
963,160000.0,13.0,0.45453917520963155,0.0,0.0,0.0,0.40000603415401237,0.4336917562724873,0.5257384019435941,0.45475113122171945,0.5606727833398578,0.3965552694677991,0.4696533706380367,0,1,2785000.0,0.4568764568764569,0.45443645083932854,413000.0,0,0,37,414.0
964,5820000.0,14.0,0.4646406293882584,0.0,0.0,0.0,0.44040247678018574,0.4539823008849557,0.3971634082048179,0.45475113122171945,0.4511627906899892,0.5071462083323844,0.36641942856818427,0,0,71460000.0,0.4568764568764569,0.45443645083932854,4185000.0,0,0,32,475.0
965,570000.0,33.0,0.4581005575150995,0.0,0.0,1190000.0,0.45774647887323944,0.4539823008849557,0.3971634082048179,0.45433255269320844,0.414225941433284,0.4757214900689184,0.4626438500979087,0,1,2727000.0,0.45364536453645365,0.44892221180880976,743000.0,0,1,39,486.0
966,200000.0,10.0,0.45885149198403496,0.0,0.0,0.0,0.45774647887323944,0.4694783573806881,0.4956486747857908,0.45475113122171945,0.46907216438869503,0.45677246944372973,0.46016463299084465,1,0,1247000.0,0.4568764568764569,0.44892221180880976,213000.0,1,0,38,466.89744512414535
967,1050000.0,13.0,0.43673114297615767,0.0,0.0,1060000.0,0.44040247678018574,0.4539823008849557,0.4485294151733482,0.45045045045045046,0.4687495951044435,0.5217257015040757,0.5220031427533425,0,0,5664000.0,0.4568764568764569,0.45443645083932854,951000.0,0,1,33,407.0
968,960000.0,14.0,0.471073469342046,0.0,0.0,600000.0,0.44040247678018574,0.4539823008849557,0.30013565669860115,0.45475113122171945,0.4511627906899892,0.4468949699527549,0.4106715025408491,0,1,4650000.0,0.43488372093023253,0.39678284182305634,949000.0,0,1,38,561.0
969,190000.0,11.0,0.3971634082048179,0.0,0.0,0.0,0.45774647887323944,0.4694783573806881,0.4214287402257545,0.44281793229643185,0.4583333330136348,0.5491139021556548,0.45200464380003236,0,0,2686000.0,0.45364536453645365,0.45443645083932854,511000.0,0,0,37,466.89744512414535
970,210000.0,13.0,0.35775698265868106,82.40884820747522,114.68688024408848,605344.4272445821,0.44040247678018574,0.4129263913824057,0.5165869667180779,0.45475113122171945,0.417393662751422,0.37737165958551677,0.4789986557881242,1,1,1294000.0,0.43488372093023253,0.45443645083932854,227000.0,1,0,38,541.0
971,2170000.0,11.0,0.3971634082048179,0.0,0.0,0.0,0.45774647887323944,0.4539823008849557,0.38083308316558756,0.44281793229643185,0.45890407585949666,0.45192239757482366,0.3244469103797425,0,0,16647000.0,0.4568764568764569,0.39678284182305634,2180000.0,0,0,36,484.0
972,3150000.0,13.0,0.4375202018743684,0.0,0.0,0.0,0.44040247678018574,0.4539823008849557,0.5056772402445142,0.45475113122171945,0.44230917465915276,0.46365822718746796,0.49646711594687815,0,0,17755000.0,0.45364536453645365,0.44892221180880976,3212000.0,0,0,37,392.0
973,1660000.0,17.0,0.4581005575150995,0.0,0.0,350000.0,0.45774647887323944,0.4694783573806881,0.5069442053895509,0.45045045045045046,0.4230769551118841,0.48068087923257147,0.44084111937285236,1,0,16893000.0,0.4568764568764569,0.44892221180880976,2489000.0,1,1,35,385.0
974,220000.0,12.0,0.4747378959928985,112.0,112.0,310000.0,0.40000603415401237,0.4694783573806881,0.4485294151733482,0.44281793229643185,0.34356713843530684,0.37737165958551677,0.5009630346757856,1,0,15499000.0,0.45364536453645365,0.45443645083932854,2473000.0,1,1,35,481.0
975,1170000.0,25.0,0.4668770371178462,0.0,0.0,0.0,0.44040247678018574,0.4694783573806881,0.4268739712093834,0.44281793229643185,0.4511627906899892,0.5183627257078485,0.49646711594687815,0,0,5083000.0,0.4568764568764569,0.39678284182305634,1704000.0,0,0,40,368.0
976,3390000.0,34.0,0.45453917520963155,0.0,0.0,605344.4272445821,0.44040247678018574,0.4539823008849557,0.5254093931718659,0.44281793229643185,0.414225941433284,0.46721243412305624,0.3580839468498659,0,0,9416000.0,0.43488372093023253,0.45443645083932854,2451000.0,0,0,40,523.0
977,1430000.0,3.0,0.4498690306228219,0.0,0.0,0.0,0.44040247678018574,0.4336917562724873,0.45782858909969404,0.44281793229643185,0.414225941433284,0.4444688960343153,0.40571030945850584,0,0,7294000.0,0.4568764568764569,0.45443645083932854,1443000.0,0,1,33,701.0
978,1640000.0,11.0,0.35775698265868106,0.0,0.0,0.0,0.45774647887323944,0.4694783573806881,0.5257384019435941,0.45475113122171945,0.4583333330136348,0.4658901691183491,0.4543800115079512,0,0,19596000.0,0.4568764568764569,0.39678284182305634,2977000.0,0,0,33,385.0
979,230000.0,10.0,0.4774317289223725,0.0,60.0,980000.0,0.44040247678018574,0.4336917562724873,0.5056772402445142,0.44281793229643185,0.44230917465915276,0.40002703158873276,0.44519311265006384,0,1,24530000.0,0.45364536453645365,0.44892221180880976,2180000.0,0,0,38,730.0
980,1490000.0,17.0,0.44387755113454985,0.0,0.0,530000.0,0.468085106382978,0.4336917562724873,0.45200464380003236,0.45045045045045046,0.46907216438869503,0.46721243412305624,0.4037095629016318,1,1,14353000.0,0.45364536453645365,0.39678284182305634,3303000.0,1,0,36,572.0
981,180000.0,19.0,0.4581005575150995,771.0,771.0,240000.0,0.45774647887323944,0.4539823008849557,0.5165869667180779,0.44281793229643185,0.4230769551118841,0.5217257015040757,0.5157460113123283,0,0,1340000.0,0.45364536453645365,0.45443645083932854,257000.0,0,0,35,403.0
982,2030000.0,11.0,0.3971634082048179,0.0,0.0,2700000.0,0.45774647887323944,0.4539823008849557,0.5165869667180779,0.45475113122171945,0.414225941433284,0.3810650946770142,0.40582917672392776,1,0,22757000.0,0.43488372093023253,0.39678284182305634,3350000.0,1,0,39,666.0
983,2540000.0,5.0,0.3971634082048179,82.40884820747522,114.68688024408848,0.0,0.40000603415401237,0.4129263913824057,0.4415584526838991,0.45475113122171945,0.4511627906899892,0.3810650946770142,0.5602211136196202,0,1,6802000.0,0.4568764568764569,0.47386172006745364,2026000.0,0,1,32,797.0
984,3260000.0,10.0,0.4220779627191293,0.0,0.0,0.0,0.44040247678018574,0.4694783573806881,0.5069442053895509,0.45045045045045046,0.4468097890743483,0.4395681403885853,0.4106715025408491,0,0,44770000.0,0.45364536453645365,0.45443645083932854,2593000.0,0,0,36,567.0
985,200000.0,14.0,0.4646406293882584,0.0,0.0,0.0,0.44040247678018574,0.4129263913824057,0.476615203163763,0.44281793229643185,0.4835606203192975,0.4859069669135048,0.39551727687191446,0,0,1811000.0,0.44758586022284785,0.47386172006745364,248000.0,0,0,37,484.0
986,230000.0,17.0,0.49269077310150705,0.0,3.0,7630000.0,0.45774647887323944,0.4336917562724873,0.5254093931718659,0.45045045045045046,0.45864649596466484,0.3750074661878128,0.45989425850057764,1,1,1227000.0,0.45364536453645365,0.39678284182305634,212000.0,1,0,36,448.0
987,210000.0,14.0,0.49269077310150705,0.0,0.0,0.0,0.44040247678018574,0.4539823008849557,0.46428416000978534,0.44281793229643185,0.5031846524456339,0.3750074661878128,0.4606736933325396,0,0,875000.0,0.43488372093023253,0.44892221180880976,165000.0,0,0,37,412.0
988,110000.0,12.0,0.4615356204904945,0.0,0.0,605344.4272445821,0.44040247678018574,0.4539823008849557,0.4415584526838991,0.45475113122171945,0.43697478992002986,0.4757214900689184,0.40582917672392776,1,0,19153000.0,0.43488372093023253,0.47386172006745364,3341000.0,1,0,37,301.0
989,2790000.0,3.0,0.3928574872021717,0.0,0.0,650000.0,0.44040247678018574,0.4694783573806881,0.43902472242345825,0.45045045045045046,0.3541279498012266,0.3965552694677991,0.40201973495344345,0,0,12079000.0,0.43488372093023253,0.45443645083932854,3503000.0,0,0,31,453.0
990,180000.0,10.0,0.5065614987246854,0.0,0.0,0.0,0.44040247678018574,0.4336917562724873,0.4121240088339391,0.45433255269320844,0.45890407585949666,0.46721243412305624,0.5134854957775883,0,1,1793000.0,0.43488372093023253,0.47386172006745364,292000.0,0,0,41,690.0
991,360000.0,19.0,0.3971634082048179,0.0,0.0,0.0,0.44040247678018574,0.4539823008849557,0.44545497076419477,0.44281793229643185,0.4583333330136348,0.4859069669135048,0.45614969689847273,1,0,1728000.0,0.45364536453645365,0.44892221180880976,345000.0,1,0,35,465.0
992,1740000.0,11.0,0.3892717187010617,0.0,0.0,2030000.0,0.45774647887323944,0.4539823008849557,0.5069442053895509,0.45475113122171945,0.46907216438869503,0.49482456551750875,0.41047292637935173,1,1,9961000.0,0.4568764568764569,0.44892221180880976,1631000.0,1,0,38,520.0
993,200000.0,26.0,0.4615356204904945,366.0,36600.0,20000.0,0.45774647887323944,0.4336917562724873,0.5375745064065167,0.45045045045045046,0.4468097890743483,0.5183627257078485,0.4407909194105085,1,0,1121000.0,0.45364536453645365,0.39678284182305634,296000.0,1,0,39,401.0
994,200000.0,11.0,0.46341463401227523,595.0,595.0,50000.0,0.44040247678018574,0.4539823008849557,0.3971634082048179,0.45475113122171945,0.4230769551118841,0.4339650140059905,0.42117558521355203,0,1,2222000.0,0.4568764568764569,0.44892221180880976,282000.0,0,0,37,474.0
995,750000.0,3.0,0.4646406293882584,0.0,0.0,0.0,0.44040247678018574,0.4129263913824057,0.3971634082048179,0.45475113122171945,0.5031846524456339,0.5171573620994421,0.4278491036733748,1,0,10528000.0,0.45364536453645365,0.47386172006745364,2179000.0,1,1,31,593.0
996,940000.0,16.0,0.45885149198403496,0.0,0.0,870000.0,0.45774647887323944,0.4694783573806881,0.476615203163763,0.44281793229643185,0.43697478992002986,0.4444688960343153,0.49315734568265995,0,0,7075000.0,0.43488372093023253,0.47386172006745364,999000.0,0,1,36,557.0
997,200000.0,11.0,0.45885149198403496,82.40884820747522,114.68688024408848,605344.4272445821,0.44040247678018574,0.4129263913824057,0.43902472242345825,0.44281793229643185,0.45890407585949666,0.3721191346526487,0.5233562461236126,0,0,28742000.0,0.45364536453645365,0.39678284182305634,203000.0,0,1,39,475.0
998,80000.0,14.0,0.4581005575150995,0.0,0.0,0.0,0.468085106382978,0.4694783573806881,0.5375745064065167,0.45475113122171945,0.5031846524456339,0.3810650946770142,0.49315734568265995,0,0,692000.0,0.45364536453645365,0.45443645083932854,112000.0,0,1,37,551.0
999,130000.0,14.0,0.3928574872021717,0.0,0.0,1260000.0,0.468085106382978,0.4129263913824057,0.38083308316558756,0.45433255269320844,0.4905583684264643,0.3721191346526487,0.4543800115079512,1,0,8016000.0,0.45364536453645365,0.44892221180880976,222000.0,1,0,37,548.0
1000,340000.0,15.0,0.46341463401227523,0.0,0.0,0.0,0.44040247678018574,0.4539823008849557,0.4268739712093834,0.44281793229643185,0.45890407585949666,0.5183627257078485,0.49315734568265995,0,0,1334000.0,0.43488372093023253,0.47386172006745364,378000.0,0,0,36,438.0
1001,200000.0,14.0,0.4581005575150995,82.40884820747522,114.68688024408848,605344.4272445821,0.44040247678018574,0.4336917562724873,0.3971634082048179,0.45475113122171945,0.414225941433284,0.40235614355016347,0.5157460113123283,1,0,6590000.0,0.4568764568764569,0.47386172006745364,1300000.0,1,0,35,348.0
1002,3580000.0,12.0,0.4468949699527549,16.0,24.0,2950000.0,0.45774647887323944,0.4539823008849557,0.44545497076419477,0.44281793229643185,0.5031846524456339,0.5176283236840944,0.4505327389584535,1,1,22181000.0,0.4568764568764569,0.39678284182305634,2990000.0,1,0,37,516.0
1003,1450000.0,10.0,0.40004455157916113,0.0,0.0,0.0,0.45774647887323944,0.4336917562724873,0.3900197525554698,0.44281793229643185,0.44230917465915276,0.4859069669135048,0.44084111937285236,1,0,8972000.0,0.43488372093023253,0.39678284182305634,1696000.0,1,0,37,665.0
1004,1840000.0,3.0,0.35775698265868106,0.0,0.0,0.0,0.44040247678018574,0.4539823008849557,0.4415584526838991,0.45475113122171945,0.417393662751422,0.36975187045665187,0.5233562461236126,0,1,49515000.0,0.4568764568764569,0.45443645083932854,1993000.0,0,1,33,580.0
1005,880000.0,27.0,0.4375202018743684,0.0,0.0,350000.0,0.44040247678018574,0.4539823008849557,0.46428416000978534,0.45475113122171945,0.4230769551118841,0.37737165958551677,0.36641942856818427,0,0,3508000.0,0.45364536453645365,0.39678284182305634,892000.0,0,0,40,507.0
1006,2100000.0,12.0,0.4220779627191293,0.0,0.0,1140000.0,0.45774647887323944,0.4539823008849557,0.3971634082048179,0.45475113122171945,0.43697478992002986,0.36975187045665187,0.40582917672392776,1,0,19203000.0,0.45364536453645365,0.45443645083932854,2437000.0,1,0,38,438.0
1007,1440000.0,4.0,0.46341463401227523,82.40884820747522,114.68688024408848,0.0,0.468085106382978,0.4694783573806881,0.46428416000978534,0.45433255269320844,0.417393662751422,0.3750074661878128,0.48822655398093273,0,0,3264000.0,0.43488372093023253,0.45443645083932854,1203000.0,0,1,33,475.0
1008,130000.0,12.0,0.43673114297615767,0.0,180.0,20000.0,0.45774647887323944,0.4539823008849557,0.40571030945850584,0.44281793229643185,0.4511627906899892,0.4757214900689184,0.4310500554013448,0,1,133000.0,0.43488372093023253,0.44892221180880976,123000.0,0,1,38,399.0
1009,90000.0,18.0,0.40004455157916113,0.0,0.0,0.0,0.44040247678018574,0.4539823008849557,0.5254093931718659,0.44281793229643185,0.5031846524456339,0.36975187045665187,0.44519311265006384,0,0,745000.0,0.4568764568764569,0.39678284182305634,134000.0,0,0,35,478.0
1010,210000.0,16.0,0.4615356204904945,82.40884820747522,114.68688024408848,605344.4272445821,0.468085106382978,0.4694783573806881,0.5165869667180779,0.44281793229643185,0.44230917465915276,0.46365822718746796,0.4543800115079512,0,0,749000.0,0.43488372093023253,0.45443645083932854,191000.0,0,0,36,365.0
1011,4520000.0,18.0,0.3971634082048179,0.0,0.0,3450000.0,0.45774647887323944,0.4694783573806881,0.4268739712093834,0.44281793229643185,0.4230769551118841,0.3750074661878128,0.36719335159199484,1,0,114052000.0,0.45364536453645365,0.44892221180880976,5656000.0,1,0,36,512.0
1012,230000.0,11.0,0.43673114297615767,0.0,0.0,605344.4272445821,0.45774647887323944,0.4694783573806881,0.38083308316558756,0.45045045045045046,0.414225941433284,0.5491139021556548,0.5363323525802142,0,1,1647000.0,0.43488372093023253,0.44892221180880976,216000.0,0,0,38,577.0
1013,90000.0,12.0,0.3971634082048179,0.0,0.0,0.0,0.468085106382978,0.4539823008849557,0.5069442053895509,0.45433255269320844,0.43096844666979034,0.3965552694677991,0.5035331693654489,0,0,753000.0,0.45364536453645365,0.39678284182305634,118000.0,0,0,37,431.0
1014,180000.0,14.0,0.4774317289223725,0.0,0.0,0.0,0.45774647887323944,0.4336917562724873,0.470084171924464,0.44281793229643185,0.4687495951044435,0.36975187045665187,0.490206851056817,0,0,5896000.0,0.4568764568764569,0.45443645083932854,824000.0,0,0,39,466.89744512414535
1015,150000.0,18.0,0.4747378959928985,0.0,0.0,0.0,0.45774647887323944,0.4694783573806881,0.4459232804790396,0.45433255269320844,0.4604834864076457,0.45677246944372973,0.5057373501577225,0,1,1086000.0,0.45364536453645365,0.39678284182305634,147000.0,0,1,36,411.0
1016,200000.0,11.0,0.45453917520963155,703.0,703.0,100000.0,0.44040247678018574,0.4539823008849557,0.4485294151733482,0.4106715025408491,0.5315593642552221,0.45677246944372973,0.6100509010581558,0,1,3204000.0,0.45364536453645365,0.39678284182305634,392000.0,0,0,40,531.0
1017,5280000.0,19.0,0.4220779627191293,0.0,0.0,0.0,0.468085106382978,0.4694783573806881,0.470084171924464,0.45433255269320844,0.45890407585949666,0.4757214900689184,0.5582615046868826,0,0,22706000.0,0.4568764568764569,0.45443645083932854,5676000.0,0,0,36,410.0
1018,170000.0,12.0,0.46341463401227523,1127.0,1127.0,60000.0,0.468085106382978,0.4694783573806881,0.4485294151733482,0.44281793229643185,0.414225941433284,0.5164278000280932,0.4332390300357073,0,0,1208000.0,0.45364536453645365,0.44892221180880976,234000.0,0,0,36,448.0
1019,760000.0,19.0,0.46341463401227523,0.0,0.0,0.0,0.45774647887323944,0.4694783573806881,0.3931036562142931,0.44281793229643185,0.5031846524456339,0.45192239757482366,0.490206851056817,1,1,3378000.0,0.45364536453645365,0.45443645083932854,679000.0,1,1,37,368.0
1020,220000.0,10.0,0.44387755113454985,0.0,0.0,0.0,0.468085106382978,0.4694783573806881,0.3931036562142931,0.45433255269320844,0.4468097890743483,0.5164278000280932,0.5081959184294307,0,0,2041000.0,0.4568764568764569,0.44892221180880976,539000.0,0,1,40,387.0
1021,1720000.0,19.0,0.4498690306228219,0.0,0.0,30000.0,0.468085106382978,0.4539823008849557,0.3931036562142931,0.44281793229643185,0.4511627906899892,0.5183627257078485,0.45200464380003236,0,0,14339000.0,0.45364536453645365,0.45443645083932854,2985000.0,0,0,37,370.0
1022,1750000.0,3.0,0.4844907454931315,82.40884820747522,114.68688024408848,605344.4272445821,0.45774647887323944,0.4694783573806881,0.5165869667180779,0.45475113122171945,0.46907216438869503,0.5217257015040757,0.42220278660777283,1,0,9078000.0,0.45364536453645365,0.44892221180880976,2242000.0,1,0,32,675.0
1023,110000.0,17.0,0.49269077310150705,0.0,0.0,0.0,0.44040247678018574,0.4539823008849557,0.5375745064065167,0.45045045045045046,0.44230917465915276,0.5164278000280932,0.5363489679286931,0,0,633000.0,0.43488372093023253,0.45443645083932854,142000.0,0,0,36,423.0
1024,120000.0,13.0,0.5065614987246854,0.0,0.0,0.0,0.44040247678018574,0.4539823008849557,0.4214287402257545,0.45433255269320844,0.4905583684264643,0.45560844252904975,0.4543800115079512,1,1,1275000.0,0.43488372093023253,0.45443645083932854,162000.0,1,0,37,429.0
1025,3040000.0,14.0,0.3928574872021717,0.0,0.0,0.0,0.44040247678018574,0.4694783573806881,0.43902472242345825,0.45475113122171945,0.5315593642552221,0.5217257015040757,0.37349412684595773,0,0,15632000.0,0.45364536453645365,0.45443645083932854,2830000.0,0,0,37,694.0
1026,230000.0,15.0,0.35775698265868106,0.0,0.0,230000.0,0.468085106382978,0.4129263913824057,0.36271363783177113,0.44281793229643185,0.4511627906899892,0.4389077345532648,0.4543800115079512,0,1,1860000.0,0.4568764568764569,0.39678284182305634,380000.0,0,0,33,466.89744512414535
1027,170000.0,12.0,0.3928574872021717,0.0,180.0,50000.0,0.44040247678018574,0.4539823008849557,0.44545497076419477,0.45433255269320844,0.414225941433284,0.5164278000280932,0.4425020459775707,0,1,3799000.0,0.43488372093023253,0.47386172006745364,461000.0,0,0,36,439.0
1028,470000.0,12.0,0.5628080317442733,0.0,0.0,0.0,0.44040247678018574,0.4539823008849557,0.5254093931718659,0.45433255269320844,0.5063919873437158,0.4339650140059905,0.37192363309077975,0,0,9903000.0,0.43488372093023253,0.44892221180880976,1773000.0,0,0,36,422.0
1029,90000.0,4.0,0.4220779627191293,0.0,0.0,380000.0,0.40000603415401237,0.4539823008849557,0.4415584526838991,0.44281793229643185,0.4468097890743483,0.5164278000280932,0.42604008664425413,0,0,738000.0,0.45364536453645365,0.45443645083932854,133000.0,0,0,40,531.0
1030,480000.0,3.0,0.3971634082048179,0.0,0.0,0.0,0.45774647887323944,0.4694783573806881,0.4415584526838991,0.45045045045045046,0.45864649596466484,0.40002703158873276,0.46016463299084465,0,0,4708000.0,0.4568764568764569,0.44892221180880976,1048000.0,0,0,34,570.0
1031,230000.0,10.0,0.4074136609653927,0.0,0.0,0.0,0.44040247678018574,0.4539823008849557,0.470084171924464,0.45475113122171945,0.417393662751422,0.3750074661878128,0.5009630346757856,0,0,1629000.0,0.45364536453645365,0.44892221180880976,236000.0,0,0,37,300.0
1032,2010000.0,10.0,0.4074136609653927,0.0,0.0,0.0,0.44040247678018574,0.4694783573806881,0.43902472242345825,0.45475113122171945,0.3739186560656616,0.36975187045665187,0.4505327389584535,0,1,15003000.0,0.43488372093023253,0.44892221180880976,2097000.0,0,1,40,491.0
1033,430000.0,14.0,0.4581005575150995,82.40884820747522,114.68688024408848,0.0,0.44040247678018574,0.4539823008849557,0.5363528439845596,0.45475113122171945,0.46907216438869503,0.3750074661878128,0.5247762159801056,0,0,8849000.0,0.43488372093023253,0.47386172006745364,1204000.0,0,0,32,662.0
1034,820000.0,18.0,0.4844907454931315,0.0,30.0,110000.0,0.44040247678018574,0.4129263913824057,0.4415584526838991,0.44281793229643185,0.45864649596466484,0.5171573620994421,0.3244469103797425,0,1,3588000.0,0.4568764568764569,0.47386172006745364,753000.0,0,0,35,345.0
1035,2060000.0,3.0,0.471073469342046,0.0,360.0,0.0,0.45774647887323944,0.4694783573806881,0.5056772402445142,0.44281793229643185,0.4905583684264643,0.46721243412305624,0.4332390300357073,0,0,8090000.0,0.4568764568764569,0.39678284182305634,1879000.0,0,0,31,300.0
1036,1540000.0,18.0,0.4498690306228219,0.0,0.0,0.0,0.44040247678018574,0.4129263913824057,0.3900197525554698,0.45475113122171945,0.46907216438869503,0.5071462083323844,0.379712180659019,1,0,816000.0,0.45364536453645365,0.44892221180880976,1038000.0,1,1,34,440.0
1037,1110000.0,13.0,0.4844907454931315,0.0,0.0,0.0,0.45774647887323944,0.4539823008849557,0.5069442053895509,0.45475113122171945,0.4468097890743483,0.40235614355016347,0.348329989309645,0,1,6036000.0,0.45364536453645365,0.44892221180880976,1553000.0,0,1,36,612.0
1038,180000.0,12.0,0.4774317289223725,0.0,0.0,0.0,0.45774647887323944,0.4539823008849557,0.5069442053895509,0.44281793229643185,0.4583333330136348,0.36975187045665187,0.4445473453127392,0,0,2546000.0,0.43488372093023253,0.44892221180880976,321000.0,0,0,36,474.0
1039,90000.0,14.0,0.4074136609653927,0.0,0.0,0.0,0.45774647887323944,0.4694783573806881,0.3971634082048179,0.44281793229643185,0.414225941433284,0.45192239757482366,0.36719335159199484,0,0,838000.0,0.43488372093023253,0.39678284182305634,126000.0,0,0,36,549.0
1040,210000.0,12.0,0.4844907454931315,365.0,365.0,190000.0,0.44040247678018574,0.4694783573806881,0.4415584526838991,0.44281793229643185,0.4511627906899892,0.4339650140059905,0.4696533706380367,1,1,1714000.0,0.4568764568764569,0.39678284182305634,202000.0,1,0,38,607.0
1041,80000.0,11.0,0.3928574872021717,0.0,0.0,0.0,0.44040247678018574,0.4539823008849557,0.3931036562142931,0.44281793229643185,0.46907216438869503,0.4395681403885853,0.4606736933325396,0,1,1237000.0,0.4568764568764569,0.44892221180880976,131000.0,0,1,37,616.0
1042,1070000.0,19.0,0.44387755113454985,0.0,0.0,0.0,0.44040247678018574,0.4129263913824057,0.4268739712093834,0.45475113122171945,0.4230769551118841,0.4395681403885853,0.4543800115079512,0,0,6148000.0,0.45364536453645365,0.39678284182305634,1350000.0,0,0,34,436.0
1043,130000.0,13.0,0.4360903840722853,0.0,0.0,0.0,0.44040247678018574,0.4694783573806881,0.43902472242345825,0.45433255269320844,0.45864649596466484,0.37737165958551677,0.4530944584075768,1,0,673000.0,0.43488372093023253,0.45443645083932854,125000.0,1,0,37,327.0
1044,1270000.0,10.0,0.4074136609653927,82.40884820747522,114.68688024408848,0.0,0.44040247678018574,0.4539823008849557,0.476615203163763,0.44281793229643185,0.414225941433284,0.45331529430883266,0.40201973495344345,1,0,21947000.0,0.43488372093023253,0.47386172006745364,2599000.0,1,0,32,393.0
1045,190000.0,13.0,0.3928574872021717,0.0,0.0,0.0,0.40000603415401237,0.4336917562724873,0.4445473453127392,0.45475113122171945,0.44230917465915276,0.49482456551750875,0.40582917672392776,1,0,1794000.0,0.43488372093023253,0.39678284182305634,174000.0,1,1,37,482.0
1046,2110000.0,2.0,0.4220779627191293,82.40884820747522,114.68688024408848,0.0,0.45774647887323944,0.4129263913824057,0.4415584526838991,0.45045045045045046,0.4230769551118841,0.4339650140059905,0.42220278660777283,1,0,8415000.0,0.43488372093023253,0.39678284182305634,1726000.0,1,0,33,514.0
1047,180000.0,12.0,0.5065614987246854,0.0,0.0,0.0,0.44040247678018574,0.4694783573806881,0.4485294151733482,0.44281793229643185,0.5031846524456339,0.45331529430883266,0.4270121893767379,0,0,3109000.0,0.43488372093023253,0.47386172006745364,489000.0,0,0,37,479.0
1048,120000.0,18.0,0.4615356204904945,0.0,90.0,10000.0,0.45774647887323944,0.4336917562724873,0.46428416000978534,0.45433255269320844,0.4468097890743483,0.4658901691183491,0.42117558521355203,0,0,866000.0,0.45364536453645365,0.45443645083932854,116000.0,0,0,37,411.0
1049,180000.0,12.0,0.4220779627191293,0.0,0.0,280000.0,0.45774647887323944,0.4539823008849557,0.30013565669860115,0.45475113122171945,0.45890407585949666,0.4395681403885853,0.44519311265006384,1,1,9707000.0,0.43488372093023253,0.45443645083932854,1645000.0,1,0,37,374.0
1050,190000.0,10.0,0.4074136609653927,0.0,0.0,10000.0,0.45774647887323944,0.4539823008849557,0.5056772402445142,0.44281793229643185,0.414225941433284,0.5164278000280932,0.5023579265365139,1,1,11720000.0,0.43488372093023253,0.44892221180880976,2113000.0,1,0,36,304.0
1051,210000.0,11.0,0.45453917520963155,82.40884820747522,114.68688024408848,605344.4272445821,0.45774647887323944,0.4129263913824057,0.4485294151733482,0.45475113122171945,0.5315593642552221,0.5164278000280932,0.4545481381730755,0,1,26685000.0,0.4568764568764569,0.47386172006745364,4834000.0,0,0,36,668.0
1052,230000.0,13.0,0.45453917520963155,0.0,0.0,80000.0,0.44040247678018574,0.4539823008849557,0.4415584526838991,0.44281793229643185,0.4511627906899892,0.5183627257078485,0.5233562461236126,1,1,4160000.0,0.45364536453645365,0.44892221180880976,634000.0,1,0,37,387.0
1053,200000.0,17.0,0.44387755113454985,0.0,180.0,60000.0,0.468085106382978,0.4129263913824057,0.45200464380003236,0.44281793229643185,0.5031846524456339,0.3965552694677991,0.46629820821531875,0,0,1186000.0,0.4568764568764569,0.45443645083932854,229000.0,0,0,36,386.0
1054,170000.0,14.0,0.4906797478948485,0.0,0.0,0.0,0.44040247678018574,0.4539823008849557,0.5254093931718659,0.45475113122171945,0.46907216438869503,0.46365822718746796,0.4332390300357073,0,1,765000.0,0.43488372093023253,0.39678284182305634,182000.0,0,0,37,322.0
1055,210000.0,17.0,0.46341463401227523,0.0,0.0,260000.0,0.45774647887323944,0.4129263913824057,0.4121240088339391,0.44281793229643185,0.4905583684264643,0.36975187045665187,0.49315734568265995,1,1,1431000.0,0.43488372093023253,0.47386172006745364,251000.0,1,1,35,303.0
1056,120000.0,12.0,0.4844907454931315,833.0,833.0,0.0,0.44040247678018574,0.4539823008849557,0.476615203163763,0.45433255269320844,0.5063919873437158,0.3750074661878128,0.5035331693654489,1,0,1682000.0,0.43488372093023253,0.44892221180880976,228000.0,1,1,36,534.0
1057,130000.0,15.0,0.5628080317442733,0.0,0.0,0.0,0.44040247678018574,0.4539823008849557,0.5257384019435941,0.45475113122171945,0.45890407585949666,0.43679650911494705,0.423941142391273,0,1,675000.0,0.43488372093023253,0.44892221180880976,91000.0,0,0,36,361.0
1058,3220000.0,17.0,0.46341463401227523,0.0,0.0,0.0,0.468085106382978,0.4694783573806881,0.45200464380003236,0.44281793229643185,0.4687495951044435,0.49482456551750875,0.4545481381730755,0,0,15486000.0,0.43488372093023253,0.44892221180880976,2929000.0,0,0,34,500.0
1059,1760000.0,18.0,0.46341463401227523,0.0,0.0,0.0,0.44040247678018574,0.4539823008849557,0.416387268320036,0.44281793229643185,0.43697478992002986,0.3810650946770142,0.379712180659019,0,0,10266000.0,0.45364536453645365,0.47386172006745364,2246000.0,0,0,35,434.0
1060,120000.0,13.0,0.4360903840722853,0.0,0.0,0.0,0.44040247678018574,0.4694783573806881,0.4505327389584535,0.45045045045045046,0.45890407585949666,0.531814720884261,0.42220278660777283,0,1,1305000.0,0.45364536453645365,0.44892221180880976,170000.0,0,0,37,300.0
1061,600000.0,19.0,0.5065614987246854,82.40884820747522,114.68688024408848,605344.4272445821,0.45774647887323944,0.4694783573806881,0.3900197525554698,0.45475113122171945,0.46907216438869503,0.36975187045665187,0.4014334059125707,1,0,2820000.0,0.45364536453645365,0.44892221180880976,856000.0,1,0,36,424.0
1062,210000.0,14.0,0.4646406293882584,0.0,0.0,0.0,0.44040247678018574,0.4694783573806881,0.5069442053895509,0.44281793229643185,0.4687495951044435,0.36975187045665187,0.5081959184294307,1,0,3739000.0,0.4568764568764569,0.47386172006745364,338000.0,1,1,35,443.0
1063,100000.0,3.0,0.49269077310150705,0.0,0.0,0.0,0.45774647887323944,0.4694783573806881,0.41581515781000167,0.45475113122171945,0.414225941433284,0.5164278000280932,0.46629820821531875,1,0,1130000.0,0.45364536453645365,0.45443645083932854,106000.0,1,1,40,466.89744512414535
1064,170000.0,11.0,0.4220779627191293,0.0,0.0,3960000.0,0.44040247678018574,0.4694783573806881,0.4956486747857908,0.45475113122171945,0.3739186560656616,0.37737165958551677,0.4037095629016318,1,1,23361000.0,0.43488372093023253,0.45443645083932854,698000.0,1,0,37,404.0
1065,550000.0,14.0,0.40004455157916113,82.40884820747522,114.68688024408848,0.0,0.44040247678018574,0.4336917562724873,0.3971634082048179,0.45433255269320844,0.45864649596466484,0.45560844252904975,0.490206851056817,0,1,3372000.0,0.4568764568764569,0.39678284182305634,519000.0,0,0,32,322.0
1066,830000.0,10.0,0.4646406293882584,0.0,0.0,0.0,0.44040247678018574,0.4539823008849557,0.3931036562142931,0.45475113122171945,0.5031846524456339,0.5106758841242302,0.45989425850057764,1,0,1063000.0,0.45364536453645365,0.45443645083932854,1590000.0,1,1,38,389.0
1067,160000.0,10.0,0.3928574872021717,0.0,0.0,0.0,0.45774647887323944,0.4129263913824057,0.470084171924464,0.44281793229643185,0.45890407585949666,0.379712180659019,0.5247762159801056,0,0,4007000.0,0.43488372093023253,0.44892221180880976,612000.0,0,0,36,413.0
1068,200000.0,11.0,0.4220779627191293,0.0,0.0,0.0,0.45774647887323944,0.4129263913824057,0.4415584526838991,0.44281793229643185,0.5592064152301905,0.3721191346526487,0.41047292637935173,0,0,34565000.0,0.45364536453645365,0.44892221180880976,5534000.0,0,1,37,604.0
1069,470000.0,17.0,0.49269077310150705,0.0,0.0,0.0,0.44040247678018574,0.4539823008849557,0.43902472242345825,0.44281793229643185,0.4511627906899892,0.4321363669380822,0.4139523428902476,1,1,2624000.0,0.4568764568764569,0.39678284182305634,571000.0,1,1,32,612.0
1070,240000.0,12.0,0.43673114297615767,0.0,0.0,0.0,0.44040247678018574,0.4694783573806881,0.5375745064065167,0.45433255269320844,0.4583333330136348,0.4658901691183491,0.4769970982233268,0,0,4049000.0,0.45364536453645365,0.45443645083932854,513000.0,0,0,37,364.0
1071,420000.0,14.0,0.46341463401227523,0.0,0.0,180000.0,0.44040247678018574,0.4539823008849557,0.4956486747857908,0.44281793229643185,0.5031846524456339,0.3810650946770142,0.49646711594687815,0,0,6421000.0,0.45364536453645365,0.45443645083932854,963000.0,0,0,41,352.0
1072,80000.0,15.0,0.3971634082048179,534.0,534.0,70000.0,0.45774647887323944,0.4539823008849557,0.40571030945850584,0.44281793229643185,0.45890407585949666,0.43679650911494705,0.379712180659019,1,0,4059000.0,0.4568764568764569,0.45443645083932854,100000.0,1,1,37,461.0
1073,190000.0,11.0,0.4906797478948485,0.0,0.0,605344.4272445821,0.40000603415401237,0.4694783573806881,0.4268739712093834,0.45433255269320844,0.5031846524456339,0.45677246944372973,0.423941142391273,0,1,2032000.0,0.4568764568764569,0.45443645083932854,293000.0,0,0,41,335.0
1074,220000.0,14.0,0.583862843505718,940.0,940.0,450000.0,0.44040247678018574,0.4694783573806881,0.4415584526838991,0.45475113122171945,0.46907216438869503,0.5171573620994421,0.4543800115079512,1,0,4055000.0,0.45364536453645365,0.44892221180880976,256000.0,1,0,37,439.0
1075,160000.0,3.0,0.3892717187010617,0.0,0.0,0.0,0.45774647887323944,0.4539823008849557,0.3900197525554698,0.44281793229643185,0.45864649596466484,0.3965552694677991,0.40571030945850584,1,0,11784000.0,0.45364536453645365,0.47386172006745364,369000.0,1,1,40,559.0
1076,1600000.0,14.0,0.4646406293882584,3.0,3.0,2830000.0,0.45774647887323944,0.4539823008849557,0.4121240088339391,0.44281793229643185,0.493908884521716,0.46721243412305624,0.4789986557881242,0,1,6331000.0,0.43488372093023253,0.47386172006745364,1188000.0,0,1,35,739.0
1077,220000.0,13.0,0.3971634082048179,0.0,0.0,0.0,0.468085106382978,0.4129263913824057,0.45782858909969404,0.45433255269320844,0.44230917465915276,0.36975187045665187,0.5582615046868826,1,1,2346000.0,0.45364536453645365,0.44892221180880976,300000.0,1,0,37,426.0
1078,420000.0,17.0,0.44387755113454985,0.0,0.0,110000.0,0.468085106382978,0.4129263913824057,0.30013565669860115,0.44281793229643185,0.4583333330136348,0.41322952719822703,0.36719335159199484,0,0,2830000.0,0.4568764568764569,0.44892221180880976,505000.0,0,1,33,499.0
1079,220000.0,13.0,0.4498690306228219,0.0,0.0,0.0,0.44040247678018574,0.4539823008849557,0.5375745064065167,0.45433255269320844,0.417393662751422,0.40235614355016347,0.49315734568265995,0,0,9807000.0,0.45364536453645365,0.45443645083932854,1320000.0,0,0,36,340.0
1080,170000.0,10.0,0.4844907454931315,82.40884820747522,114.68688024408848,605344.4272445821,0.44040247678018574,0.4129263913824057,0.5257384019435941,0.45475113122171945,0.5606727833398578,0.45192239757482366,0.47514234773523084,0,0,7403000.0,0.43488372093023253,0.39678284182305634,1029000.0,0,0,37,460.0
1081,1460000.0,18.0,0.4220779627191293,0.0,0.0,0.0,0.468085106382978,0.4539823008849557,0.43902472242345825,0.45433255269320844,0.3739186560656616,0.46721243412305624,0.36719335159199484,1,0,7477000.0,0.45364536453645365,0.44892221180880976,1335000.0,1,0,36,352.0
1082,480000.0,18.0,0.5628080317442733,0.0,0.0,4700000.0,0.40000603415401237,0.4539823008849557,0.3900197525554698,0.45475113122171945,0.4230769551118841,0.49482456551750875,0.4606736933325396,0,1,4678000.0,0.4568764568764569,0.44892221180880976,475000.0,0,0,33,588.0
1083,230000.0,13.0,0.471073469342046,0.0,0.0,0.0,0.468085106382978,0.4694783573806881,0.3971634082048179,0.44281793229643185,0.4511627906899892,0.3721191346526487,0.49141635626861524,0,0,3692000.0,0.43488372093023253,0.44892221180880976,468000.0,0,0,37,372.0
1084,5920000.0,19.0,0.4220779627191293,0.0,0.0,1010000.0,0.45774647887323944,0.4694783573806881,0.5056772402445142,0.44281793229643185,0.417393662751422,0.49482456551750875,0.4771498533714657,0,0,62293000.0,0.45364536453645365,0.45443645083932854,4812000.0,0,0,34,336.0
1085,1270000.0,16.0,0.4646406293882584,0.0,0.0,0.0,0.45774647887323944,0.4694783573806881,0.5375745064065167,0.44281793229643185,0.417393662751422,0.5164278000280932,0.490206851056817,1,0,5314000.0,0.43488372093023253,0.45443645083932854,1563000.0,1,0,37,397.0
1086,2790000.0,16.0,0.3971634082048179,0.0,0.0,900000.0,0.45774647887323944,0.4129263913824057,0.470084171924464,0.45475113122171945,0.4583333330136348,0.36975187045665187,0.40806474591452696,0,0,13052000.0,0.43488372093023253,0.44892221180880976,3495000.0,0,0,34,459.0
1087,4320000.0,18.0,0.35775698265868106,0.0,0.0,0.0,0.44040247678018574,0.4539823008849557,0.4485294151733482,0.44281793229643185,0.43697478992002986,0.3721191346526487,0.31886873294614065,0,0,45176000.0,0.45364536453645365,0.47386172006745364,5359000.0,0,0,35,629.0
1088,2930000.0,14.0,0.4278491036733748,0.0,0.0,0.0,0.44040247678018574,0.4336917562724873,0.3931036562142931,0.44281793229643185,0.4230769551118841,0.45192239757482366,0.6100509010581558,0,0,12148000.0,0.45364536453645365,0.47386172006745364,2792000.0,0,0,35,413.0
1089,150000.0,13.0,0.4646406293882584,0.0,0.0,510000.0,0.45774647887323944,0.4539823008849557,0.476615203163763,0.45475113122171945,0.414225941433284,0.4339650140059905,0.40571030945850584,1,1,7847000.0,0.43488372093023253,0.44892221180880976,159000.0,1,1,36,365.0
1090,860000.0,13.0,0.4581005575150995,0.0,0.0,0.0,0.44040247678018574,0.4539823008849557,0.3900197525554698,0.44281793229643185,0.46907216438869503,0.5183627257078485,0.4375202018743684,0,1,21128000.0,0.4568764568764569,0.44892221180880976,2470000.0,0,0,34,324.0
1091,3310000.0,10.0,0.44387755113454985,0.0,30.0,150000.0,0.45774647887323944,0.4336917562724873,0.46428416000978534,0.44281793229643185,0.414225941433284,0.43679650911494705,0.5134854957775883,0,0,20467000.0,0.43488372093023253,0.39678284182305634,3395000.0,0,0,37,485.0
1092,220000.0,11.0,0.4498690306228219,0.0,0.0,0.0,0.44040247678018574,0.4694783573806881,0.3971634082048179,0.45433255269320844,0.4835606203192975,0.45331529430883266,0.47681005690163497,0,0,3643000.0,0.43488372093023253,0.45443645083932854,511000.0,0,0,36,467.0
1093,210000.0,10.0,0.4375202018743684,0.0,0.0,60000.0,0.45774647887323944,0.4129263913824057,0.38083308316558756,0.45475113122171945,0.3739186560656616,0.45560844252904975,0.4653190175668822,0,0,1266000.0,0.4568764568764569,0.44892221180880976,166000.0,0,0,41,510.0
1094,220000.0,11.0,0.4615356204904945,0.0,0.0,0.0,0.45774647887323944,0.4694783573806881,0.4214287402257545,0.44281793229643185,0.46907216438869503,0.49482456551750875,0.44169753216105057,0,0,1947000.0,0.4568764568764569,0.47386172006745364,310000.0,0,0,37,805.0
1095,160000.0,12.0,0.3971634082048179,0.0,0.0,0.0,0.45774647887323944,0.4129263913824057,0.36271363783177113,0.45475113122171945,0.44230917465915276,0.5491139021556548,0.3244469103797425,0,1,1480000.0,0.45364536453645365,0.44892221180880976,220000.0,0,0,37,301.0
1096,1090000.0,27.0,0.40004455157916113,0.0,1.0,60000.0,0.45774647887323944,0.4539823008849557,0.5165869667180779,0.45045045045045046,0.4468097890743483,0.43679650911494705,0.5157460113123283,1,1,4437000.0,0.4568764568764569,0.44892221180880976,1071000.0,1,0,38,450.0
1097,1850000.0,14.0,0.45885149198403496,0.0,0.0,0.0,0.45774647887323944,0.4539823008849557,0.3900197525554698,0.45045045045045046,0.45890407585949666,0.5171573620994421,0.45900943855115717,0,0,15316000.0,0.4568764568764569,0.44892221180880976,3595000.0,0,1,37,466.0
1098,1020000.0,12.0,0.471073469342046,0.0,0.0,0.0,0.44040247678018574,0.4694783573806881,0.3900197525554698,0.45475113122171945,0.3541279498012266,0.5176283236840944,0.4696533706380367,0,0,7364000.0,0.45364536453645365,0.44892221180880976,813000.0,0,0,33,566.0
1099,630000.0,18.0,0.49269077310150705,0.0,0.0,150000.0,0.45774647887323944,0.4694783573806881,0.38083308316558756,0.44281793229643185,0.43697478992002986,0.41322952719822703,0.49646711594687815,1,0,3237000.0,0.45364536453645365,0.45443645083932854,773000.0,1,0,36,377.0
1100,3270000.0,10.0,0.5065614987246854,0.0,0.0,0.0,0.45774647887323944,0.4694783573806881,0.30013565669860115,0.44281793229643185,0.417393662751422,0.5171573620994421,0.44084111937285236,1,0,45922000.0,0.45364536453645365,0.44892221180880976,5200000.0,1,0,34,398.0
1101,610000.0,13.0,0.44387755113454985,0.0,0.0,0.0,0.44040247678018574,0.4539823008849557,0.46428416000978534,0.45475113122171945,0.4230769551118841,0.40235614355016347,0.4445473453127392,1,0,9197000.0,0.45364536453645365,0.44892221180880976,1274000.0,1,1,37,613.0
1102,4850000.0,14.0,0.4581005575150995,0.0,0.0,520000.0,0.44040247678018574,0.4539823008849557,0.5056772402445142,0.44281793229643185,0.45890407585949666,0.45331529430883266,0.3758582472222368,1,0,299589000.0,0.43488372093023253,0.44892221180880976,4327000.0,1,0,35,691.0
1103,110000.0,16.0,0.46341463401227523,0.0,17.0,70000.0,0.45774647887323944,0.4539823008849557,0.5363528439845596,0.44281793229643185,0.4511627906899892,0.5491139021556548,0.4278491036733748,0,0,751000.0,0.43488372093023253,0.45443645083932854,119000.0,0,0,36,388.0
1104,240000.0,13.0,0.4615356204904945,82.40884820747522,114.68688024408848,605344.4272445821,0.45774647887323944,0.4539823008849557,0.470084171924464,0.44281793229643185,0.45864649596466484,0.46721243412305624,0.5134854957775883,0,0,3271000.0,0.45364536453645365,0.45443645083932854,492000.0,0,0,35,294.0
1105,2940000.0,14.0,0.471073469342046,0.0,0.0,0.0,0.44040247678018574,0.4539823008849557,0.5375745064065167,0.45045045045045046,0.414225941433284,0.4395681403885853,0.4278491036733748,0,0,22645000.0,0.43488372093023253,0.45443645083932854,2928000.0,0,0,32,618.0
1106,220000.0,11.0,0.40004455157916113,0.0,0.0,0.0,0.44040247678018574,0.4539823008849557,0.470084171924464,0.45475113122171945,0.46907216438869503,0.5183627257078485,0.5363489679286931,0,0,10153000.0,0.44758586022284785,0.45443645083932854,1553000.0,0,0,37,359.0
1107,190000.0,11.0,0.4468949699527549,500.0,500.0,840000.0,0.44040247678018574,0.4539823008849557,0.3971634082048179,0.45433255269320844,0.4468097890743483,0.5164278000280932,0.3156771054360342,1,0,2886000.0,0.4568764568764569,0.45443645083932854,315000.0,1,0,36,477.0
1108,1870000.0,16.0,0.4615356204904945,0.0,0.0,0.0,0.45774647887323944,0.4694783573806881,0.416387268320036,0.44281793229643185,0.4511627906899892,0.49482456551750875,0.39551727687191446,0,0,9261000.0,0.43488372093023253,0.47386172006745364,1504000.0,0,1,37,590.0
1109,4250000.0,18.0,0.4360903840722853,82.40884820747522,114.68688024408848,605344.4272445821,0.468085106382978,0.4129263913824057,0.4214287402257545,0.45045045045045046,0.3739186560656616,0.5164278000280932,0.4626438500979087,0,1,51350000.0,0.43488372093023253,0.47386172006745364,5340000.0,0,1,36,660.0
1110,230000.0,11.0,0.4646406293882584,88.0,88.0,110000.0,0.44040247678018574,0.4336917562724873,0.4415584526838991,0.45433255269320844,0.4511627906899892,0.45192239757482366,0.44084111937285236,1,0,1350000.0,0.43488372093023253,0.44892221180880976,181000.0,1,0,36,413.0
1111,1500000.0,10.0,0.5628080317442733,0.0,0.0,320000.0,0.45774647887323944,0.4694783573806881,0.46428416000978534,0.45045045045045046,0.45890407585949666,0.4757214900689184,0.3580839468498659,0,0,54107000.0,0.45364536453645365,0.47386172006745364,5824000.0,0,0,36,368.0
1112,280000.0,17.0,0.40004455157916113,4.0,37.0,910000.0,0.44040247678018574,0.4539823008849557,0.5254093931718659,0.45433255269320844,0.37758024313602523,0.45677246944372973,0.31886873294614065,0,0,1298000.0,0.45364536453645365,0.44892221180880976,246000.0,0,0,36,444.0
1113,1160000.0,27.0,0.4774317289223725,0.0,0.0,0.0,0.45774647887323944,0.4539823008849557,0.3931036562142931,0.45475113122171945,0.45864649596466484,0.5071462083323844,0.46629820821531875,0,0,3918000.0,0.43488372093023253,0.45443645083932854,1313000.0,0,1,40,547.0
1114,210000.0,10.0,0.4615356204904945,0.0,0.0,0.0,0.44040247678018574,0.4694783573806881,0.30013565669860115,0.45045045045045046,0.43697478992002986,0.4444688960343153,0.4505327389584535,0,0,14892000.0,0.43488372093023253,0.45443645083932854,2581000.0,0,0,39,548.0
1115,200000.0,19.0,0.5065614987246854,0.0,0.0,0.0,0.44040247678018574,0.4694783573806881,0.5257384019435941,0.45045045045045046,0.414225941433284,0.5171573620994421,0.45745399554685107,0,1,1199000.0,0.4568764568764569,0.44892221180880976,172000.0,0,0,36,425.0
1116,1030000.0,18.0,0.40004455157916113,0.0,0.0,340000.0,0.44040247678018574,0.4129263913824057,0.5375745064065167,0.44281793229643185,0.4583333330136348,0.531814720884261,0.3244469103797425,0,0,7270000.0,0.4568764568764569,0.44892221180880976,1302000.0,0,1,34,529.0
1117,1360000.0,19.0,0.5065614987246854,0.0,0.0,1700000.0,0.45774647887323944,0.4129263913824057,0.36271363783177113,0.45475113122171945,0.4230769551118841,0.3721191346526487,0.45745399554685107,1,0,12114000.0,0.45364536453645365,0.39678284182305634,2481000.0,1,1,34,484.0
1118,180000.0,14.0,0.4074136609653927,0.0,0.0,0.0,0.44040247678018574,0.4129263913824057,0.36271363783177113,0.45475113122171945,0.4511627906899892,0.5171573620994421,0.42604008664425413,0,0,1897000.0,0.43488372093023253,0.44892221180880976,181000.0,0,1,37,755.0
1119,160000.0,12.0,0.3971634082048179,0.0,0.0,0.0,0.40000603415401237,0.4539823008849557,0.5165869667180779,0.45475113122171945,0.5031846524456339,0.49482456551750875,0.3758582472222368,0,1,1549000.0,0.4568764568764569,0.44892221180880976,228000.0,0,0,38,392.0
1120,180000.0,14.0,0.471073469342046,0.0,0.0,0.0,0.44040247678018574,0.4694783573806881,0.3900197525554698,0.45475113122171945,0.414225941433284,0.379712180659019,0.41240204586511464,0,0,1627000.0,0.45364536453645365,0.44892221180880976,255000.0,0,0,35,568.0
1121,200000.0,10.0,0.4615356204904945,999.0,999.0,3430000.0,0.44040247678018574,0.4129263913824057,0.3931036562142931,0.45045045045045046,0.4511627906899892,0.5176283236840944,0.5023579265365139,0,0,15812000.0,0.43488372093023253,0.45443645083932854,2625000.0,0,0,35,489.0
1122,170000.0,37.0,0.49269077310150705,1422.0,60.0,130000.0,0.468085106382978,0.4539823008849557,0.5165869667180779,0.45475113122171945,0.417393662751422,0.3721191346526487,0.4014334059125707,1,0,1437000.0,0.45364536453645365,0.45443645083932854,262000.0,1,0,41,357.0
1123,150000.0,18.0,0.4220779627191293,0.0,0.0,0.0,0.45774647887323944,0.4129263913824057,0.5056772402445142,0.45475113122171945,0.4604834864076457,0.40235614355016347,0.6100509010581558,0,1,623000.0,0.43488372093023253,0.44892221180880976,147000.0,0,0,37,348.0
1124,180000.0,21.0,0.5628080317442733,0.0,0.0,0.0,0.45774647887323944,0.4694783573806881,0.3900197525554698,0.44281793229643185,0.4583333330136348,0.43679650911494705,0.45900943855115717,0,0,162000.0,0.45364536453645365,0.45443645083932854,364000.0,0,1,39,323.0
1125,2990000.0,11.0,0.49269077310150705,0.0,0.0,605344.4272445821,0.45774647887323944,0.4694783573806881,0.470084171924464,0.45475113122171945,0.4583333330136348,0.5164278000280932,0.48822655398093273,0,0,51304000.0,0.43488372093023253,0.47386172006745364,3082000.0,0,0,37,466.89744512414535
1126,1180000.0,12.0,0.45453917520963155,0.0,0.0,605344.4272445821,0.45774647887323944,0.4539823008849557,0.5254093931718659,0.44281793229643185,0.4604834864076457,0.3750074661878128,0.4037095629016318,0,1,8455000.0,0.43488372093023253,0.47386172006745364,1174000.0,0,0,38,439.0
1127,200000.0,10.0,0.4747378959928985,0.0,0.0,40000.0,0.44040247678018574,0.4694783573806881,0.4415584526838991,0.45475113122171945,0.46907216438869503,0.4757214900689184,0.5602211136196202,0,0,2493000.0,0.4568764568764569,0.47386172006745364,436000.0,0,0,40,338.0
1128,270000.0,14.0,0.4581005575150995,0.0,0.0,0.0,0.45774647887323944,0.4539823008849557,0.30013565669860115,0.45433255269320844,0.4905583684264643,0.4321363669380822,0.4106715025408491,0,1,2305000.0,0.45364536453645365,0.44892221180880976,456000.0,0,0,34,415.0
1129,5660000.0,15.0,0.46341463401227523,21.0,30.0,1260000.0,0.44040247678018574,0.4539823008849557,0.5257384019435941,0.44281793229643185,0.4583333330136348,0.4859069669135048,0.5035331693654489,1,1,121111000.0,0.4568764568764569,0.44892221180880976,4785000.0,1,0,34,471.0
1130,230000.0,11.0,0.4646406293882584,82.40884820747522,114.68688024408848,605344.4272445821,0.44040247678018574,0.4129263913824057,0.45200464380003236,0.4106715025408491,0.4583333330136348,0.4321363669380822,0.5602211136196202,0,0,1607000.0,0.45364536453645365,0.44892221180880976,248000.0,0,0,38,371.0
1131,2580000.0,16.0,0.3928574872021717,0.0,0.0,400000.0,0.44040247678018574,0.4694783573806881,0.36271363783177113,0.45475113122171945,0.3541279498012266,0.3750074661878128,0.5363489679286931,1,1,14996000.0,0.45364536453645365,0.44892221180880976,3254000.0,1,0,36,610.0
1132,510000.0,18.0,0.3928574872021717,0.0,0.0,40000.0,0.44040247678018574,0.4539823008849557,0.4956486747857908,0.44281793229643185,0.4583333330136348,0.5171573620994421,0.5363489679286931,1,0,2422000.0,0.45364536453645365,0.47386172006745364,488000.0,1,0,32,557.0
1133,230000.0,11.0,0.4646406293882584,1037.0,1037.0,120000.0,0.468085106382978,0.4539823008849557,0.4268739712093834,0.45475113122171945,0.43697478992002986,0.4757214900689184,0.39551727687191446,1,0,1372000.0,0.43488372093023253,0.45443645083932854,212000.0,1,0,36,526.0
1134,2000000.0,10.0,0.3971634082048179,10.0,1044.0,2660000.0,0.45774647887323944,0.4539823008849557,0.3900197525554698,0.45475113122171945,0.4604834864076457,0.40002703158873276,0.4771498533714657,1,0,89188000.0,0.43488372093023253,0.47386172006745364,5131000.0,1,0,37,507.0
1135,3170000.0,13.0,0.4646406293882584,0.0,0.0,0.0,0.45774647887323944,0.4129263913824057,0.36271363783177113,0.44281793229643185,0.3739186560656616,0.5183627257078485,0.3580839468498659,0,0,474136000.0,0.43488372093023253,0.45443645083932854,4430000.0,0,0,35,368.0
1136,170000.0,15.0,0.471073469342046,0.0,0.0,0.0,0.468085106382978,0.4336917562724873,0.5254093931718659,0.44281793229643185,0.46907216438869503,0.43679650911494705,0.44084111937285236,0,0,939000.0,0.4568764568764569,0.45443645083932854,185000.0,0,0,36,422.0
1137,1250000.0,15.0,0.44387755113454985,82.40884820747522,114.68688024408848,0.0,0.45774647887323944,0.4539823008849557,0.3900197525554698,0.45475113122171945,0.4511627906899892,0.49482456551750875,0.4543800115079512,0,0,6167000.0,0.45364536453645365,0.45443645083932854,1414000.0,0,1,35,539.0
1138,220000.0,11.0,0.4581005575150995,0.0,0.0,605344.4272445821,0.45774647887323944,0.4539823008849557,0.4505327389584535,0.45045045045045046,0.37758024313602523,0.49482456551750875,0.41240204586511464,0,0,1552000.0,0.4568764568764569,0.44892221180880976,219000.0,0,0,38,446.0
1139,2370000.0,39.0,0.44387755113454985,0.0,0.0,0.0,0.40000603415401237,0.4539823008849557,0.3931036562142931,0.45475113122171945,0.46907216438869503,0.36975187045665187,0.5363489679286931,1,1,61000.0,0.4568764568764569,0.44892221180880976,3531000.0,1,1,39,395.0
1140,620000.0,14.0,0.4774317289223725,0.0,0.0,40000.0,0.44040247678018574,0.4129263913824057,0.4485294151733482,0.44281793229643185,0.4687495951044435,0.37737165958551677,0.41240204586511464,1,0,1994000.0,0.43488372093023253,0.45443645083932854,550000.0,1,1,36,611.0
1141,190000.0,11.0,0.4646406293882584,0.0,0.0,0.0,0.45774647887323944,0.4129263913824057,0.3931036562142931,0.45045045045045046,0.414225941433284,0.3680899177448659,0.3244469103797425,0,0,14512000.0,0.43488372093023253,0.44892221180880976,267000.0,0,1,41,341.0
1142,160000.0,11.0,0.4074136609653927,0.0,90.0,80000.0,0.468085106382978,0.4129263913824057,0.40571030945850584,0.45433255269320844,0.4230769551118841,0.4321363669380822,0.5134854957775883,0,0,7430000.0,0.45364536453645365,0.39678284182305634,1054000.0,0,0,35,650.0
1143,1080000.0,14.0,0.3928574872021717,0.0,0.0,0.0,0.45774647887323944,0.4539823008849557,0.5363528439845596,0.45045045045045046,0.45864649596466484,0.46365822718746796,0.31886873294614065,0,0,3479000.0,0.45364536453645365,0.47386172006745364,1058000.0,0,1,37,641.0
1144,2810000.0,11.0,0.3971634082048179,1572.0,0.0,0.0,0.44040247678018574,0.4694783573806881,0.38083308316558756,0.45475113122171945,0.414225941433284,0.45192239757482366,0.469407833203183,0,1,55779000.0,0.45364536453645365,0.45443645083932854,2705000.0,0,0,38,368.0
1145,140000.0,13.0,0.44387755113454985,0.0,0.0,0.0,0.468085106382978,0.4336917562724873,0.3971634082048179,0.45475113122171945,0.4511627906899892,0.5164278000280932,0.41240204586511464,0,1,715000.0,0.43488372093023253,0.45443645083932854,135000.0,0,0,37,356.0
1146,1170000.0,13.0,0.4581005575150995,0.0,0.0,605344.4272445821,0.44040247678018574,0.4129263913824057,0.4505327389584535,0.44281793229643185,0.4835606203192975,0.45677246944372973,0.45745399554685107,0,0,13243000.0,0.45364536453645365,0.44892221180880976,2321000.0,0,0,41,529.0
1147,180000.0,11.0,0.49269077310150705,0.0,0.0,0.0,0.45774647887323944,0.4694783573806881,0.5069442053895509,0.44281793229643185,0.45864649596466484,0.5171573620994421,0.379712180659019,0,0,3181000.0,0.43488372093023253,0.47386172006745364,411000.0,0,0,41,427.0
1148,230000.0,15.0,0.4646406293882584,0.0,0.0,0.0,0.44040247678018574,0.4539823008849557,0.43902472242345825,0.45475113122171945,0.37758024313602523,0.49482456551750875,0.36719335159199484,0,1,779000.0,0.43488372093023253,0.45443645083932854,182000.0,0,0,36,403.0
1149,1060000.0,15.0,0.3928574872021717,82.40884820747522,114.68688024408848,605344.4272445821,0.44040247678018574,0.4539823008849557,0.41581515781000167,0.45475113122171945,0.417393662751422,0.37737165958551677,0.43179497331840055,0,0,5925000.0,0.43488372093023253,0.39678284182305634,1169000.0,0,0,37,436.0
1150,200000.0,18.0,0.4646406293882584,0.0,0.0,0.0,0.44040247678018574,0.4129263913824057,0.44545497076419477,0.45475113122171945,0.414225941433284,0.48077782044892603,0.46629820821531875,0,1,1195000.0,0.4568764568764569,0.45443645083932854,343000.0,0,0,37,443.0
1151,240000.0,14.0,0.45453917520963155,0.0,0.0,0.0,0.44040247678018574,0.4694783573806881,0.4415584526838991,0.44281793229643185,0.5031846524456339,0.4859069669135048,0.4407909194105085,0,1,1349000.0,0.4568764568764569,0.39678284182305634,177000.0,0,0,35,407.0
1152,520000.0,13.0,0.40004455157916113,82.40884820747522,114.68688024408848,605344.4272445821,0.45774647887323944,0.4129263913824057,0.4799991436755424,0.44281793229643185,0.414225941433284,0.37737165958551677,0.4771498533714657,0,0,3559000.0,0.4568764568764569,0.45443645083932854,489000.0,0,1,38,512.0
1153,180000.0,12.0,0.4220779627191293,1156.0,1156.0,1750000.0,0.44040247678018574,0.4694783573806881,0.3971634082048179,0.45475113122171945,0.4230769551118841,0.3750074661878128,0.49141635626861524,1,0,9208000.0,0.43488372093023253,0.44892221180880976,1117000.0,1,0,37,770.0
1154,3520000.0,36.0,0.49269077310150705,0.0,0.0,1010000.0,0.468085106382978,0.4539823008849557,0.36271363783177113,0.45433255269320844,0.37758024313602523,0.5491139021556548,0.49057865436532944,1,1,44241000.0,0.4568764568764569,0.44892221180880976,3502000.0,1,0,40,358.0
1155,160000.0,17.0,0.4360903840722853,0.0,0.0,0.0,0.45774647887323944,0.4694783573806881,0.5363528439845596,0.44281793229643185,0.4583333330136348,0.4757214900689184,0.5157460113123283,1,0,14540000.0,0.45364536453645365,0.47386172006745364,215000.0,1,1,36,405.0
1156,200000.0,12.0,0.4360903840722853,0.0,0.0,0.0,0.468085106382978,0.4694783573806881,0.43902472242345825,0.44281793229643185,0.45890407585949666,0.5171573620994421,0.4200393611163291,0,0,1510000.0,0.45364536453645365,0.44892221180880976,198000.0,0,0,36,731.0
1157,190000.0,14.0,0.44387755113454985,82.40884820747522,114.68688024408848,605344.4272445821,0.45774647887323944,0.4129263913824057,0.470084171924464,0.45433255269320844,0.43697478992002986,0.4321363669380822,0.4407909194105085,0,0,2183000.0,0.43488372093023253,0.44892221180880976,280000.0,0,0,38,487.0
1158,180000.0,13.0,0.3971634082048179,0.0,0.0,605344.4272445821,0.44040247678018574,0.4539823008849557,0.3931036562142931,0.45045045045045046,0.46907216438869503,0.46365822718746796,0.49141635626861524,0,0,6306000.0,0.45364536453645365,0.44892221180880976,208000.0,0,1,38,488.0
1159,4690000.0,13.0,0.4278491036733748,0.0,0.0,2800000.0,0.44040247678018574,0.4694783573806881,0.4415584526838991,0.44281793229643185,0.4583333330136348,0.49482456551750875,0.4653190175668822,1,0,58974000.0,0.45364536453645365,0.44892221180880976,4507000.0,1,0,34,562.0
1160,210000.0,12.0,0.583862843505718,0.0,0.0,0.0,0.44040247678018574,0.4129263913824057,0.4485294151733482,0.45475113122171945,0.4604834864076457,0.36975187045665187,0.4696533706380367,0,0,8709000.0,0.4568764568764569,0.44892221180880976,1028000.0,0,0,36,332.0
1161,3880000.0,17.0,0.4615356204904945,0.0,0.0,0.0,0.44040247678018574,0.4129263913824057,0.4415584526838991,0.45475113122171945,0.4835606203192975,0.45331529430883266,0.42117558521355203,0,0,47767000.0,0.45364536453645365,0.45443645083932854,5341000.0,0,0,34,625.0
1162,450000.0,25.0,0.4581005575150995,0.0,0.0,0.0,0.40000603415401237,0.4694783573806881,0.5363528439845596,0.44281793229643185,0.414225941433284,0.4339650140059905,0.4106715025408491,1,0,134000.0,0.4568764568764569,0.47386172006745364,768000.0,1,1,39,466.89744512414535
1163,170000.0,13.0,0.49269077310150705,0.0,0.0,30000.0,0.45774647887323944,0.4539823008849557,0.3931036562142931,0.45045045045045046,0.4687495951044435,0.5164278000280932,0.42220278660777283,0,0,2962000.0,0.45364536453645365,0.44892221180880976,400000.0,0,0,39,512.0
1164,1630000.0,19.0,0.4646406293882584,0.0,0.0,550000.0,0.44040247678018574,0.4336917562724873,0.4485294151733482,0.44281793229643185,0.43697478992002986,0.36975187045665187,0.383357340467756,0,0,73300000.0,0.4568764568764569,0.44892221180880976,1367000.0,0,1,37,421.0
1165,170000.0,12.0,0.46341463401227523,329.0,329.0,90000.0,0.45774647887323944,0.4539823008849557,0.5363528439845596,0.44281793229643185,0.5031846524456339,0.5164278000280932,0.44084111937285236,0,0,2264000.0,0.45364536453645365,0.44892221180880976,274000.0,0,0,40,538.0
1166,170000.0,12.0,0.45453917520963155,1409.0,1409.0,390000.0,0.45774647887323944,0.4129263913824057,0.5056772402445142,0.44281793229643185,0.45890407585949666,0.4658901691183491,0.5247762159801056,0,0,3484000.0,0.4568764568764569,0.47386172006745364,597000.0,0,0,36,755.0
1167,80000.0,19.0,0.4906797478948485,0.0,0.0,0.0,0.44040247678018574,0.4336917562724873,0.4485294151733482,0.4106715025408491,0.4604834864076457,0.45677246944372973,0.4543800115079512,0,0,614000.0,0.45364536453645365,0.44892221180880976,110000.0,0,0,36,447.0
1168,470000.0,13.0,0.4668770371178462,0.0,0.0,30000.0,0.40000603415401237,0.4694783573806881,0.36271363783177113,0.45475113122171945,0.3739186560656616,0.46721243412305624,0.4445473453127392,1,0,2697000.0,0.43488372093023253,0.45443645083932854,512000.0,1,1,32,412.0
1169,190000.0,11.0,0.4747378959928985,0.0,0.0,0.0,0.45774647887323944,0.4129263913824057,0.5375745064065167,0.44281793229643185,0.37758024313602523,0.4859069669135048,0.379712180659019,0,1,1333000.0,0.4568764568764569,0.45443645083932854,185000.0,0,0,36,429.0
1170,230000.0,13.0,0.3971634082048179,82.40884820747522,114.68688024408848,0.0,0.45774647887323944,0.4694783573806881,0.30013565669860115,0.45475113122171945,0.45890407585949666,0.4757214900689184,0.46629820821531875,1,1,5032000.0,0.43488372093023253,0.47386172006745364,669000.0,1,1,32,702.0
1171,160000.0,10.0,0.3971634082048179,0.0,0.0,70000.0,0.44040247678018574,0.4539823008849557,0.4214287402257545,0.4106715025408491,0.5606727833398578,0.43679650911494705,0.4270121893767379,0,0,16109000.0,0.45364536453645365,0.39678284182305634,2637000.0,0,0,37,471.0
1172,200000.0,10.0,0.4706709757445273,0.0,0.0,10000.0,0.44040247678018574,0.4129263913824057,0.5363528439845596,0.44281793229643185,0.43697478992002986,0.45677246944372973,0.46629820821531875,0,0,27274000.0,0.4568764568764569,0.45443645083932854,2488000.0,0,0,37,445.0
1173,460000.0,13.0,0.45885149198403496,0.0,0.0,0.0,0.45774647887323944,0.4694783573806881,0.46428416000978534,0.45045045045045046,0.4583333330136348,0.3750074661878128,0.46016463299084465,1,1,8668000.0,0.45364536453645365,0.39678284182305634,821000.0,1,1,38,358.0
1174,1290000.0,17.0,0.4581005575150995,0.0,0.0,4820000.0,0.45774647887323944,0.4539823008849557,0.5257384019435941,0.45475113122171945,0.4230769551118841,0.43679650911494705,0.36576674063800674,0,0,10790000.0,0.45364536453645365,0.44892221180880976,1557000.0,0,1,36,532.0
1175,230000.0,11.0,0.4774317289223725,987.0,987.0,2770000.0,0.45774647887323944,0.4539823008849557,0.470084171924464,0.45433255269320844,0.45890407585949666,0.46721243412305624,0.48822655398093273,0,0,2772000.0,0.4568764568764569,0.44892221180880976,491000.0,0,0,41,627.0
1176,780000.0,13.0,0.4844907454931315,0.0,0.0,50000.0,0.45774647887323944,0.4336917562724873,0.4799991436755424,0.44281793229643185,0.4583333330136348,0.46721243412305624,0.39896986903151255,0,0,4832000.0,0.43488372093023253,0.45443645083932854,809000.0,0,1,38,546.0
1177,180000.0,11.0,0.4581005575150995,0.0,0.0,605344.4272445821,0.45774647887323944,0.4694783573806881,0.4799991436755424,0.45475113122171945,0.34356713843530684,0.40235614355016347,0.4789986557881242,0,0,2267000.0,0.45364536453645365,0.44892221180880976,340000.0,0,0,37,469.0
1178,430000.0,12.0,0.49269077310150705,0.0,0.0,605344.4272445821,0.44040247678018574,0.4539823008849557,0.5363528439845596,0.45475113122171945,0.5606727833398578,0.43574970796090917,0.4606736933325396,1,1,10593000.0,0.45364536453645365,0.39678284182305634,1705000.0,1,0,37,326.0
1179,180000.0,10.0,0.4747378959928985,493.0,493.0,20000.0,0.45774647887323944,0.4336917562724873,0.4268739712093834,0.44281793229643185,0.43697478992002986,0.4444688960343153,0.45745399554685107,1,0,5132000.0,0.45364536453645365,0.45443645083932854,1029000.0,1,0,37,466.89744512414535
1180,200000.0,13.0,0.40004455157916113,0.0,0.0,0.0,0.40000603415401237,0.4129263913824057,0.5254093931718659,0.44281793229643185,0.414225941433284,0.46721243412305624,0.6100509010581558,0,0,5275000.0,0.44758586022284785,0.47386172006745364,794000.0,0,0,37,477.0
1181,230000.0,12.0,0.5065614987246854,0.0,30.0,360000.0,0.44040247678018574,0.4129263913824057,0.44545497076419477,0.45433255269320844,0.4468097890743483,0.3965552694677991,0.46016463299084465,0,1,2215000.0,0.45364536453645365,0.45443645083932854,341000.0,0,0,36,453.0
1182,5060000.0,18.0,0.4844907454931315,0.0,0.0,0.0,0.45774647887323944,0.4129263913824057,0.5257384019435941,0.44281793229643185,0.4687495951044435,0.5164278000280932,0.5035331693654489,0,0,31447000.0,0.45364536453645365,0.45443645083932854,4049000.0,0,0,35,409.0
1183,140000.0,35.0,0.5628080317442733,683.0,683.0,250000.0,0.45774647887323944,0.4129263913824057,0.5069442053895509,0.44281793229643185,0.43697478992002986,0.48077782044892603,0.46016463299084465,0,0,6495000.0,0.45364536453645365,0.44892221180880976,128000.0,0,1,39,553.0
1184,2840000.0,41.0,0.4360903840722853,0.0,0.0,0.0,0.45774647887323944,0.4694783573806881,0.4268739712093834,0.44281793229643185,0.43697478992002986,0.5164278000280932,0.42220278660777283,0,0,27869000.0,0.45364536453645365,0.39678284182305634,2609000.0,0,0,40,382.0
1185,200000.0,14.0,0.4375202018743684,0.0,0.0,605344.4272445821,0.44040247678018574,0.4539823008849557,0.43902472242345825,0.45045045045045046,0.5031846524456339,0.37737165958551677,0.4545481381730755,0,1,1897000.0,0.4568764568764569,0.44892221180880976,337000.0,0,0,39,396.0
1186,130000.0,10.0,0.46341463401227523,0.0,0.0,0.0,0.44040247678018574,0.4539823008849557,0.44545497076419477,0.45045045045045046,0.4230769551118841,0.4859069669135048,0.5602211136196202,0,0,1085000.0,0.4568764568764569,0.44892221180880976,142000.0,0,1,37,550.0
1187,1760000.0,26.0,0.4747378959928985,0.0,0.0,0.0,0.44040247678018574,0.4539823008849557,0.5159288114711631,0.45475113122171945,0.4468097890743483,0.4339650140059905,0.48822655398093273,1,1,5248000.0,0.4568764568764569,0.47386172006745364,1459000.0,1,0,40,466.89744512414535
1188,450000.0,20.0,0.49269077310150705,0.0,0.0,0.0,0.44040247678018574,0.4539823008849557,0.4415584526838991,0.45475113122171945,0.4230769551118841,0.46365822718746796,0.4332390300357073,0,0,2869000.0,0.4568764568764569,0.44892221180880976,1019000.0,0,0,40,355.0
1189,550000.0,27.0,0.45813033217197885,0.0,0.0,370000.0,0.40000603415401237,0.4129263913824057,0.5159288114711631,0.45475113122171945,0.414225941433284,0.43679650911494705,0.5233562461236126,0,0,1905000.0,0.45364536453645365,0.39678284182305634,432000.0,0,1,39,748.0
1190,220000.0,18.0,0.4278491036733748,82.40884820747522,114.68688024408848,0.0,0.44040247678018574,0.4539823008849557,0.30013565669860115,0.45475113122171945,0.414225941433284,0.5491139021556548,0.41047292637935173,0,0,1084000.0,0.45364536453645365,0.44892221180880976,205000.0,0,0,37,328.0
1191,2940000.0,12.0,0.4220779627191293,0.0,0.0,0.0,0.44040247678018574,0.4129263913824057,0.38083308316558756,0.45475113122171945,0.3739186560656616,0.4321363669380822,0.3244469103797425,0,0,23294000.0,0.45364536453645365,0.39678284182305634,3381000.0,0,0,32,436.0
1192,710000.0,19.0,0.4220779627191293,0.0,0.0,0.0,0.44040247678018574,0.4694783573806881,0.476615203163763,0.44281793229643185,0.4511627906899892,0.4395681403885853,0.5582615046868826,0,0,4045000.0,0.4568764568764569,0.45443645083932854,662000.0,0,0,33,401.0
1193,210000.0,11.0,0.5065614987246854,401.0,401.0,20000.0,0.468085106382978,0.4539823008849557,0.40571030945850584,0.44281793229643185,0.45864649596466484,0.4658901691183491,0.46016463299084465,1,0,7352000.0,0.4568764568764569,0.44892221180880976,978000.0,1,0,38,349.0
1194,1090000.0,16.0,0.45453917520963155,87.0,87.0,1270000.0,0.44040247678018574,0.4129263913824057,0.36271363783177113,0.45475113122171945,0.45890407585949666,0.43679650911494705,0.5035331693654489,1,0,5043000.0,0.4568764568764569,0.44892221180880976,1149000.0,1,1,35,472.0
1195,300000.0,11.0,0.35775698265868106,0.0,0.0,0.0,0.44040247678018574,0.4539823008849557,0.5257384019435941,0.45475113122171945,0.3739186560656616,0.4444688960343153,0.42220278660777283,0,0,3362000.0,0.45364536453645365,0.45443645083932854,317000.0,0,1,36,441.0
1196,5310000.0,18.0,0.5628080317442733,0.0,0.0,40000.0,0.44040247678018574,0.4539823008849557,0.4485294151733482,0.45433255269320844,0.44230917465915276,0.4395681403885853,0.4332390300357073,1,0,68069000.0,0.43488372093023253,0.39678284182305634,5400000.0,1,0,35,624.0
1197,560000.0,16.0,0.3928574872021717,0.0,0.0,320000.0,0.45774647887323944,0.4539823008849557,0.4956486747857908,0.45045045045045046,0.4230769551118841,0.3721191346526487,0.37192363309077975,1,1,2572000.0,0.43488372093023253,0.45443645083932854,517000.0,1,0,36,456.0
1198,1530000.0,13.0,0.3892717187010617,0.0,0.0,0.0,0.44040247678018574,0.4694783573806881,0.4214287402257545,0.45475113122171945,0.46907216438869503,0.3810650946770142,0.4037095629016318,1,0,13462000.0,0.4568764568764569,0.47386172006745364,2785000.0,1,1,35,787.0
1199,130000.0,16.0,0.45453917520963155,0.0,0.0,0.0,0.45774647887323944,0.4694783573806881,0.4956486747857908,0.44281793229643185,0.46907216438869503,0.5164278000280932,0.3270423716835601,0,0,760000.0,0.43488372093023253,0.39678284182305634,126000.0,0,0,36,324.0
1200,220000.0,11.0,0.4646406293882584,0.0,0.0,0.0,0.44040247678018574,0.4694783573806881,0.46428416000978534,0.44281793229643185,0.46907216438869503,0.43679650911494705,0.348329989309645,1,0,840000.0,0.4568764568764569,0.44892221180880976,262000.0,1,1,35,336.0
1201,460000.0,11.0,0.35775698265868106,0.0,0.0,0.0,0.45774647887323944,0.4539823008849557,0.5069442053895509,0.45475113122171945,0.5063919873437158,0.4395681403885853,0.46629820821531875,1,0,11348000.0,0.4568764568764569,0.47386172006745364,1951000.0,1,0,38,459.0
1202,2530000.0,25.0,0.3892717187010617,0.0,0.0,110000.0,0.44040247678018574,0.4539823008849557,0.43902472242345825,0.44281793229643185,0.5606727833398578,0.4339650140059905,0.40582917672392776,0,0,36687000.0,0.45364536453645365,0.39678284182305634,3461000.0,0,0,40,561.0
1203,340000.0,28.0,0.4375202018743684,0.0,0.0,0.0,0.468085106382978,0.4129263913824057,0.4415584526838991,0.45045045045045046,0.4583333330136348,0.4658901691183491,0.348329989309645,0,1,189000.0,0.45364536453645365,0.45443645083932854,388000.0,0,1,40,526.0
1204,180000.0,14.0,0.4581005575150995,0.0,0.0,0.0,0.45774647887323944,0.4539823008849557,0.4214287402257545,0.44281793229643185,0.46907216438869503,0.40002703158873276,0.45745399554685107,0,0,3935000.0,0.4568764568764569,0.44892221180880976,592000.0,0,0,38,423.0
1205,200000.0,18.0,0.5065614987246854,0.0,0.0,0.0,0.45774647887323944,0.4129263913824057,0.43902472242345825,0.44281793229643185,0.46907216438869503,0.4444688960343153,0.423941142391273,0,0,804000.0,0.43488372093023253,0.47386172006745364,190000.0,0,0,36,503.0
1206,5410000.0,17.0,0.4498690306228219,0.0,0.0,230000.0,0.45774647887323944,0.4539823008849557,0.5363528439845596,0.44281793229643185,0.4511627906899892,0.46365822718746796,0.5220031427533425,0,0,47490000.0,0.45364536453645365,0.47386172006745364,5538000.0,0,0,33,604.0
1207,110000.0,14.0,0.43673114297615767,210.0,210.0,20000.0,0.44040247678018574,0.4539823008849557,0.3931036562142931,0.45045045045045046,0.43697478992002986,0.36975187045665187,0.469407833203183,0,1,2603000.0,0.43488372093023253,0.39678284182305634,395000.0,0,0,36,402.0
1208,100000.0,14.0,0.4646406293882584,0.0,0.0,0.0,0.44040247678018574,0.4539823008849557,0.3900197525554698,0.45433255269320844,0.4905583684264643,0.5164278000280932,0.44519311265006384,0,0,5367000.0,0.43488372093023253,0.45443645083932854,95000.0,0,1,36,412.0
1209,1150000.0,15.0,0.4360903840722853,0.0,0.0,0.0,0.468085106382978,0.4336917562724873,0.4799991436755424,0.45475113122171945,0.414225941433284,0.40235614355016347,0.4445473453127392,1,0,7240000.0,0.4568764568764569,0.44892221180880976,1239000.0,1,1,36,544.0
1210,200000.0,14.0,0.4375202018743684,82.40884820747522,114.68688024408848,605344.4272445821,0.468085106382978,0.4129263913824057,0.46428416000978534,0.44281793229643185,0.4835606203192975,0.5171573620994421,0.45745399554685107,0,0,1491000.0,0.45364536453645365,0.44892221180880976,226000.0,0,0,36,374.0
1211,180000.0,14.0,0.45453917520963155,0.0,0.0,30000.0,0.40000603415401237,0.4129263913824057,0.4956486747857908,0.44281793229643185,0.45864649596466484,0.4444688960343153,0.4543800115079512,1,0,11158000.0,0.45364536453645365,0.44892221180880976,2060000.0,1,0,38,368.0
1212,240000.0,12.0,0.471073469342046,0.0,0.0,650000.0,0.45774647887323944,0.4129263913824057,0.38083308316558756,0.45433255269320844,0.43096844666979034,0.4395681403885853,0.5134854957775883,0,0,5736000.0,0.45364536453645365,0.47386172006745364,848000.0,0,0,39,466.89744512414535
1213,2440000.0,12.0,0.44387755113454985,82.40884820747522,114.68688024408848,605344.4272445821,0.44040247678018574,0.4694783573806881,0.4956486747857908,0.45433255269320844,0.4468097890743483,0.5183627257078485,0.45200464380003236,0,1,27373000.0,0.4568764568764569,0.47386172006745364,3034000.0,0,0,38,382.0
1214,3920000.0,14.0,0.4646406293882584,0.0,0.0,0.0,0.44040247678018574,0.4539823008849557,0.4505327389584535,0.45475113122171945,0.4835606203192975,0.4395681403885853,0.490206851056817,0,0,56332000.0,0.45364536453645365,0.39678284182305634,5710000.0,0,0,33,436.0
1215,200000.0,11.0,0.3971634082048179,1100.0,1100.0,1760000.0,0.44040247678018574,0.4336917562724873,0.4268739712093834,0.44281793229643185,0.43096844666979034,0.36975187045665187,0.40582917672392776,1,0,1868000.0,0.4568764568764569,0.44892221180880976,274000.0,1,0,37,677.0
1216,190000.0,12.0,0.3928574872021717,0.0,0.0,0.0,0.44040247678018574,0.4129263913824057,0.30013565669860115,0.45045045045045046,0.4511627906899892,0.5164278000280932,0.4653190175668822,0,0,2362000.0,0.45364536453645365,0.44892221180880976,297000.0,0,0,41,626.0
1217,140000.0,14.0,0.4220779627191293,0.0,0.0,80000.0,0.468085106382978,0.4539823008849557,0.5254093931718659,0.44281793229643185,0.417393662751422,0.45677246944372973,0.44084111937285236,1,1,3624000.0,0.4568764568764569,0.47386172006745364,506000.0,1,0,36,479.0
1218,2740000.0,18.0,0.4747378959928985,0.0,0.0,860000.0,0.44040247678018574,0.4694783573806881,0.43902472242345825,0.44281793229643185,0.4230769551118841,0.45677246944372973,0.490206851056817,1,0,20469000.0,0.43488372093023253,0.44892221180880976,3143000.0,1,0,37,331.0
1219,170000.0,10.0,0.4747378959928985,0.0,0.0,0.0,0.44040247678018574,0.4539823008849557,0.4799991436755424,0.44281793229643185,0.4687495951044435,0.43679650911494705,0.4545481381730755,0,0,1807000.0,0.45364536453645365,0.45443645083932854,194000.0,0,1,38,747.0
1220,230000.0,13.0,0.44387755113454985,0.0,0.0,0.0,0.45774647887323944,0.4694783573806881,0.5254093931718659,0.44281793229643185,0.4511627906899892,0.5164278000280932,0.40526968668929697,0,0,2666000.0,0.45364536453645365,0.47386172006745364,419000.0,0,0,37,341.0
1221,190000.0,13.0,0.43673114297615767,1022.0,1022.0,330000.0,0.45774647887323944,0.4539823008849557,0.30013565669860115,0.45433255269320844,0.4835606203192975,0.5183627257078485,0.4270121893767379,1,0,2125000.0,0.4568764568764569,0.45443645083932854,169000.0,1,0,40,469.0
1222,190000.0,14.0,0.4747378959928985,100.0,100.0,120000.0,0.45774647887323944,0.4539823008849557,0.5056772402445142,0.45475113122171945,0.5592064152301905,0.3810650946770142,0.46016463299084465,0,1,2747000.0,0.45364536453645365,0.47386172006745364,517000.0,0,0,39,435.0
1223,920000.0,16.0,0.3928574872021717,82.40884820747522,114.68688024408848,0.0,0.44040247678018574,0.4539823008849557,0.44545497076419477,0.45433255269320844,0.414225941433284,0.3721191346526487,0.5059471983688024,0,1,437000.0,0.45364536453645365,0.44892221180880976,1106000.0,0,1,31,404.0
1224,1510000.0,16.0,0.44387755113454985,0.0,0.0,20000.0,0.44040247678018574,0.4694783573806881,0.4415584526838991,0.44281793229643185,0.4687495951044435,0.5164278000280932,0.3244469103797425,0,1,13114000.0,0.4568764568764569,0.39678284182305634,2469000.0,0,0,35,399.0
1225,220000.0,22.0,0.4844907454931315,94.0,0.0,30000.0,0.40000603415401237,0.4539823008849557,0.4956486747857908,0.45475113122171945,0.45864649596466484,0.40002703158873276,0.5247762159801056,1,0,866000.0,0.45364536453645365,0.44892221180880976,185000.0,1,1,39,584.0
1226,180000.0,14.0,0.45453917520963155,0.0,0.0,0.0,0.44040247678018574,0.4694783573806881,0.4268739712093834,0.45475113122171945,0.37758024313602523,0.3965552694677991,0.490206851056817,0,0,3082000.0,0.43488372093023253,0.44892221180880976,571000.0,0,0,35,328.0
1227,810000.0,5.0,0.3971634082048179,0.0,0.0,170000.0,0.44040247678018574,0.4694783573806881,0.4485294151733482,0.44281793229643185,0.3739186560656616,0.46721243412305624,0.40571030945850584,1,1,5808000.0,0.45364536453645365,0.44892221180880976,1375000.0,1,1,39,526.0
1228,1850000.0,32.0,0.46341463401227523,0.0,0.0,0.0,0.45774647887323944,0.4539823008849557,0.3971634082048179,0.44281793229643185,0.44230917465915276,0.3965552694677991,0.45200464380003236,0,1,5762000.0,0.43488372093023253,0.47386172006745364,3408000.0,0,0,39,383.0
1229,150000.0,18.0,0.4668770371178462,0.0,0.0,660000.0,0.44040247678018574,0.4539823008849557,0.43902472242345825,0.45475113122171945,0.37758024313602523,0.3965552694677991,0.379712180659019,0,0,870000.0,0.4568764568764569,0.44892221180880976,106000.0,0,0,37,363.0
1230,1190000.0,14.0,0.43673114297615767,0.0,0.0,0.0,0.44040247678018574,0.4129263913824057,0.46428416000978534,0.45433255269320844,0.4230769551118841,0.36975187045665187,0.40571030945850584,0,0,5824000.0,0.4568764568764569,0.47386172006745364,1450000.0,0,0,36,437.0
1231,300000.0,14.0,0.4220779627191293,82.40884820747522,114.68688024408848,0.0,0.44040247678018574,0.4129263913824057,0.4268739712093834,0.44281793229643185,0.3739186560656616,0.4757214900689184,0.4425020459775707,0,0,1823000.0,0.4568764568764569,0.39678284182305634,282000.0,0,0,33,658.0
1232,580000.0,18.0,0.46341463401227523,999.0,999.0,840000.0,0.44040247678018574,0.4129263913824057,0.5069442053895509,0.45475113122171945,0.3739186560656616,0.4859069669135048,0.3244469103797425,0,0,4688000.0,0.43488372093023253,0.44892221180880976,891000.0,0,0,34,628.0
1233,200000.0,13.0,0.4615356204904945,0.0,0.0,0.0,0.468085106382978,0.4694783573806881,0.44545497076419477,0.44281793229643185,0.493908884521716,0.45331529430883266,0.469407833203183,1,0,2286000.0,0.45364536453645365,0.44892221180880976,284000.0,1,0,38,449.0
1234,170000.0,3.0,0.4668770371178462,0.0,0.0,0.0,0.45774647887323944,0.4129263913824057,0.4485294151733482,0.45045045045045046,0.3739186560656616,0.3965552694677991,0.5023579265365139,0,1,1229000.0,0.44758586022284785,0.44892221180880976,205000.0,0,1,40,575.0
1235,520000.0,25.0,0.4668770371178462,91.0,91.0,3730000.0,0.468085106382978,0.4694783573806881,0.4214287402257545,0.45475113122171945,0.4583333330136348,0.36975187045665187,0.5157460113123283,1,0,2145000.0,0.43488372093023253,0.45443645083932854,483000.0,1,1,39,507.0
1236,190000.0,12.0,0.40004455157916113,82.40884820747522,114.68688024408848,605344.4272445821,0.45774647887323944,0.4336917562724873,0.36271363783177113,0.45433255269320844,0.37758024313602523,0.5164278000280932,0.45200464380003236,0,0,90422000.0,0.4568764568764569,0.45443645083932854,4081000.0,0,0,35,574.0
1237,1900000.0,17.0,0.5065614987246854,0.0,0.0,0.0,0.44040247678018574,0.4539823008849557,0.470084171924464,0.45475113122171945,0.5031846524456339,0.531814720884261,0.4530944584075768,0,1,7835000.0,0.4568764568764569,0.44892221180880976,1997000.0,0,1,33,594.0
1238,220000.0,13.0,0.5065614987246854,0.0,0.0,0.0,0.40000603415401237,0.4539823008849557,0.4799991436755424,0.45045045045045046,0.4687495951044435,0.45331529430883266,0.41315158258670154,0,0,3175000.0,0.4568764568764569,0.45443645083932854,423000.0,0,0,37,391.0
1239,230000.0,10.0,0.4615356204904945,82.40884820747522,114.68688024408848,0.0,0.44040247678018574,0.4129263913824057,0.4799991436755424,0.45433255269320844,0.5031846524456339,0.3750074661878128,0.5363323525802142,0,0,2046000.0,0.4568764568764569,0.45443645083932854,314000.0,0,0,36,575.0
1240,240000.0,11.0,0.44387755113454985,0.0,0.0,410000.0,0.44040247678018574,0.4129263913824057,0.3442355460389141,0.45475113122171945,0.4468097890743483,0.45331529430883266,0.42220278660777283,0,1,3312000.0,0.43488372093023253,0.39678284182305634,273000.0,0,1,38,385.0
1241,230000.0,10.0,0.4581005575150995,108.0,108.0,2780000.0,0.44040247678018574,0.4539823008849557,0.4214287402257545,0.44281793229643185,0.5063919873437158,0.45331529430883266,0.4545481381730755,1,0,7543000.0,0.43488372093023253,0.44892221180880976,1006000.0,1,0,36,520.0
1242,200000.0,17.0,0.43673114297615767,0.0,0.0,0.0,0.44040247678018574,0.4539823008849557,0.4268739712093834,0.45475113122171945,0.5031846524456339,0.5183627257078485,0.49646711594687815,0,0,977000.0,0.45364536453645365,0.39678284182305634,233000.0,0,0,35,318.0
1243,1600000.0,3.0,0.40004455157916113,0.0,0.0,780000.0,0.45774647887323944,0.4694783573806881,0.4799991436755424,0.44281793229643185,0.43697478992002986,0.45331529430883266,0.423941142391273,0,1,9128000.0,0.45364536453645365,0.45443645083932854,1812000.0,0,0,33,428.0
1244,190000.0,10.0,0.4074136609653927,82.40884820747522,114.68688024408848,605344.4272445821,0.468085106382978,0.4129263913824057,0.3900197525554698,0.45475113122171945,0.46907216438869503,0.531814720884261,0.46016463299084465,0,0,2011000.0,0.45364536453645365,0.44892221180880976,313000.0,0,0,38,303.0
1245,110000.0,10.0,0.35775698265868106,0.0,0.0,0.0,0.45774647887323944,0.4539823008849557,0.3900197525554698,0.45045045045045046,0.4230769551118841,0.46365822718746796,0.5157460113123283,0,1,861000.0,0.45364536453645365,0.44892221180880976,144000.0,0,0,38,359.0
1246,210000.0,13.0,0.4706709757445273,365.0,365.0,0.0,0.45774647887323944,0.4539823008849557,0.4214287402257545,0.45433255269320844,0.3739186560656616,0.40002703158873276,0.37192363309077975,0,1,1020000.0,0.45364536453645365,0.47386172006745364,220000.0,0,0,37,469.0
1247,2530000.0,13.0,0.49269077310150705,82.40884820747522,114.68688024408848,0.0,0.468085106382978,0.4694783573806881,0.5069442053895509,0.44281793229643185,0.5031846524456339,0.4468949699527549,0.5233562461236126,1,0,22376000.0,0.43488372093023253,0.44892221180880976,2701000.0,1,0,32,351.0
1248,90000.0,10.0,0.4581005575150995,0.0,0.0,0.0,0.44040247678018574,0.4129263913824057,0.4956486747857908,0.45475113122171945,0.4230769551118841,0.4321363669380822,0.4014334059125707,0,0,1131000.0,0.45364536453645365,0.45443645083932854,144000.0,0,0,37,394.0
1249,160000.0,12.0,0.4906797478948485,0.0,0.0,605344.4272445821,0.468085106382978,0.4694783573806881,0.36271363783177113,0.45433255269320844,0.4604834864076457,0.5171573620994421,0.39896986903151255,1,1,10720000.0,0.45364536453645365,0.44892221180880976,1175000.0,1,0,38,597.0
1250,1100000.0,17.0,0.4468949699527549,0.0,0.0,0.0,0.44040247678018574,0.4129263913824057,0.36271363783177113,0.45045045045045046,0.46907216438869503,0.4831631253007048,0.3758582472222368,0,0,31837000.0,0.43488372093023253,0.47386172006745364,1264000.0,0,1,37,588.0
1251,120000.0,10.0,0.4646406293882584,124.0,180.0,50000.0,0.45774647887323944,0.4129263913824057,0.5363528439845596,0.45475113122171945,0.4583333330136348,0.5171573620994421,0.4445473453127392,0,1,870000.0,0.4568764568764569,0.47386172006745364,113000.0,0,1,37,474.0
1252,220000.0,13.0,0.4220779627191293,0.0,0.0,605344.4272445821,0.468085106382978,0.4539823008849557,0.5069442053895509,0.45433255269320844,0.3739186560656616,0.3965552694677991,0.4037095629016318,1,0,8680000.0,0.4568764568764569,0.45443645083932854,1500000.0,1,0,37,381.0
1253,100000.0,13.0,0.4581005575150995,795.0,795.0,470000.0,0.45774647887323944,0.4336917562724873,0.44545497076419477,0.44281793229643185,0.4583333330136348,0.3810650946770142,0.5485893972844256,1,1,13381000.0,0.4568764568764569,0.45443645083932854,2450000.0,1,0,38,504.0
1254,180000.0,11.0,0.4774317289223725,0.0,0.0,0.0,0.45774647887323944,0.4336917562724873,0.5375745064065167,0.44281793229643185,0.414225941433284,0.5171573620994421,0.36719335159199484,0,0,3567000.0,0.43488372093023253,0.45443645083932854,397000.0,0,0,36,539.0
1255,760000.0,17.0,0.45885149198403496,0.0,0.0,20000.0,0.45774647887323944,0.4694783573806881,0.4121240088339391,0.45475113122171945,0.4687495951044435,0.40002703158873276,0.5602211136196202,0,0,4007000.0,0.43488372093023253,0.45443645083932854,757000.0,0,1,36,409.0
1256,170000.0,18.0,0.3928574872021717,0.0,0.0,0.0,0.468085106382978,0.4539823008849557,0.3971634082048179,0.45475113122171945,0.4835606203192975,0.4339650140059905,0.49141635626861524,0,0,1315000.0,0.45364536453645365,0.44892221180880976,283000.0,0,0,36,359.0
1257,220000.0,12.0,0.5065614987246854,23.0,23.0,110000.0,0.44040247678018574,0.4694783573806881,0.470084171924464,0.45475113122171945,0.414225941433284,0.4859069669135048,0.6100509010581558,1,0,35475000.0,0.43488372093023253,0.39678284182305634,3672000.0,1,0,36,603.0
1258,260000.0,27.0,0.4646406293882584,750.0,0.0,190000.0,0.44040247678018574,0.4539823008849557,0.36271363783177113,0.45475113122171945,0.4511627906899892,0.4339650140059905,0.45200464380003236,1,0,917000.0,0.43488372093023253,0.47386172006745364,202000.0,1,1,40,538.0
1259,1990000.0,29.0,0.5628080317442733,0.0,0.0,605344.4272445821,0.45774647887323944,0.4694783573806881,0.3971634082048179,0.45475113122171945,0.4230769551118841,0.3721191346526487,0.5023579265365139,0,1,5126000.0,0.4568764568764569,0.45443645083932854,1502000.0,0,0,41,445.0
1260,190000.0,12.0,0.45453917520963155,57.0,0.0,100000.0,0.44040247678018574,0.4694783573806881,0.5069442053895509,0.45433255269320844,0.414225941433284,0.5164278000280932,0.44084111937285236,1,0,3036000.0,0.45364536453645365,0.44892221180880976,462000.0,1,0,39,466.89744512414535
1261,1100000.0,14.0,0.35775698265868106,0.0,0.0,0.0,0.45774647887323944,0.4129263913824057,0.5375745064065167,0.45433255269320844,0.46907216438869503,0.4757214900689184,0.49141635626861524,1,0,7261000.0,0.43488372093023253,0.44892221180880976,1423000.0,1,0,36,466.89744512414535
1262,300000.0,13.0,0.49269077310150705,82.40884820747522,114.68688024408848,605344.4272445821,0.45774647887323944,0.4336917562724873,0.476615203163763,0.45433255269320844,0.46907216438869503,0.40235614355016347,0.4014334059125707,0,0,1993000.0,0.43488372093023253,0.44892221180880976,267000.0,0,0,37,375.0
1263,2490000.0,16.0,0.4220779627191293,123.0,123.0,10000.0,0.45774647887323944,0.4539823008849557,0.4459232804790396,0.44281793229643185,0.3739186560656616,0.5164278000280932,0.36719335159199484,0,0,9837000.0,0.4568764568764569,0.44892221180880976,2047000.0,0,0,36,415.0
1264,580000.0,15.0,0.4220779627191293,24.0,0.0,0.0,0.45774647887323944,0.4129263913824057,0.476615203163763,0.44281793229643185,0.4905583684264643,0.45192239757482366,0.41240204586511464,0,0,4383000.0,0.4568764568764569,0.45443645083932854,938000.0,0,0,35,693.0
1265,1230000.0,15.0,0.471073469342046,0.0,0.0,180000.0,0.44040247678018574,0.4539823008849557,0.3900197525554698,0.44281793229643185,0.414225941433284,0.5164278000280932,0.45989425850057764,0,1,7759000.0,0.45364536453645365,0.44892221180880976,1260000.0,0,0,35,396.0
1266,2540000.0,12.0,0.4074136609653927,0.0,0.0,530000.0,0.44040247678018574,0.4694783573806881,0.4121240088339391,0.45475113122171945,0.3739186560656616,0.45192239757482366,0.490206851056817,1,0,22795000.0,0.45364536453645365,0.39678284182305634,2889000.0,1,0,37,377.0
1267,120000.0,13.0,0.4375202018743684,0.0,0.0,20000.0,0.40000603415401237,0.4539823008849557,0.3971634082048179,0.44281793229643185,0.5031846524456339,0.46365822718746796,0.4425020459775707,1,1,3119000.0,0.43488372093023253,0.44892221180880976,411000.0,1,0,37,456.0
1268,160000.0,11.0,0.5065614987246854,0.0,0.0,40000.0,0.45774647887323944,0.4539823008849557,0.5257384019435941,0.44281793229643185,0.46907216438869503,0.5164278000280932,0.5081959184294307,0,1,881000.0,0.4568764568764569,0.44892221180880976,142000.0,0,1,37,455.0
1269,510000.0,14.0,0.4581005575150995,0.0,0.0,930000.0,0.44040247678018574,0.4539823008849557,0.5056772402445142,0.45045045045045046,0.43697478992002986,0.4339650140059905,0.47190419232428393,1,0,12114000.0,0.43488372093023253,0.47386172006745364,603000.0,1,1,38,414.0
1270,3110000.0,16.0,0.35775698265868106,0.0,0.0,70000.0,0.44040247678018574,0.4336917562724873,0.3931036562142931,0.44281793229643185,0.46907216438869503,0.36975187045665187,0.36719335159199484,1,1,15619000.0,0.45364536453645365,0.39678284182305634,2930000.0,1,0,36,393.0
1271,1700000.0,13.0,0.3928574872021717,0.0,0.0,750000.0,0.44040247678018574,0.4336917562724873,0.5056772402445142,0.44281793229643185,0.44230917465915276,0.49482456551750875,0.5059471983688024,0,0,19587000.0,0.43488372093023253,0.47386172006745364,3762000.0,0,0,37,359.0
1272,160000.0,14.0,0.4646406293882584,0.0,0.0,20000.0,0.40000603415401237,0.4539823008849557,0.4415584526838991,0.45475113122171945,0.43697478992002986,0.4339650140059905,0.47861847593310247,1,0,4535000.0,0.4568764568764569,0.45443645083932854,510000.0,1,0,36,375.0
1273,1410000.0,4.0,0.4074136609653927,0.0,0.0,100000.0,0.44040247678018574,0.4129263913824057,0.4485294151733482,0.44281793229643185,0.4687495951044435,0.5164278000280932,0.348329989309645,0,0,5606000.0,0.45364536453645365,0.44892221180880976,1680000.0,0,1,33,310.0
1274,170000.0,13.0,0.471073469342046,12.0,12.0,360000.0,0.468085106382978,0.4539823008849557,0.5257384019435941,0.44281793229643185,0.3739186560656616,0.40235614355016347,0.4764655517659273,1,0,26788000.0,0.4568764568764569,0.39678284182305634,3471000.0,1,0,38,374.0
1275,1410000.0,11.0,0.4581005575150995,0.0,0.0,0.0,0.44040247678018574,0.4129263913824057,0.4799991436755424,0.44281793229643185,0.45890407585949666,0.4339650140059905,0.4696533706380367,0,1,27374000.0,0.45364536453645365,0.44892221180880976,4274000.0,0,0,35,419.0
1276,200000.0,11.0,0.4747378959928985,0.0,0.0,0.0,0.44040247678018574,0.4694783573806881,0.3971634082048179,0.44281793229643185,0.4511627906899892,0.46721243412305624,0.4545481381730755,0,0,2576000.0,0.45364536453645365,0.44892221180880976,328000.0,0,0,37,414.0
1277,120000.0,18.0,0.4360903840722853,0.0,0.0,0.0,0.44040247678018574,0.4129263913824057,0.46428416000978534,0.45045045045045046,0.37758024313602523,0.43679650911494705,0.4037095629016318,0,0,757000.0,0.4568764568764569,0.44892221180880976,142000.0,0,1,37,732.0
1278,2930000.0,25.0,0.4278491036733748,0.0,0.0,0.0,0.44040247678018574,0.4336917562724873,0.44545497076419477,0.45475113122171945,0.46907216438869503,0.4321363669380822,0.5023579265365139,1,0,32269000.0,0.43488372093023253,0.45443645083932854,2479000.0,1,1,40,590.0
1279,220000.0,16.0,0.46341463401227523,0.0,0.0,90000.0,0.468085106382978,0.4539823008849557,0.45200464380003236,0.45475113122171945,0.414225941433284,0.49482456551750875,0.44519311265006384,0,0,892000.0,0.45364536453645365,0.39678284182305634,175000.0,0,0,36,793.0
1280,240000.0,10.0,0.44387755113454985,0.0,0.0,0.0,0.44040247678018574,0.4539823008849557,0.5069442053895509,0.44281793229643185,0.4511627906899892,0.46721243412305624,0.4106715025408491,0,0,6474000.0,0.43488372093023253,0.47386172006745364,1379000.0,0,0,37,319.0
1281,180000.0,26.0,0.44387755113454985,999.0,999.0,0.0,0.44040247678018574,0.4539823008849557,0.3931036562142931,0.44281793229643185,0.4511627906899892,0.3965552694677991,0.31886873294614065,0,0,698000.0,0.4568764568764569,0.44892221180880976,169000.0,0,1,39,550.0
1282,1400000.0,11.0,0.4581005575150995,180.0,180.0,410000.0,0.45774647887323944,0.4539823008849557,0.3931036562142931,0.45475113122171945,0.43697478992002986,0.4658901691183491,0.39551727687191446,0,0,13964000.0,0.45364536453645365,0.44892221180880976,2127000.0,0,0,36,645.0
1283,210000.0,10.0,0.45453917520963155,0.0,0.0,0.0,0.45774647887323944,0.4694783573806881,0.4415584526838991,0.45045045045045046,0.4230769551118841,0.4658901691183491,0.3156771054360342,0,0,1624000.0,0.4568764568764569,0.44892221180880976,278000.0,0,0,37,615.0
1284,210000.0,11.0,0.4074136609653927,0.0,0.0,0.0,0.40000603415401237,0.4694783573806881,0.4485294151733482,0.45475113122171945,0.414225941433284,0.37737165958551677,0.3758582472222368,0,0,1088000.0,0.4568764568764569,0.44892221180880976,219000.0,0,1,41,354.0
1285,170000.0,10.0,0.44387755113454985,0.0,60.0,120000.0,0.45774647887323944,0.4694783573806881,0.4956486747857908,0.45475113122171945,0.43697478992002986,0.5171573620994421,0.36641942856818427,0,0,24470000.0,0.4568764568764569,0.44892221180880976,3181000.0,0,0,36,404.0
1286,3000000.0,17.0,0.583862843505718,0.0,0.0,0.0,0.45774647887323944,0.4694783573806881,0.36271363783177113,0.44281793229643185,0.4230769551118841,0.5164278000280932,0.42117558521355203,0,0,16744000.0,0.4568764568764569,0.47386172006745364,2755000.0,0,0,34,546.0
1287,980000.0,14.0,0.3928574872021717,0.0,0.0,0.0,0.45774647887323944,0.4539823008849557,0.476615203163763,0.45475113122171945,0.3739186560656616,0.5217257015040757,0.45745399554685107,1,0,566000.0,0.45364536453645365,0.44892221180880976,1055000.0,1,1,33,671.0
1288,220000.0,11.0,0.4375202018743684,0.0,0.0,10000.0,0.40000603415401237,0.4539823008849557,0.4799991436755424,0.45433255269320844,0.4604834864076457,0.4339650140059905,0.45745399554685107,0,1,1755000.0,0.45364536453645365,0.44892221180880976,229000.0,0,0,35,323.0
1289,4940000.0,18.0,0.4581005575150995,82.40884820747522,114.68688024408848,605344.4272445821,0.44040247678018574,0.4539823008849557,0.3931036562142931,0.45475113122171945,0.43697478992002986,0.37737165958551677,0.49141635626861524,0,0,29819000.0,0.45364536453645365,0.39678284182305634,5749000.0,0,0,35,416.0
1290,590000.0,14.0,0.4360903840722853,892.0,892.0,200000.0,0.44040247678018574,0.4129263913824057,0.3931036562142931,0.45045045045045046,0.4583333330136348,0.46365822718746796,0.4606736933325396,1,0,3966000.0,0.4568764568764569,0.47386172006745364,989000.0,1,1,35,362.0
1291,110000.0,11.0,0.4220779627191293,0.0,0.0,0.0,0.468085106382978,0.4539823008849557,0.5165869667180779,0.44281793229643185,0.4905583684264643,0.5217257015040757,0.4200393611163291,1,1,1138000.0,0.4568764568764569,0.47386172006745364,152000.0,1,1,36,319.0
1292,190000.0,18.0,0.4468949699527549,0.0,0.0,0.0,0.44040247678018574,0.4539823008849557,0.5069442053895509,0.45433255269320844,0.493908884521716,0.4859069669135048,0.45745399554685107,0,0,671000.0,0.4568764568764569,0.47386172006745364,163000.0,0,0,36,400.0
1293,170000.0,11.0,0.4278491036733748,0.0,0.0,130000.0,0.44040247678018574,0.4539823008849557,0.476615203163763,0.44281793229643185,0.46907216438869503,0.4395681403885853,0.4407909194105085,0,0,11945000.0,0.45364536453645365,0.47386172006745364,2353000.0,0,0,36,594.0
1294,200000.0,13.0,0.4074136609653927,0.0,0.0,0.0,0.44040247678018574,0.4694783573806881,0.470084171924464,0.45475113122171945,0.3739186560656616,0.3680899177448659,0.4771498533714657,0,0,2059000.0,0.45364536453645365,0.39678284182305634,252000.0,0,0,36,575.0
1295,170000.0,13.0,0.46341463401227523,0.0,0.0,0.0,0.44040247678018574,0.4539823008849557,0.5056772402445142,0.44281793229643185,0.43697478992002986,0.46365822718746796,0.42220278660777283,0,0,1541000.0,0.4568764568764569,0.44892221180880976,172000.0,0,0,36,317.0
1296,220000.0,13.0,0.4220779627191293,0.0,0.0,0.0,0.45774647887323944,0.4694783573806881,0.45200464380003236,0.45045045045045046,0.4905583684264643,0.45192239757482366,0.4696533706380367,0,0,1229000.0,0.4568764568764569,0.45443645083932854,303000.0,0,0,37,643.0
1297,170000.0,16.0,0.3928574872021717,999.0,999.0,220000.0,0.45774647887323944,0.4129263913824057,0.36271363783177113,0.45045045045045046,0.5606727833398578,0.3750074661878128,0.5485893972844256,1,0,956000.0,0.43488372093023253,0.44892221180880976,149000.0,1,0,36,483.0
1298,100000.0,13.0,0.4906797478948485,0.0,0.0,605344.4272445821,0.44040247678018574,0.4694783573806881,0.3971634082048179,0.44281793229643185,0.4583333330136348,0.37737165958551677,0.31886873294614065,0,1,854000.0,0.4568764568764569,0.47386172006745364,108000.0,0,1,38,412.0
1299,2740000.0,10.0,0.4220779627191293,0.0,0.0,0.0,0.45774647887323944,0.4539823008849557,0.5257384019435941,0.45475113122171945,0.414225941433284,0.43679650911494705,0.5247762159801056,0,0,83106000.0,0.4568764568764569,0.44892221180880976,3450000.0,0,0,39,512.0
1300,150000.0,14.0,0.4360903840722853,0.0,0.0,20000.0,0.44040247678018574,0.4539823008849557,0.46428416000978534,0.44281793229643185,0.4468097890743483,0.4757214900689184,0.5233562461236126,0,1,817000.0,0.45364536453645365,0.45443645083932854,119000.0,0,0,36,360.0
1301,200000.0,16.0,0.4220779627191293,0.0,0.0,10000.0,0.44040247678018574,0.4539823008849557,0.5375745064065167,0.44281793229643185,0.5031846524456339,0.4757214900689184,0.5220031427533425,0,0,1291000.0,0.43488372093023253,0.45443645083932854,305000.0,0,0,37,355.0
1302,150000.0,3.0,0.3928574872021717,0.0,0.0,40000.0,0.44040247678018574,0.4694783573806881,0.43902472242345825,0.44281793229643185,0.4583333330136348,0.40002703158873276,0.46016463299084465,1,0,846000.0,0.4568764568764569,0.44892221180880976,177000.0,1,0,39,433.0
1303,220000.0,13.0,0.3928574872021717,0.0,0.0,2310000.0,0.45774647887323944,0.4539823008849557,0.44545497076419477,0.45475113122171945,0.4687495951044435,0.5164278000280932,0.41240204586511464,1,0,25981000.0,0.43488372093023253,0.44892221180880976,2448000.0,1,0,37,755.0
1304,1660000.0,14.0,0.471073469342046,0.0,0.0,650000.0,0.44040247678018574,0.4694783573806881,0.4485294151733482,0.45475113122171945,0.4511627906899892,0.36975187045665187,0.4407909194105085,0,0,0.0,0.43488372093023253,0.39678284182305634,1930000.0,0,1,35,460.0
1305,140000.0,11.0,0.46341463401227523,0.0,0.0,0.0,0.468085106382978,0.4336917562724873,0.4415584526838991,0.45433255269320844,0.5031846524456339,0.5217257015040757,0.4789986557881242,1,0,2772000.0,0.4568764568764569,0.45443645083932854,431000.0,1,0,36,618.0
1306,210000.0,13.0,0.4360903840722853,456.0,456.0,190000.0,0.45774647887323944,0.4129263913824057,0.4415584526838991,0.45045045045045046,0.5606727833398578,0.4658901691183491,0.41315158258670154,0,0,2066000.0,0.45364536453645365,0.45443645083932854,293000.0,0,0,37,525.0
1307,420000.0,14.0,0.5628080317442733,0.0,0.0,0.0,0.45774647887323944,0.4336917562724873,0.30013565669860115,0.44281793229643185,0.45864649596466484,0.46721243412305624,0.4375202018743684,1,1,4025000.0,0.43488372093023253,0.44892221180880976,739000.0,1,0,34,420.0
1308,340000.0,16.0,0.44387755113454985,150.0,0.0,30000.0,0.44040247678018574,0.4129263913824057,0.5069442053895509,0.45475113122171945,0.4511627906899892,0.379712180659019,0.49315734568265995,0,1,1925000.0,0.4568764568764569,0.44892221180880976,385000.0,0,1,35,569.0
1309,530000.0,12.0,0.471073469342046,0.0,0.0,730000.0,0.45774647887323944,0.4539823008849557,0.4485294151733482,0.44281793229643185,0.45890407585949666,0.46365822718746796,0.39896986903151255,1,0,7543000.0,0.45364536453645365,0.44892221180880976,872000.0,1,0,38,428.0
1310,2590000.0,13.0,0.4646406293882584,211.0,0.0,0.0,0.45774647887323944,0.4539823008849557,0.4799991436755424,0.44281793229643185,0.414225941433284,0.37737165958551677,0.44084111937285236,0,0,32814000.0,0.4568764568764569,0.44892221180880976,3115000.0,0,0,38,409.0
1311,200000.0,17.0,0.46341463401227523,0.0,0.0,0.0,0.44040247678018574,0.4129263913824057,0.44545497076419477,0.45475113122171945,0.4230769551118841,0.45192239757482366,0.4626438500979087,0,1,1053000.0,0.43488372093023253,0.44892221180880976,197000.0,0,0,37,441.0
1312,150000.0,11.0,0.4646406293882584,0.0,0.0,330000.0,0.44040247678018574,0.4129263913824057,0.5363528439845596,0.45475113122171945,0.46907216438869503,0.5071462083323844,0.4278491036733748,1,0,5934000.0,0.45364536453645365,0.44892221180880976,1258000.0,1,0,38,392.0
1313,1940000.0,10.0,0.4646406293882584,82.40884820747522,114.68688024408848,0.0,0.45774647887323944,0.4129263913824057,0.476615203163763,0.45433255269320844,0.5592064152301905,0.49482456551750875,0.4278491036733748,0,0,14804000.0,0.45364536453645365,0.39678284182305634,2033000.0,0,1,33,527.0
1314,360000.0,10.0,0.4747378959928985,0.0,0.0,200000.0,0.45774647887323944,0.4129263913824057,0.36271363783177113,0.44281793229643185,0.4583333330136348,0.45331529430883266,0.5602211136196202,0,1,2652000.0,0.4568764568764569,0.44892221180880976,414000.0,0,0,38,614.0
1315,180000.0,14.0,0.35775698265868106,0.0,0.0,0.0,0.45774647887323944,0.4694783573806881,0.4799991436755424,0.45475113122171945,0.45890407585949666,0.4395681403885853,0.4037095629016318,0,0,3090000.0,0.45364536453645365,0.39678284182305634,387000.0,0,0,36,525.0
1316,170000.0,12.0,0.43673114297615767,1163.0,1163.0,50000.0,0.45774647887323944,0.4336917562724873,0.5254093931718659,0.45475113122171945,0.5031846524456339,0.4444688960343153,0.3244469103797425,1,0,7339000.0,0.43488372093023253,0.47386172006745364,1151000.0,1,0,37,545.0
1317,150000.0,13.0,0.46341463401227523,0.0,0.0,0.0,0.44040247678018574,0.4694783573806881,0.46428416000978534,0.44281793229643185,0.4687495951044435,0.5164278000280932,0.45989425850057764,0,0,1040000.0,0.45364536453645365,0.47386172006745364,147000.0,0,0,37,481.0
1318,180000.0,11.0,0.4220779627191293,0.0,0.0,0.0,0.468085106382978,0.4539823008849557,0.4415584526838991,0.45475113122171945,0.4230769551118841,0.36975187045665187,0.490206851056817,0,1,17262000.0,0.43488372093023253,0.45443645083932854,2219000.0,0,0,36,495.0
1319,1470000.0,14.0,0.4646406293882584,0.0,0.0,300000.0,0.45774647887323944,0.4539823008849557,0.4956486747857908,0.45475113122171945,0.45890407585949666,0.531814720884261,0.40806474591452696,1,1,18924000.0,0.45364536453645365,0.47386172006745364,2671000.0,1,0,33,481.0
1320,210000.0,13.0,0.3928574872021717,117.0,117.0,480000.0,0.44040247678018574,0.4694783573806881,0.46428416000978534,0.44281793229643185,0.5315593642552221,0.379712180659019,0.379712180659019,0,1,2658000.0,0.45364536453645365,0.44892221180880976,240000.0,0,0,39,434.0
1321,2700000.0,12.0,0.4747378959928985,0.0,0.0,0.0,0.44040247678018574,0.4694783573806881,0.44545497076419477,0.45475113122171945,0.417393662751422,0.5071462083323844,0.4310500554013448,1,0,17888000.0,0.43488372093023253,0.45443645083932854,2548000.0,1,0,38,606.0
1322,580000.0,14.0,0.4360903840722853,82.40884820747522,114.68688024408848,605344.4272445821,0.40000603415401237,0.4539823008849557,0.40571030945850584,0.44281793229643185,0.4604834864076457,0.3810650946770142,0.4014334059125707,0,0,3727000.0,0.4568764568764569,0.44892221180880976,561000.0,0,0,38,494.0
1323,190000.0,11.0,0.4498690306228219,0.0,0.0,0.0,0.40000603415401237,0.4539823008849557,0.5363528439845596,0.45475113122171945,0.4468097890743483,0.4859069669135048,0.5030873748448164,0,0,2204000.0,0.4568764568764569,0.47386172006745364,362000.0,0,0,37,431.0
1324,240000.0,11.0,0.4360903840722853,0.0,0.0,0.0,0.45774647887323944,0.4539823008849557,0.3900197525554698,0.45475113122171945,0.45890407585949666,0.4859069669135048,0.5220031427533425,1,0,1669000.0,0.4568764568764569,0.44892221180880976,232000.0,1,1,37,653.0
1325,230000.0,11.0,0.4747378959928985,82.40884820747522,114.68688024408848,605344.4272445821,0.44040247678018574,0.4694783573806881,0.44545497076419477,0.44281793229643185,0.4230769551118841,0.4321363669380822,0.45200464380003236,0,0,2765000.0,0.45364536453645365,0.47386172006745364,326000.0,0,0,36,559.0
1326,5580000.0,13.0,0.4074136609653927,0.0,0.0,0.0,0.44040247678018574,0.4694783573806881,0.4459232804790396,0.45433255269320844,0.4835606203192975,0.379712180659019,0.5023579265365139,0,0,41460000.0,0.45364536453645365,0.45443645083932854,5239000.0,0,0,34,572.0
1327,5090000.0,18.0,0.46341463401227523,0.0,0.0,0.0,0.44040247678018574,0.4129263913824057,0.5069442053895509,0.45433255269320844,0.43697478992002986,0.46721243412305624,0.5602211136196202,1,0,18359000.0,0.4568764568764569,0.44892221180880976,5258000.0,1,0,34,531.0
1328,100000.0,12.0,0.45813033217197885,0.0,0.0,0.0,0.44040247678018574,0.4539823008849557,0.4214287402257545,0.45433255269320844,0.5315593642552221,0.5171573620994421,0.490206851056817,0,0,996000.0,0.4568764568764569,0.39678284182305634,131000.0,0,0,36,379.0
1329,190000.0,14.0,0.4906797478948485,0.0,0.0,0.0,0.44040247678018574,0.4539823008849557,0.5069442053895509,0.45433255269320844,0.4511627906899892,0.46721243412305624,0.5157460113123283,0,1,1065000.0,0.4568764568764569,0.44892221180880976,239000.0,0,0,36,358.0
1330,1910000.0,17.0,0.46341463401227523,82.40884820747522,114.68688024408848,605344.4272445821,0.44040247678018574,0.4336917562724873,0.46428416000978534,0.45045045045045046,0.3739186560656616,0.40002703158873276,0.39896986903151255,0,0,9275000.0,0.4568764568764569,0.45443645083932854,2008000.0,0,0,32,397.0
1331,1030000.0,13.0,0.4747378959928985,0.0,0.0,0.0,0.44040247678018574,0.4694783573806881,0.4485294151733482,0.45475113122171945,0.5063919873437158,0.3965552694677991,0.45745399554685107,0,0,9439000.0,0.45364536453645365,0.45443645083932854,2040000.0,0,0,36,327.0
1332,180000.0,13.0,0.4747378959928985,0.0,0.0,0.0,0.44040247678018574,0.4336917562724873,0.470084171924464,0.44281793229643185,0.43697478992002986,0.3810650946770142,0.47514234773523084,1,0,2929000.0,0.4568764568764569,0.47386172006745364,477000.0,1,0,38,466.89744512414535
1333,130000.0,18.0,0.3892717187010617,0.0,180.0,40000.0,0.44040247678018574,0.4694783573806881,0.3971634082048179,0.44281793229643185,0.414225941433284,0.4339650140059905,0.49646711594687815,0,0,1119000.0,0.45364536453645365,0.45443645083932854,132000.0,0,0,36,481.0
1334,170000.0,14.0,0.4498690306228219,0.0,0.0,0.0,0.45774647887323944,0.4539823008849557,0.4415584526838991,0.45475113122171945,0.414225941433284,0.531814720884261,0.4270121893767379,1,0,1457000.0,0.43488372093023253,0.45443645083932854,178000.0,1,1,41,366.0
1335,570000.0,11.0,0.3971634082048179,0.0,0.0,0.0,0.44040247678018574,0.4694783573806881,0.3971634082048179,0.45475113122171945,0.4511627906899892,0.5183627257078485,0.41047292637935173,0,0,46270000.0,0.4568764568764569,0.39678284182305634,5327000.0,0,0,36,466.89744512414535
1336,1690000.0,3.0,0.40004455157916113,82.40884820747522,114.68688024408848,0.0,0.44040247678018574,0.4694783573806881,0.5069442053895509,0.45475113122171945,0.37758024313602523,0.4395681403885853,0.45200464380003236,1,0,7971000.0,0.43488372093023253,0.47386172006745364,1398000.0,1,0,31,441.0
1337,220000.0,10.0,0.43673114297615767,0.0,0.0,0.0,0.45774647887323944,0.4336917562724873,0.3442355460389141,0.44281793229643185,0.4687495951044435,0.40235614355016347,0.40582917672392776,0,0,1509000.0,0.4568764568764569,0.47386172006745364,266000.0,0,0,36,301.0
1338,1480000.0,15.0,0.4360903840722853,82.40884820747522,114.68688024408848,605344.4272445821,0.44040247678018574,0.4539823008849557,0.3931036562142931,0.44281793229643185,0.37758024313602523,0.4658901691183491,0.4014334059125707,0,1,6324000.0,0.45364536453645365,0.45443645083932854,1249000.0,0,1,35,466.89744512414535
1339,630000.0,11.0,0.45453917520963155,0.0,0.0,0.0,0.45774647887323944,0.4694783573806881,0.5363528439845596,0.45475113122171945,0.43697478992002986,0.40235614355016347,0.5220031427533425,1,0,306000.0,0.45364536453645365,0.39678284182305634,559000.0,1,1,40,317.0
1340,190000.0,11.0,0.4278491036733748,468.0,468.0,40000.0,0.45774647887323944,0.4694783573806881,0.470084171924464,0.45475113122171945,0.5031846524456339,0.46365822718746796,0.5023579265365139,0,0,1661000.0,0.45364536453645365,0.44892221180880976,269000.0,0,0,37,466.89744512414535
1341,1840000.0,19.0,0.5065614987246854,0.0,0.0,580000.0,0.44040247678018574,0.4539823008849557,0.44545497076419477,0.45433255269320844,0.46907216438869503,0.4395681403885853,0.36641942856818427,0,0,12998000.0,0.45364536453645365,0.39678284182305634,1941000.0,0,0,33,549.0
1342,3310000.0,18.0,0.46341463401227523,82.40884820747522,114.68688024408848,0.0,0.44040247678018574,0.4539823008849557,0.5375745064065167,0.45045045045045046,0.43096844666979034,0.3721191346526487,0.6100509010581558,0,0,16887000.0,0.43488372093023253,0.47386172006745364,3183000.0,0,0,33,637.0
1343,240000.0,13.0,0.40004455157916113,0.0,0.0,0.0,0.44040247678018574,0.4539823008849557,0.43902472242345825,0.45433255269320844,0.417393662751422,0.43679650911494705,0.4606736933325396,0,0,2289000.0,0.43488372093023253,0.45443645083932854,249000.0,0,0,37,488.0
1344,1410000.0,11.0,0.3971634082048179,82.40884820747522,114.68688024408848,605344.4272445821,0.44040247678018574,0.4539823008849557,0.3971634082048179,0.45433255269320844,0.34356713843530684,0.43679650911494705,0.44084111937285236,1,1,8101000.0,0.45364536453645365,0.45443645083932854,1268000.0,1,0,34,587.0
1345,120000.0,11.0,0.471073469342046,0.0,0.0,20000.0,0.45774647887323944,0.4694783573806881,0.5363528439845596,0.4106715025408491,0.3739186560656616,0.40002703158873276,0.5233562461236126,0,0,922000.0,0.43488372093023253,0.45443645083932854,127000.0,0,1,37,304.0
1346,170000.0,13.0,0.4375202018743684,0.0,0.0,1530000.0,0.44040247678018574,0.4129263913824057,0.4799991436755424,0.44281793229643185,0.5606727833398578,0.531814720884261,0.5233562461236126,1,0,5910000.0,0.43488372093023253,0.45443645083932854,847000.0,1,0,38,448.0
1347,240000.0,14.0,0.44387755113454985,30.0,30.0,90000.0,0.44040247678018574,0.4539823008849557,0.3931036562142931,0.45475113122171945,0.5606727833398578,0.5171573620994421,0.37192363309077975,0,1,1551000.0,0.43488372093023253,0.44892221180880976,269000.0,0,0,36,413.0
1348,5670000.0,17.0,0.3971634082048179,0.0,360.0,30000.0,0.44040247678018574,0.4539823008849557,0.470084171924464,0.45475113122171945,0.45864649596466484,0.3750074661878128,0.5030873748448164,0,0,32662000.0,0.43488372093023253,0.45443645083932854,5500000.0,0,0,35,384.0
1349,180000.0,10.0,0.3971634082048179,0.0,0.0,0.0,0.44040247678018574,0.4336917562724873,0.5375745064065167,0.45045045045045046,0.37758024313602523,0.4395681403885853,0.4407909194105085,0,0,21084000.0,0.45364536453645365,0.47386172006745364,2735000.0,0,0,37,445.0
1350,120000.0,14.0,0.46341463401227523,0.0,0.0,0.0,0.44040247678018574,0.4694783573806881,0.3931036562142931,0.45433255269320844,0.43096844666979034,0.5164278000280932,0.5363489679286931,0,0,869000.0,0.4568764568764569,0.39678284182305634,115000.0,0,0,37,488.0
1351,200000.0,10.0,0.44387755113454985,0.0,0.0,430000.0,0.45774647887323944,0.4129263913824057,0.4415584526838991,0.45433255269320844,0.44230917465915276,0.4859069669135048,0.40806474591452696,0,1,6306000.0,0.4568764568764569,0.47386172006745364,724000.0,0,0,37,353.0
1352,1710000.0,3.0,0.45453917520963155,999.0,999.0,910000.0,0.45774647887323944,0.4129263913824057,0.4415584526838991,0.45045045045045046,0.4511627906899892,0.3810650946770142,0.4278491036733748,0,0,10175000.0,0.45364536453645365,0.47386172006745364,2422000.0,0,0,32,651.0
1353,140000.0,3.0,0.4581005575150995,994.0,994.0,730000.0,0.468085106382978,0.4539823008849557,0.4956486747857908,0.45475113122171945,0.3739186560656616,0.4859069669135048,0.4407909194105085,1,1,696000.0,0.4568764568764569,0.45443645083932854,124000.0,1,1,40,605.0
1354,210000.0,10.0,0.46341463401227523,0.0,0.0,30000.0,0.45774647887323944,0.4539823008849557,0.5254093931718659,0.44281793229643185,0.44230917465915276,0.3965552694677991,0.49315734568265995,0,1,2406000.0,0.43488372093023253,0.45443645083932854,405000.0,0,0,36,416.0
1355,190000.0,13.0,0.4615356204904945,0.0,0.0,360000.0,0.44040247678018574,0.4539823008849557,0.3971634082048179,0.45433255269320844,0.5031846524456339,0.46721243412305624,0.40806474591452696,0,0,2478000.0,0.45364536453645365,0.45443645083932854,434000.0,0,0,39,700.0
1356,1960000.0,17.0,0.3928574872021717,0.0,0.0,80000.0,0.468085106382978,0.4129263913824057,0.4799991436755424,0.44281793229643185,0.45864649596466484,0.4757214900689184,0.46016463299084465,0,0,11485000.0,0.45364536453645365,0.44892221180880976,2030000.0,0,0,36,409.0
1357,500000.0,14.0,0.4220779627191293,489.0,489.0,300000.0,0.45774647887323944,0.4129263913824057,0.43902472242345825,0.45433255269320844,0.5592064152301905,0.3965552694677991,0.4789986557881242,0,0,2856000.0,0.43488372093023253,0.47386172006745364,370000.0,0,1,37,507.0
1358,2310000.0,15.0,0.44387755113454985,0.0,0.0,0.0,0.44040247678018574,0.4694783573806881,0.476615203163763,0.44281793229643185,0.43096844666979034,0.4757214900689184,0.5602211136196202,0,0,21671000.0,0.4568764568764569,0.44892221180880976,3667000.0,0,0,34,619.0
1359,2420000.0,16.0,0.46341463401227523,0.0,0.0,0.0,0.44040247678018574,0.4694783573806881,0.4799991436755424,0.44281793229643185,0.4604834864076457,0.3721191346526487,0.40582917672392776,0,1,9941000.0,0.43488372093023253,0.47386172006745364,2790000.0,0,0,37,574.0
1360,1400000.0,3.0,0.4220779627191293,0.0,0.0,0.0,0.44040247678018574,0.4694783573806881,0.3971634082048179,0.45045045045045046,0.414225941433284,0.379712180659019,0.49646711594687815,0,0,7784000.0,0.4568764568764569,0.44892221180880976,1430000.0,0,1,32,377.0
1361,1040000.0,10.0,0.3971634082048179,0.0,0.0,0.0,0.45774647887323944,0.4539823008849557,0.4415584526838991,0.45475113122171945,0.417393662751422,0.4757214900689184,0.469407833203183,0,0,24169000.0,0.4568764568764569,0.44892221180880976,2971000.0,0,0,37,405.0
1362,2080000.0,34.0,0.4646406293882584,0.0,0.0,0.0,0.45774647887323944,0.4336917562724873,0.470084171924464,0.45433255269320844,0.43697478992002986,0.37737165958551677,0.4530944584075768,1,0,18875000.0,0.4568764568764569,0.47386172006745364,3505000.0,1,0,39,466.89744512414535
1363,4080000.0,14.0,0.45813033217197885,3.0,3.0,920000.0,0.44040247678018574,0.4336917562724873,0.5254093931718659,0.44281793229643185,0.417393662751422,0.4859069669135048,0.3244469103797425,0,0,220714000.0,0.45364536453645365,0.45443645083932854,5430000.0,0,0,32,557.0
1364,120000.0,14.0,0.40004455157916113,0.0,180.0,70000.0,0.45774647887323944,0.4539823008849557,0.41581515781000167,0.45475113122171945,0.44230917465915276,0.49482456551750875,0.41240204586511464,0,1,1647000.0,0.43488372093023253,0.39678284182305634,116000.0,0,0,36,321.0
1365,210000.0,12.0,0.44387755113454985,0.0,0.0,0.0,0.44040247678018574,0.4539823008849557,0.4214287402257545,0.44281793229643185,0.4905583684264643,0.5164278000280932,0.4545481381730755,0,0,1448000.0,0.45364536453645365,0.44892221180880976,219000.0,0,0,35,427.0
1366,960000.0,15.0,0.4498690306228219,0.0,0.0,470000.0,0.44040247678018574,0.4539823008849557,0.5165869667180779,0.45045045045045046,0.3541279498012266,0.46721243412305624,0.4270121893767379,1,0,12681000.0,0.45364536453645365,0.45443645083932854,961000.0,1,1,35,503.0
1367,180000.0,11.0,0.35775698265868106,0.0,0.0,0.0,0.40000603415401237,0.4539823008849557,0.476615203163763,0.45433255269320844,0.414225941433284,0.37737165958551677,0.40806474591452696,0,1,1033000.0,0.43488372093023253,0.44892221180880976,152000.0,0,0,37,367.0
1368,3470000.0,11.0,0.4906797478948485,0.0,0.0,605344.4272445821,0.45774647887323944,0.4694783573806881,0.5363528439845596,0.45475113122171945,0.4468097890743483,0.3721191346526487,0.6100509010581558,0,0,42477000.0,0.45364536453645365,0.45443645083932854,3111000.0,0,0,37,598.0
1369,110000.0,13.0,0.49269077310150705,0.0,0.0,605344.4272445821,0.40000603415401237,0.4539823008849557,0.3971634082048179,0.45045045045045046,0.417393662751422,0.3750074661878128,0.4425020459775707,0,0,811000.0,0.43488372093023253,0.47386172006745364,140000.0,0,0,37,322.0
1370,230000.0,10.0,0.44387755113454985,0.0,0.0,0.0,0.45774647887323944,0.4129263913824057,0.44545497076419477,0.45045045045045046,0.4511627906899892,0.5171573620994421,0.5363323525802142,1,0,5489000.0,0.45364536453645365,0.45443645083932854,661000.0,1,0,36,345.0
1371,1880000.0,14.0,0.4615356204904945,0.0,0.0,605344.4272445821,0.44040247678018574,0.4336917562724873,0.38083308316558756,0.45045045045045046,0.414225941433284,0.45192239757482366,0.31886873294614065,0,0,19821000.0,0.45364536453645365,0.44892221180880976,2818000.0,0,0,38,438.0
1372,3430000.0,18.0,0.471073469342046,0.0,0.0,0.0,0.45774647887323944,0.4539823008849557,0.5363528439845596,0.45433255269320844,0.37758024313602523,0.48068087923257147,0.4653190175668822,0,1,236890000.0,0.4568764568764569,0.45443645083932854,5027000.0,0,0,34,428.0
1373,2920000.0,10.0,0.4646406293882584,0.0,14.0,5590000.0,0.44040247678018574,0.4336917562724873,0.4415584526838991,0.45475113122171945,0.5606727833398578,0.45192239757482366,0.4543800115079512,1,1,17972000.0,0.45364536453645365,0.47386172006745364,2508000.0,1,0,38,469.0
1374,190000.0,10.0,0.4747378959928985,407.0,407.0,180000.0,0.44040247678018574,0.4694783573806881,0.5069442053895509,0.44281793229643185,0.4687495951044435,0.4757214900689184,0.423941142391273,1,1,2184000.0,0.43488372093023253,0.44892221180880976,292000.0,1,0,37,486.0
1375,190000.0,12.0,0.471073469342046,0.0,0.0,0.0,0.468085106382978,0.4694783573806881,0.43902472242345825,0.45475113122171945,0.37758024313602523,0.36975187045665187,0.42220278660777283,0,1,3669000.0,0.45364536453645365,0.44892221180880976,414000.0,0,0,36,311.0
1376,130000.0,17.0,0.46341463401227523,0.0,0.0,0.0,0.44040247678018574,0.4129263913824057,0.4214287402257545,0.45045045045045046,0.4583333330136348,0.4757214900689184,0.37192363309077975,0,0,587000.0,0.4568764568764569,0.47386172006745364,136000.0,0,0,37,447.0
1377,150000.0,3.0,0.4360903840722853,0.0,0.0,0.0,0.44040247678018574,0.4539823008849557,0.40571030945850584,0.45433255269320844,0.5031846524456339,0.43679650911494705,0.5602211136196202,1,1,1362000.0,0.43488372093023253,0.47386172006745364,163000.0,1,1,41,410.0
1378,1310000.0,29.0,0.4581005575150995,0.0,951.0,0.0,0.40000603415401237,0.4694783573806881,0.3931036562142931,0.45045045045045046,0.4230769551118841,0.3750074661878128,0.4332390300357073,0,1,3010000.0,0.43488372093023253,0.44892221180880976,1224000.0,0,0,39,528.0
1379,170000.0,10.0,0.583862843505718,0.0,0.0,30000.0,0.44040247678018574,0.4694783573806881,0.470084171924464,0.45475113122171945,0.46907216438869503,0.4321363669380822,0.3244469103797425,0,0,1522000.0,0.45364536453645365,0.45443645083932854,218000.0,0,0,37,360.0
1380,920000.0,11.0,0.35775698265868106,82.40884820747522,114.68688024408848,605344.4272445821,0.45774647887323944,0.4694783573806881,0.5375745064065167,0.45475113122171945,0.34356713843530684,0.43679650911494705,0.490206851056817,0,1,5021000.0,0.4568764568764569,0.44892221180880976,980000.0,0,1,39,466.89744512414535
1381,210000.0,11.0,0.4581005575150995,0.0,0.0,0.0,0.44040247678018574,0.4694783573806881,0.3900197525554698,0.45433255269320844,0.43697478992002986,0.3680899177448659,0.5582615046868826,0,1,1154000.0,0.45364536453645365,0.45443645083932854,219000.0,0,0,36,517.0
1382,150000.0,14.0,0.45453917520963155,0.0,0.0,0.0,0.44040247678018574,0.4129263913824057,0.3442355460389141,0.44281793229643185,0.46907216438869503,0.3965552694677991,0.47681005690163497,0,0,1377000.0,0.45364536453645365,0.39678284182305634,256000.0,0,0,36,459.0
1383,150000.0,14.0,0.46341463401227523,73.0,73.0,760000.0,0.45774647887323944,0.4694783573806881,0.30013565669860115,0.44281793229643185,0.4511627906899892,0.4658901691183491,0.5233562461236126,0,0,2517000.0,0.43488372093023253,0.45443645083932854,529000.0,0,0,36,358.0
1384,1350000.0,18.0,0.4581005575150995,0.0,0.0,170000.0,0.44040247678018574,0.4539823008849557,0.470084171924464,0.45475113122171945,0.417393662751422,0.46365822718746796,0.45745399554685107,0,1,13621000.0,0.4568764568764569,0.44892221180880976,2142000.0,0,0,34,466.89744512414535
1385,1000000.0,2.0,0.45885149198403496,0.0,0.0,0.0,0.45774647887323944,0.4539823008849557,0.44545497076419477,0.45433255269320844,0.414225941433284,0.3810650946770142,0.3156771054360342,0,0,10647000.0,0.43488372093023253,0.45443645083932854,1189000.0,0,1,34,492.0
1386,120000.0,14.0,0.4747378959928985,0.0,0.0,0.0,0.44040247678018574,0.4336917562724873,0.470084171924464,0.45475113122171945,0.417393662751422,0.5176283236840944,0.4545481381730755,0,1,60000.0,0.4568764568764569,0.47386172006745364,89000.0,0,1,37,320.0
1387,1470000.0,11.0,0.3971634082048179,3.0,0.0,50000.0,0.40000603415401237,0.4129263913824057,0.476615203163763,0.44281793229643185,0.45864649596466484,0.4757214900689184,0.5220031427533425,1,0,10883000.0,0.4568764568764569,0.44892221180880976,1253000.0,1,0,34,439.0
1388,160000.0,14.0,0.46341463401227523,0.0,0.0,50000.0,0.468085106382978,0.4539823008849557,0.4214287402257545,0.45433255269320844,0.4583333330136348,0.4321363669380822,0.5233562461236126,0,0,1200000.0,0.43488372093023253,0.39678284182305634,160000.0,0,0,39,665.0
1389,160000.0,12.0,0.4668770371178462,95.0,0.0,20000.0,0.45774647887323944,0.4539823008849557,0.4485294151733482,0.44281793229643185,0.4583333330136348,0.3750074661878128,0.5602211136196202,1,0,5164000.0,0.43488372093023253,0.44892221180880976,1080000.0,1,0,36,434.0
1390,90000.0,6.0,0.44387755113454985,0.0,0.0,0.0,0.44040247678018574,0.4694783573806881,0.5159288114711631,0.44281793229643185,0.45864649596466484,0.45331529430883266,0.5363489679286931,0,0,645000.0,0.4568764568764569,0.45443645083932854,241000.0,0,0,40,494.0
1391,110000.0,13.0,0.4278491036733748,0.0,0.0,0.0,0.44040247678018574,0.4129263913824057,0.43902472242345825,0.45475113122171945,0.5315593642552221,0.4859069669135048,0.4769970982233268,0,0,2154000.0,0.4568764568764569,0.39678284182305634,315000.0,0,0,36,371.0
1392,410000.0,14.0,0.583862843505718,0.0,0.0,0.0,0.44040247678018574,0.4129263913824057,0.4214287402257545,0.45433255269320844,0.4604834864076457,0.4395681403885853,0.5363489679286931,1,0,3361000.0,0.43488372093023253,0.45443645083932854,401000.0,1,0,34,508.0
1393,170000.0,14.0,0.5628080317442733,0.0,0.0,10000.0,0.44040247678018574,0.4336917562724873,0.4415584526838991,0.45433255269320844,0.4687495951044435,0.45677246944372973,0.40201973495344345,0,0,17027000.0,0.4568764568764569,0.44892221180880976,2055000.0,0,0,36,444.0
1394,190000.0,14.0,0.583862843505718,0.0,0.0,1010000.0,0.45774647887323944,0.4539823008849557,0.3971634082048179,0.45045045045045046,0.4511627906899892,0.45677246944372973,0.4545481381730755,0,0,12108000.0,0.4568764568764569,0.39678284182305634,1866000.0,0,0,37,746.0
1395,2130000.0,10.0,0.3971634082048179,0.0,0.0,605344.4272445821,0.45774647887323944,0.4694783573806881,0.43902472242345825,0.45475113122171945,0.4230769551118841,0.5071462083323844,0.40582917672392776,0,0,18233000.0,0.45364536453645365,0.44892221180880976,2615000.0,0,0,39,339.0
1396,740000.0,15.0,0.4906797478948485,0.0,0.0,6550000.0,0.40000603415401237,0.4694783573806881,0.41581515781000167,0.45475113122171945,0.414225941433284,0.4339650140059905,0.45200464380003236,1,1,7559000.0,0.43488372093023253,0.45443645083932854,1294000.0,1,0,31,357.0
1397,220000.0,19.0,0.4615356204904945,0.0,0.0,0.0,0.44040247678018574,0.4539823008849557,0.4415584526838991,0.45045045045045046,0.4583333330136348,0.4757214900689184,0.41047292637935173,1,0,1341000.0,0.44758586022284785,0.44892221180880976,190000.0,1,0,35,422.0
1398,220000.0,10.0,0.4747378959928985,0.0,0.0,0.0,0.468085106382978,0.4129263913824057,0.5363528439845596,0.45045045045045046,0.4583333330136348,0.4859069669135048,0.36719335159199484,0,0,1862000.0,0.43488372093023253,0.47386172006745364,270000.0,0,0,36,437.0
1399,210000.0,11.0,0.44387755113454985,0.0,30.0,40000.0,0.468085106382978,0.4129263913824057,0.3931036562142931,0.45475113122171945,0.43697478992002986,0.48068087923257147,0.44084111937285236,0,0,2141000.0,0.45364536453645365,0.44892221180880976,385000.0,0,0,38,325.0
1400,150000.0,14.0,0.45453917520963155,0.0,0.0,0.0,0.44040247678018574,0.4539823008849557,0.45200464380003236,0.45475113122171945,0.4604834864076457,0.46721243412305624,0.49646711594687815,0,0,1977000.0,0.4568764568764569,0.44892221180880976,285000.0,0,0,36,658.0
1401,170000.0,17.0,0.3971634082048179,82.40884820747522,114.68688024408848,605344.4272445821,0.45774647887323944,0.4539823008849557,0.4485294151733482,0.44281793229643185,0.5031846524456339,0.45331529430883266,0.3852241644482289,0,0,1317000.0,0.4568764568764569,0.44892221180880976,298000.0,0,0,36,306.0
1402,570000.0,14.0,0.471073469342046,0.0,0.0,150000.0,0.45774647887323944,0.4694783573806881,0.4485294151733482,0.44281793229643185,0.43697478992002986,0.5183627257078485,0.4278491036733748,0,1,2653000.0,0.43488372093023253,0.44892221180880976,598000.0,0,1,36,444.0
1403,770000.0,18.0,0.4615356204904945,0.0,0.0,0.0,0.468085106382978,0.4694783573806881,0.30013565669860115,0.45475113122171945,0.417393662751422,0.4757214900689184,0.4545481381730755,1,0,3889000.0,0.4568764568764569,0.39678284182305634,802000.0,1,1,33,405.0
1404,90000.0,16.0,0.4360903840722853,0.0,180.0,80000.0,0.44040247678018574,0.4694783573806881,0.470084171924464,0.44281793229643185,0.4905583684264643,0.37737165958551677,0.5134854957775883,1,1,564000.0,0.4568764568764569,0.39678284182305634,111000.0,1,0,37,313.0
1405,1140000.0,27.0,0.4360903840722853,0.0,0.0,605344.4272445821,0.45774647887323944,0.4539823008849557,0.470084171924464,0.45475113122171945,0.46907216438869503,0.4444688960343153,0.6100509010581558,0,1,1922000.0,0.45364536453645365,0.39678284182305634,1643000.0,0,1,39,468.0
1406,170000.0,17.0,0.46341463401227523,0.0,0.0,0.0,0.44040247678018574,0.4539823008849557,0.5257384019435941,0.44281793229643185,0.5592064152301905,0.49482456551750875,0.4606736933325396,0,0,736000.0,0.45364536453645365,0.45443645083932854,136000.0,0,0,37,440.0
1407,100000.0,3.0,0.4706709757445273,0.0,0.0,605344.4272445821,0.468085106382978,0.4694783573806881,0.5254093931718659,0.44281793229643185,0.4604834864076457,0.5183627257078485,0.42220278660777283,0,0,5935000.0,0.43488372093023253,0.39678284182305634,146000.0,0,1,39,322.0
1408,1240000.0,14.0,0.4646406293882584,0.0,0.0,0.0,0.44040247678018574,0.4336917562724873,0.5363528439845596,0.45045045045045046,0.4511627906899892,0.4831631253007048,0.5220031427533425,1,0,8978000.0,0.43488372093023253,0.47386172006745364,1250000.0,1,0,35,669.0
1409,5930000.0,17.0,0.4581005575150995,0.0,0.0,0.0,0.44040247678018574,0.4129263913824057,0.3900197525554698,0.44281793229643185,0.417393662751422,0.46721243412305624,0.4425020459775707,1,0,22206000.0,0.4568764568764569,0.45443645083932854,4972000.0,1,1,36,455.0
1410,190000.0,14.0,0.5628080317442733,0.0,0.0,605344.4272445821,0.44040247678018574,0.4129263913824057,0.46428416000978534,0.45475113122171945,0.5063919873437158,0.5491139021556548,0.5233562461236126,0,0,3067000.0,0.45364536453645365,0.44892221180880976,312000.0,0,0,38,337.0
1411,110000.0,15.0,0.4747378959928985,0.0,0.0,0.0,0.40000603415401237,0.4129263913824057,0.36271363783177113,0.44281793229643185,0.5592064152301905,0.4757214900689184,0.6100509010581558,0,0,529000.0,0.45364536453645365,0.39678284182305634,85000.0,0,0,37,339.0
1412,170000.0,14.0,0.4278491036733748,0.0,0.0,340000.0,0.44040247678018574,0.4694783573806881,0.470084171924464,0.44281793229643185,0.3541279498012266,0.4339650140059905,0.47190419232428393,0,1,894000.0,0.4568764568764569,0.47386172006745364,242000.0,0,0,37,391.0
1413,220000.0,12.0,0.4468949699527549,0.0,0.0,0.0,0.45774647887323944,0.4539823008849557,0.4485294151733482,0.44281793229643185,0.45890407585949666,0.37737165958551677,0.5233562461236126,1,0,6691000.0,0.43488372093023253,0.47386172006745364,974000.0,1,0,38,363.0
1414,2410000.0,14.0,0.4646406293882584,0.0,0.0,1090000.0,0.45774647887323944,0.4694783573806881,0.3931036562142931,0.44281793229643185,0.43697478992002986,0.4321363669380822,0.5134854957775883,0,1,17679000.0,0.45364536453645365,0.47386172006745364,3946000.0,0,0,37,483.0
1415,1000000.0,2.0,0.4906797478948485,0.0,0.0,0.0,0.44040247678018574,0.4539823008849557,0.4415584526838991,0.45433255269320844,0.4583333330136348,0.4859069669135048,0.4425020459775707,0,0,5289000.0,0.43488372093023253,0.44892221180880976,1136000.0,0,1,33,414.0
1416,210000.0,18.0,0.46341463401227523,0.0,0.0,0.0,0.45774647887323944,0.4539823008849557,0.4268739712093834,0.44281793229643185,0.45890407585949666,0.5491139021556548,0.5220031427533425,0,0,921000.0,0.4568764568764569,0.47386172006745364,162000.0,0,0,37,447.0
1417,190000.0,13.0,0.3892717187010617,567.0,567.0,910000.0,0.44040247678018574,0.4539823008849557,0.36271363783177113,0.44281793229643185,0.43096844666979034,0.49482456551750875,0.40201973495344345,1,0,5051000.0,0.43488372093023253,0.39678284182305634,809000.0,1,0,39,447.0
1418,200000.0,18.0,0.4646406293882584,31.0,31.0,770000.0,0.44040247678018574,0.4694783573806881,0.3442355460389141,0.45045045045045046,0.46907216438869503,0.4339650140059905,0.5035331693654489,0,1,1646000.0,0.45364536453645365,0.45443645083932854,295000.0,0,0,36,638.0
1419,2770000.0,18.0,0.46341463401227523,0.0,0.0,6690000.0,0.44040247678018574,0.4129263913824057,0.4214287402257545,0.44281793229643185,0.45864649596466484,0.40002703158873276,0.5233562461236126,1,0,12595000.0,0.4568764568764569,0.44892221180880976,3261000.0,1,0,35,646.0
1420,5960000.0,18.0,0.4581005575150995,0.0,0.0,0.0,0.44040247678018574,0.4129263913824057,0.4956486747857908,0.45433255269320844,0.43096844666979034,0.45677246944372973,0.4106715025408491,0,0,109820000.0,0.43488372093023253,0.44892221180880976,5970000.0,0,0,34,466.0
1421,190000.0,12.0,0.4646406293882584,0.0,0.0,0.0,0.45774647887323944,0.4129263913824057,0.5363528439845596,0.45475113122171945,0.5315593642552221,0.43679650911494705,0.4332390300357073,0,1,2311000.0,0.45364536453645365,0.45443645083932854,393000.0,0,0,36,618.0
1422,2780000.0,13.0,0.4615356204904945,82.40884820747522,114.68688024408848,0.0,0.44040247678018574,0.4694783573806881,0.5069442053895509,0.45475113122171945,0.4230769551118841,0.5164278000280932,0.6100509010581558,0,0,23559000.0,0.45364536453645365,0.44892221180880976,3264000.0,0,0,33,512.0
1423,210000.0,13.0,0.4498690306228219,0.0,0.0,0.0,0.45774647887323944,0.4539823008849557,0.44545497076419477,0.45045045045045046,0.4687495951044435,0.5217257015040757,0.5081959184294307,0,0,1708000.0,0.43488372093023253,0.44892221180880976,261000.0,0,1,36,392.0
1424,210000.0,13.0,0.3971634082048179,0.0,0.0,0.0,0.40000603415401237,0.4539823008849557,0.5254093931718659,0.45433255269320844,0.4583333330136348,0.5164278000280932,0.4505327389584535,0,1,1931000.0,0.43488372093023253,0.45443645083932854,145000.0,0,1,36,440.0
1425,110000.0,11.0,0.583862843505718,82.40884820747522,114.68688024408848,605344.4272445821,0.44040247678018574,0.4336917562724873,0.5363528439845596,0.45433255269320844,0.414225941433284,0.40002703158873276,0.44084111937285236,1,0,1016000.0,0.4568764568764569,0.39678284182305634,156000.0,1,0,38,479.0
1426,610000.0,15.0,0.4646406293882584,1.0,0.0,760000.0,0.44040247678018574,0.4694783573806881,0.30013565669860115,0.44281793229643185,0.5063919873437158,0.3810650946770142,0.4014334059125707,1,1,2998000.0,0.45364536453645365,0.45443645083932854,457000.0,1,1,36,351.0
1427,250000.0,18.0,0.5628080317442733,0.0,0.0,0.0,0.45774647887323944,0.4694783573806881,0.4799991436755424,0.45045045045045046,0.44230917465915276,0.46365822718746796,0.44084111937285236,0,0,1266000.0,0.45364536453645365,0.45443645083932854,272000.0,0,1,37,564.0
1428,220000.0,10.0,0.4615356204904945,0.0,0.0,0.0,0.44040247678018574,0.4694783573806881,0.5069442053895509,0.45045045045045046,0.43697478992002986,0.5491139021556548,0.5157460113123283,0,0,5937000.0,0.45364536453645365,0.45443645083932854,864000.0,0,0,37,327.0
1429,900000.0,15.0,0.4581005575150995,0.0,0.0,0.0,0.45774647887323944,0.4539823008849557,0.4956486747857908,0.45475113122171945,0.4583333330136348,0.5183627257078485,0.4994506452738054,0,1,5093000.0,0.43488372093023253,0.39678284182305634,1052000.0,0,1,31,413.0
1430,550000.0,18.0,0.3971634082048179,0.0,0.0,0.0,0.44040247678018574,0.4129263913824057,0.3931036562142931,0.44281793229643185,0.414225941433284,0.45192239757482366,0.3580839468498659,1,0,2642000.0,0.4568764568764569,0.39678284182305634,588000.0,1,1,35,448.0
1431,540000.0,12.0,0.471073469342046,0.0,0.0,340000.0,0.44040247678018574,0.4694783573806881,0.4485294151733482,0.45475113122171945,0.4905583684264643,0.3810650946770142,0.4014334059125707,1,0,847000.0,0.45364536453645365,0.47386172006745364,465000.0,1,1,38,533.0
1432,1100000.0,14.0,0.4498690306228219,82.40884820747522,114.68688024408848,0.0,0.468085106382978,0.4539823008849557,0.3931036562142931,0.45045045045045046,0.4468097890743483,0.49482456551750875,0.490206851056817,0,0,4284000.0,0.45364536453645365,0.44892221180880976,999000.0,0,0,33,636.0
1433,2810000.0,11.0,0.46341463401227523,0.0,0.0,605344.4272445821,0.468085106382978,0.4694783573806881,0.470084171924464,0.45475113122171945,0.43096844666979034,0.46721243412305624,0.490206851056817,1,0,9455000.0,0.43488372093023253,0.45443645083932854,2428000.0,1,1,39,560.0
1434,220000.0,10.0,0.44387755113454985,292.0,292.0,100000.0,0.44040247678018574,0.4694783573806881,0.3931036562142931,0.44281793229643185,0.4468097890743483,0.4859069669135048,0.5035331693654489,1,0,1701000.0,0.4568764568764569,0.45443645083932854,224000.0,1,0,41,361.0
1435,160000.0,12.0,0.4581005575150995,0.0,0.0,310000.0,0.45774647887323944,0.4694783573806881,0.4121240088339391,0.44281793229643185,0.4230769551118841,0.37737165958551677,0.39551727687191446,1,0,4465000.0,0.45364536453645365,0.45443645083932854,525000.0,1,0,40,407.0
1436,140000.0,18.0,0.5628080317442733,0.0,0.0,0.0,0.44040247678018574,0.4539823008849557,0.4268739712093834,0.45475113122171945,0.45890407585949666,0.46721243412305624,0.4653190175668822,0,0,712000.0,0.4568764568764569,0.45443645083932854,102000.0,0,1,38,462.0
1437,1060000.0,5.0,0.471073469342046,82.40884820747522,114.68688024408848,0.0,0.45774647887323944,0.4539823008849557,0.4214287402257545,0.45433255269320844,0.43096844666979034,0.3680899177448659,0.3580839468498659,0,0,3363000.0,0.43488372093023253,0.45443645083932854,1069000.0,0,0,33,536.0
1438,3190000.0,27.0,0.4774317289223725,0.0,0.0,0.0,0.44040247678018574,0.4694783573806881,0.4214287402257545,0.45045045045045046,0.4230769551118841,0.5164278000280932,0.36719335159199484,1,0,25355000.0,0.45364536453645365,0.45443645083932854,3395000.0,1,1,39,475.0
1439,200000.0,19.0,0.46341463401227523,1879.0,1879.0,1160000.0,0.44040247678018574,0.4336917562724873,0.43902472242345825,0.44281793229643185,0.414225941433284,0.3795616337068332,0.45989425850057764,1,0,1000000.0,0.43488372093023253,0.44892221180880976,256000.0,1,0,37,545.0
1440,3290000.0,13.0,0.4646406293882584,82.40884820747522,114.68688024408848,605344.4272445821,0.44040247678018574,0.4694783573806881,0.3900197525554698,0.45433255269320844,0.37758024313602523,0.37737165958551677,0.36641942856818427,1,0,20789000.0,0.4568764568764569,0.45443645083932854,3305000.0,1,1,38,521.0
1441,150000.0,19.0,0.471073469342046,0.0,0.0,0.0,0.45774647887323944,0.4694783573806881,0.30013565669860115,0.45475113122171945,0.4511627906899892,0.36975187045665187,0.6100509010581558,0,0,510000.0,0.45364536453645365,0.39678284182305634,143000.0,0,1,35,354.0
1442,190000.0,13.0,0.3928574872021717,0.0,39.0,140000.0,0.40000603415401237,0.4694783573806881,0.4956486747857908,0.45475113122171945,0.43096844666979034,0.5106758841242302,0.42220278660777283,0,1,3924000.0,0.43488372093023253,0.47386172006745364,512000.0,0,0,41,390.0
1443,350000.0,12.0,0.45453917520963155,0.0,0.0,110000.0,0.468085106382978,0.4539823008849557,0.3931036562142931,0.44281793229643185,0.4905583684264643,0.36975187045665187,0.5157460113123283,1,1,28600000.0,0.43488372093023253,0.39678284182305634,3844000.0,1,0,37,350.0
1444,4110000.0,19.0,0.44387755113454985,0.0,0.0,6220000.0,0.45774647887323944,0.4539823008849557,0.416387268320036,0.44281793229643185,0.43697478992002986,0.36975187045665187,0.41315158258670154,0,1,471064000.0,0.45364536453645365,0.47386172006745364,4529000.0,0,0,35,334.0
1445,1310000.0,18.0,0.4074136609653927,0.0,30.0,270000.0,0.45774647887323944,0.4539823008849557,0.3971634082048179,0.44281793229643185,0.4468097890743483,0.45192239757482366,0.3758582472222368,0,0,7597000.0,0.43488372093023253,0.45443645083932854,1361000.0,0,1,37,523.0
1446,110000.0,3.0,0.4220779627191293,0.0,0.0,0.0,0.44040247678018574,0.4336917562724873,0.5363528439845596,0.45045045045045046,0.4230769551118841,0.46721243412305624,0.36641942856818427,0,1,655000.0,0.45364536453645365,0.45443645083932854,125000.0,0,0,40,409.0
1447,5250000.0,19.0,0.4360903840722853,0.0,0.0,0.0,0.44040247678018574,0.4129263913824057,0.5375745064065167,0.45045045045045046,0.4468097890743483,0.5217257015040757,0.5035331693654489,0,0,163896000.0,0.43488372093023253,0.44892221180880976,5903000.0,0,0,36,443.0
1448,90000.0,14.0,0.45453917520963155,0.0,0.0,50000.0,0.45774647887323944,0.4694783573806881,0.4799991436755424,0.44281793229643185,0.4687495951044435,0.531814720884261,0.49646711594687815,1,0,2222000.0,0.45364536453645365,0.39678284182305634,433000.0,1,0,38,482.0
1449,180000.0,10.0,0.4074136609653927,0.0,0.0,0.0,0.45774647887323944,0.4694783573806881,0.5056772402445142,0.45045045045045046,0.4230769551118841,0.4321363669380822,0.5233562461236126,0,1,8020000.0,0.45364536453645365,0.45443645083932854,1022000.0,0,0,36,322.0
1450,150000.0,10.0,0.583862843505718,0.0,30.0,410000.0,0.45774647887323944,0.4539823008849557,0.4485294151733482,0.45433255269320844,0.45864649596466484,0.37737165958551677,0.5134854957775883,1,0,1292000.0,0.43488372093023253,0.44892221180880976,161000.0,1,1,38,435.0
1451,180000.0,11.0,0.471073469342046,0.0,0.0,0.0,0.44040247678018574,0.4694783573806881,0.3931036562142931,0.45475113122171945,0.44230917465915276,0.4859069669135048,0.44519311265006384,0,0,1600000.0,0.43488372093023253,0.39678284182305634,272000.0,0,0,36,383.0
1452,3050000.0,10.0,0.4220779627191293,0.0,0.0,60000.0,0.45774647887323944,0.4129263913824057,0.4485294151733482,0.45433255269320844,0.43697478992002986,0.46365822718746796,0.383357340467756,0,1,28912000.0,0.45364536453645365,0.47386172006745364,3310000.0,0,0,39,349.0
1453,1620000.0,14.0,0.4360903840722853,0.0,0.0,0.0,0.468085106382978,0.4129263913824057,0.41581515781000167,0.45045045045045046,0.46907216438869503,0.3810650946770142,0.36641942856818427,0,0,76507000.0,0.4568764568764569,0.47386172006745364,2951000.0,0,0,38,321.0
1454,130000.0,14.0,0.5628080317442733,82.40884820747522,114.68688024408848,605344.4272445821,0.468085106382978,0.4129263913824057,0.46428416000978534,0.45475113122171945,0.5031846524456339,0.5071462083323844,0.40571030945850584,0,0,897000.0,0.4568764568764569,0.44892221180880976,155000.0,0,1,38,366.0
1455,750000.0,14.0,0.4498690306228219,82.40884820747522,114.68688024408848,605344.4272445821,0.44040247678018574,0.4694783573806881,0.3971634082048179,0.44281793229643185,0.44230917465915276,0.3750074661878128,0.5220031427533425,1,0,4378000.0,0.4568764568764569,0.39678284182305634,674000.0,1,0,39,395.0
1456,1170000.0,14.0,0.471073469342046,0.0,0.0,220000.0,0.44040247678018574,0.4694783573806881,0.4415584526838991,0.45433255269320844,0.4583333330136348,0.3750074661878128,0.41047292637935173,1,1,5895000.0,0.4568764568764569,0.45443645083932854,1151000.0,1,1,35,415.0
1457,3900000.0,15.0,0.49269077310150705,174.0,174.0,1920000.0,0.44040247678018574,0.4694783573806881,0.470084171924464,0.45475113122171945,0.414225941433284,0.46721243412305624,0.41240204586511464,1,0,57584000.0,0.45364536453645365,0.47386172006745364,5204000.0,1,0,36,471.0
1458,110000.0,3.0,0.471073469342046,0.0,0.0,0.0,0.45774647887323944,0.4539823008849557,0.5257384019435941,0.45475113122171945,0.37758024313602523,0.4859069669135048,0.490206851056817,1,0,845000.0,0.43488372093023253,0.47386172006745364,127000.0,1,1,41,603.0
1459,4250000.0,17.0,0.49269077310150705,0.0,0.0,690000.0,0.45774647887323944,0.4539823008849557,0.30013565669860115,0.44281793229643185,0.3739186560656616,0.4321363669380822,0.3244469103797425,1,0,22240000.0,0.44758586022284785,0.44892221180880976,5595000.0,1,0,34,624.0
1460,1190000.0,16.0,0.4360903840722853,0.0,0.0,90000.0,0.468085106382978,0.4694783573806881,0.46428416000978534,0.45045045045045046,0.37758024313602523,0.4321363669380822,0.4332390300357073,0,0,5561000.0,0.43488372093023253,0.45443645083932854,1006000.0,0,1,32,650.0
1461,1220000.0,17.0,0.4906797478948485,0.0,60.0,1040000.0,0.45774647887323944,0.4694783573806881,0.470084171924464,0.45475113122171945,0.4511627906899892,0.4757214900689184,0.4014334059125707,1,0,8244000.0,0.43488372093023253,0.44892221180880976,2458000.0,1,0,38,628.0
1462,930000.0,17.0,0.4360903840722853,0.0,0.0,0.0,0.45774647887323944,0.4694783573806881,0.43902472242345825,0.45475113122171945,0.45864649596466484,0.45331529430883266,0.5602211136196202,0,0,5607000.0,0.45364536453645365,0.44892221180880976,1032000.0,0,1,34,463.0
1463,1030000.0,13.0,0.46341463401227523,0.0,0.0,1140000.0,0.45774647887323944,0.4539823008849557,0.4485294151733482,0.44281793229643185,0.4905583684264643,0.5491139021556548,0.45200464380003236,0,1,13870000.0,0.43488372093023253,0.47386172006745364,2371000.0,0,0,38,424.0
1464,1610000.0,13.0,0.3928574872021717,0.0,0.0,0.0,0.44040247678018574,0.4129263913824057,0.36271363783177113,0.45433255269320844,0.4687495951044435,0.4757214900689184,0.45200464380003236,1,0,14085000.0,0.45364536453645365,0.45443645083932854,2193000.0,1,0,39,454.0
1465,200000.0,12.0,0.4615356204904945,0.0,0.0,0.0,0.468085106382978,0.4539823008849557,0.5363528439845596,0.44281793229643185,0.5031846524456339,0.46365822718746796,0.5081959184294307,1,0,5880000.0,0.44758586022284785,0.45443645083932854,591000.0,1,1,39,490.0
1466,190000.0,13.0,0.49269077310150705,0.0,0.0,0.0,0.44040247678018574,0.4129263913824057,0.45782858909969404,0.44281793229643185,0.4511627906899892,0.46721243412305624,0.4530944584075768,0,1,1171000.0,0.43488372093023253,0.44892221180880976,195000.0,0,0,35,334.0
1467,4540000.0,15.0,0.3971634082048179,0.0,0.0,0.0,0.45774647887323944,0.4539823008849557,0.5254093931718659,0.45475113122171945,0.4905583684264643,0.379712180659019,0.44519311265006384,1,0,55040000.0,0.43488372093023253,0.45443645083932854,4724000.0,1,0,33,409.0
1468,170000.0,13.0,0.4360903840722853,0.0,0.0,20000.0,0.45774647887323944,0.4694783573806881,0.4121240088339391,0.45475113122171945,0.414225941433284,0.37737165958551677,0.4789986557881242,0,0,3541000.0,0.4568764568764569,0.45443645083932854,393000.0,0,0,37,603.0
1469,160000.0,14.0,0.44387755113454985,0.0,0.0,0.0,0.45774647887323944,0.4129263913824057,0.5375745064065167,0.45433255269320844,0.4687495951044435,0.48068087923257147,0.4270121893767379,0,1,1175000.0,0.43488372093023253,0.47386172006745364,143000.0,0,0,37,407.0
1470,210000.0,14.0,0.44387755113454985,943.0,943.0,770000.0,0.44040247678018574,0.4336917562724873,0.4415584526838991,0.45045045045045046,0.5063919873437158,0.4389077345532648,0.42220278660777283,1,0,17365000.0,0.45364536453645365,0.45443645083932854,377000.0,1,1,36,481.0
1471,4400000.0,14.0,0.46341463401227523,0.0,0.0,0.0,0.44040247678018574,0.4539823008849557,0.5159288114711631,0.45045045045045046,0.417393662751422,0.45560844252904975,0.4332390300357073,0,0,75097000.0,0.43488372093023253,0.45443645083932854,5197000.0,0,1,34,404.0
1472,130000.0,14.0,0.4498690306228219,0.0,0.0,0.0,0.45774647887323944,0.4694783573806881,0.5254093931718659,0.44281793229643185,0.4583333330136348,0.5491139021556548,0.47190419232428393,0,0,6218000.0,0.4568764568764569,0.39678284182305634,783000.0,0,0,37,358.0
1473,350000.0,14.0,0.4844907454931315,0.0,0.0,1170000.0,0.45774647887323944,0.4694783573806881,0.4956486747857908,0.44281793229643185,0.43697478992002986,0.41322952719822703,0.42220278660777283,0,0,29633000.0,0.4568764568764569,0.45443645083932854,3755000.0,0,0,34,527.0
1474,110000.0,14.0,0.3971634082048179,503.0,503.0,80000.0,0.45774647887323944,0.4539823008849557,0.5257384019435941,0.45475113122171945,0.46907216438869503,0.40235614355016347,0.5220031427533425,0,0,2120000.0,0.45364536453645365,0.45443645083932854,253000.0,0,0,36,389.0
1475,200000.0,12.0,0.4646406293882584,0.0,0.0,0.0,0.44040247678018574,0.4539823008849557,0.44545497076419477,0.44281793229643185,0.44230917465915276,0.45331529430883266,0.4530944584075768,0,0,1245000.0,0.45364536453645365,0.44892221180880976,215000.0,0,0,36,360.0
1476,100000.0,18.0,0.4646406293882584,0.0,0.0,0.0,0.44040247678018574,0.4694783573806881,0.4485294151733482,0.44281793229643185,0.46907216438869503,0.36975187045665187,0.6100509010581558,0,0,831000.0,0.45364536453645365,0.47386172006745364,122000.0,0,0,36,478.0
1477,1650000.0,15.0,0.46341463401227523,60.0,60.0,1840000.0,0.44040247678018574,0.4539823008849557,0.46428416000978534,0.45475113122171945,0.46907216438869503,0.46721243412305624,0.4375202018743684,0,1,8016000.0,0.45364536453645365,0.45443645083932854,1818000.0,0,0,35,441.0
1478,170000.0,14.0,0.4581005575150995,132.0,132.0,20000.0,0.45774647887323944,0.4539823008849557,0.44545497076419477,0.44281793229643185,0.43697478992002986,0.46721243412305624,0.348329989309645,0,0,2081000.0,0.43488372093023253,0.39678284182305634,337000.0,0,0,40,339.0
1479,110000.0,17.0,0.43673114297615767,0.0,0.0,0.0,0.44040247678018574,0.4694783573806881,0.3971634082048179,0.45433255269320844,0.4583333330136348,0.5217257015040757,0.5009630346757856,0,1,625000.0,0.4568764568764569,0.45443645083932854,130000.0,0,1,36,545.0
1480,2610000.0,3.0,0.3892717187010617,0.0,0.0,0.0,0.44040247678018574,0.4539823008849557,0.46428416000978534,0.44281793229643185,0.414225941433284,0.45677246944372973,0.4037095629016318,0,0,11894000.0,0.4568764568764569,0.39678284182305634,1977000.0,0,1,33,531.0
1481,1830000.0,15.0,0.44387755113454985,0.0,0.0,12440000.0,0.45774647887323944,0.4694783573806881,0.4214287402257545,0.45475113122171945,0.414225941433284,0.3721191346526487,0.46016463299084465,1,0,11364000.0,0.4568764568764569,0.45443645083932854,1872000.0,1,1,32,378.0
1482,160000.0,11.0,0.4706709757445273,291.0,291.0,20000.0,0.45774647887323944,0.4129263913824057,0.45782858909969404,0.44281793229643185,0.4583333330136348,0.4859069669135048,0.4530944584075768,0,0,8169000.0,0.43488372093023253,0.45443645083932854,152000.0,0,1,39,437.0
1483,3770000.0,14.0,0.4220779627191293,0.0,30.0,890000.0,0.468085106382978,0.4539823008849557,0.5056772402445142,0.45433255269320844,0.4583333330136348,0.3750074661878128,0.4425020459775707,1,0,22905000.0,0.43488372093023253,0.44892221180880976,3787000.0,1,0,35,525.0
1484,2900000.0,5.0,0.4747378959928985,221.0,221.0,200000.0,0.44040247678018574,0.4539823008849557,0.3931036562142931,0.45475113122171945,0.44230917465915276,0.3750074661878128,0.49141635626861524,0,0,8897000.0,0.45364536453645365,0.44892221180880976,3186000.0,0,0,32,532.0
1485,1970000.0,10.0,0.4581005575150995,82.40884820747522,114.68688024408848,605344.4272445821,0.468085106382978,0.4129263913824057,0.4415584526838991,0.45433255269320844,0.43697478992002986,0.36975187045665187,0.45614969689847273,0,0,21119000.0,0.4568764568764569,0.45443645083932854,2776000.0,0,0,37,448.0
1486,3210000.0,16.0,0.4581005575150995,0.0,0.0,210000.0,0.44040247678018574,0.4694783573806881,0.4268739712093834,0.44281793229643185,0.46907216438869503,0.5217257015040757,0.4771498533714657,1,0,32341000.0,0.4568764568764569,0.45443645083932854,5964000.0,1,1,34,385.0
1487,150000.0,14.0,0.4764655517659273,0.0,0.0,0.0,0.44040247678018574,0.4694783573806881,0.46428416000978534,0.45045045045045046,0.4230769551118841,0.37737165958551677,0.4994506452738054,0,0,999000.0,0.4568764568764569,0.44892221180880976,188000.0,0,0,36,365.0
1488,5170000.0,14.0,0.3971634082048179,0.0,0.0,0.0,0.44040247678018574,0.4539823008849557,0.5254093931718659,0.45433255269320844,0.45864649596466484,0.43679650911494705,0.42117558521355203,0,1,105217000.0,0.4568764568764569,0.47386172006745364,4602000.0,0,1,36,438.0
1489,3190000.0,34.0,0.4581005575150995,117.0,0.0,20000.0,0.44040247678018574,0.4539823008849557,0.5375745064065167,0.45475113122171945,0.414225941433284,0.3750074661878128,0.4278491036733748,0,0,5523000.0,0.43488372093023253,0.39678284182305634,3079000.0,0,0,40,560.0
1490,4110000.0,17.0,0.4220779627191293,0.0,60.0,60000.0,0.44040247678018574,0.4539823008849557,0.3971634082048179,0.44281793229643185,0.4230769551118841,0.3965552694677991,0.44519311265006384,1,1,110298000.0,0.43488372093023253,0.47386172006745364,4903000.0,1,0,36,642.0
1491,3130000.0,12.0,0.4747378959928985,0.0,0.0,2730000.0,0.468085106382978,0.4129263913824057,0.476615203163763,0.44281793229643185,0.4511627906899892,0.3721191346526487,0.42220278660777283,0,1,21401000.0,0.45364536453645365,0.44892221180880976,2841000.0,0,0,38,574.0
1492,220000.0,17.0,0.4646406293882584,0.0,0.0,660000.0,0.468085106382978,0.4129263913824057,0.4799991436755424,0.45045045045045046,0.46907216438869503,0.49482456551750875,0.36641942856818427,0,1,895000.0,0.43488372093023253,0.44892221180880976,173000.0,0,0,37,506.0
1493,120000.0,15.0,0.471073469342046,0.0,0.0,60000.0,0.44040247678018574,0.4694783573806881,0.5257384019435941,0.44281793229643185,0.4905583684264643,0.5071462083323844,0.49646711594687815,1,0,761000.0,0.4568764568764569,0.44892221180880976,97000.0,1,1,36,319.0
1494,1020000.0,16.0,0.46341463401227523,82.40884820747522,114.68688024408848,605344.4272445821,0.44040247678018574,0.4539823008849557,0.476615203163763,0.44281793229643185,0.3739186560656616,0.5491139021556548,0.39551727687191446,1,0,16016000.0,0.45364536453645365,0.44892221180880976,1129000.0,1,1,31,458.0
1495,100000.0,3.0,0.3928574872021717,0.0,0.0,0.0,0.40000603415401237,0.4336917562724873,0.3971634082048179,0.45475113122171945,0.4687495951044435,0.43679650911494705,0.5035331693654489,1,1,2294000.0,0.43488372093023253,0.44892221180880976,523000.0,1,0,40,343.0
1496,730000.0,19.0,0.3928574872021717,0.0,0.0,50000.0,0.44040247678018574,0.4539823008849557,0.3971634082048179,0.45475113122171945,0.37758024313602523,0.36975187045665187,0.4407909194105085,1,1,3773000.0,0.45364536453645365,0.44892221180880976,639000.0,1,0,33,373.0
1497,130000.0,17.0,0.4646406293882584,0.0,0.0,0.0,0.45774647887323944,0.4539823008849557,0.5159288114711631,0.45475113122171945,0.493908884521716,0.37737165958551677,0.40571030945850584,0,1,782000.0,0.45364536453645365,0.44892221180880976,172000.0,0,0,37,557.0
1498,5220000.0,16.0,0.44387755113454985,343.0,343.0,940000.0,0.44040247678018574,0.4694783573806881,0.4799991436755424,0.44281793229643185,0.45890407585949666,0.3680899177448659,0.4014334059125707,1,0,79375000.0,0.45364536453645365,0.44892221180880976,4504000.0,1,0,36,650.0
1499,2360000.0,15.0,0.4581005575150995,0.0,0.0,0.0,0.468085106382978,0.4539823008849557,0.3900197525554698,0.45475113122171945,0.4583333330136348,0.36975187045665187,0.44084111937285236,0,0,15902000.0,0.45364536453645365,0.44892221180880976,3471000.0,0,0,37,427.0
1500,160000.0,15.0,0.4646406293882584,999.0,999.0,60000.0,0.44040247678018574,0.4539823008849557,0.3900197525554698,0.45475113122171945,0.4511627906899892,0.3810650946770142,0.45200464380003236,0,0,1285000.0,0.4568764568764569,0.45443645083932854,255000.0,0,0,37,508.0
1501,2560000.0,13.0,0.4747378959928985,82.40884820747522,114.68688024408848,605344.4272445821,0.45774647887323944,0.4694783573806881,0.4415584526838991,0.45475113122171945,0.34356713843530684,0.3965552694677991,0.41047292637935173,1,1,20823000.0,0.4568764568764569,0.39678284182305634,2623000.0,1,0,32,457.0
1502,210000.0,16.0,0.40004455157916113,0.0,0.0,40000.0,0.45774647887323944,0.4539823008849557,0.30013565669860115,0.44281793229643185,0.46907216438869503,0.5106758841242302,0.46016463299084465,0,0,1387000.0,0.45364536453645365,0.39678284182305634,297000.0,0,0,36,489.0
1503,140000.0,15.0,0.4747378959928985,0.0,0.0,10000.0,0.468085106382978,0.4129263913824057,0.44545497076419477,0.45475113122171945,0.43096844666979034,0.37737165958551677,0.490206851056817,0,0,1101000.0,0.4568764568764569,0.39678284182305634,128000.0,0,1,35,600.0
1504,880000.0,15.0,0.44387755113454985,0.0,0.0,110000.0,0.40000603415401237,0.4336917562724873,0.4415584526838991,0.45045045045045046,0.37758024313602523,0.4831631253007048,0.5157460113123283,0,0,4521000.0,0.4568764568764569,0.47386172006745364,1029000.0,0,0,38,540.0
1505,5030000.0,19.0,0.3928574872021717,0.0,0.0,5300000.0,0.44040247678018574,0.4539823008849557,0.4214287402257545,0.45045045045045046,0.3541279498012266,0.40002703158873276,0.4696533706380367,1,0,105324000.0,0.45364536453645365,0.45443645083932854,4687000.0,1,0,33,506.0
1506,120000.0,13.0,0.4906797478948485,0.0,0.0,0.0,0.45774647887323944,0.4694783573806881,0.5165869667180779,0.45475113122171945,0.5031846524456339,0.36975187045665187,0.4764655517659273,0,0,1089000.0,0.43488372093023253,0.47386172006745364,130000.0,0,0,36,559.0
1507,2930000.0,12.0,0.4646406293882584,0.0,0.0,280000.0,0.45774647887323944,0.4336917562724873,0.3971634082048179,0.45433255269320844,0.44230917465915276,0.46721243412305624,0.6100509010581558,0,1,20520000.0,0.4568764568764569,0.44892221180880976,3099000.0,0,0,35,412.0
1508,200000.0,11.0,0.4774317289223725,0.0,0.0,140000.0,0.44040247678018574,0.4694783573806881,0.40571030945850584,0.45475113122171945,0.4687495951044435,0.3750074661878128,0.5233562461236126,1,0,8204000.0,0.45364536453645365,0.45443645083932854,1389000.0,1,0,38,554.0
1509,3360000.0,14.0,0.45885149198403496,10.0,10.0,0.0,0.44040247678018574,0.4694783573806881,0.41581515781000167,0.44281793229643185,0.4511627906899892,0.5164278000280932,0.379712180659019,0,0,68723000.0,0.4568764568764569,0.44892221180880976,4551000.0,0,0,37,802.0
1510,1150000.0,18.0,0.4074136609653927,0.0,0.0,0.0,0.44040247678018574,0.4694783573806881,0.3971634082048179,0.44281793229643185,0.46907216438869503,0.37737165958551677,0.41240204586511464,0,1,5439000.0,0.43488372093023253,0.47386172006745364,1028000.0,0,1,36,392.0
1511,90000.0,19.0,0.44387755113454985,0.0,0.0,20000.0,0.44040247678018574,0.4539823008849557,0.5069442053895509,0.45475113122171945,0.3739186560656616,0.4468949699527549,0.5485893972844256,0,0,841000.0,0.4568764568764569,0.47386172006745364,119000.0,0,1,37,341.0
1512,4410000.0,17.0,0.46341463401227523,0.0,0.0,0.0,0.45774647887323944,0.4539823008849557,0.3931036562142931,0.45475113122171945,0.4905583684264643,0.4339650140059905,0.40571030945850584,0,1,111656000.0,0.43488372093023253,0.45443645083932854,5573000.0,0,0,35,399.0
1513,830000.0,17.0,0.5628080317442733,0.0,0.0,0.0,0.45774647887323944,0.4539823008849557,0.470084171924464,0.44281793229643185,0.4468097890743483,0.40002703158873276,0.4764655517659273,0,0,5061000.0,0.45364536453645365,0.47386172006745364,1070000.0,0,0,36,483.0
1514,4580000.0,18.0,0.471073469342046,0.0,0.0,0.0,0.45774647887323944,0.4336917562724873,0.3971634082048179,0.44281793229643185,0.4687495951044435,0.45677246944372973,0.3156771054360342,1,0,41200000.0,0.4568764568764569,0.44892221180880976,4799000.0,1,0,34,374.0
1515,930000.0,18.0,0.4646406293882584,0.0,0.0,0.0,0.468085106382978,0.4539823008849557,0.46428416000978534,0.45045045045045046,0.45864649596466484,0.40235614355016347,0.45745399554685107,0,1,4295000.0,0.45364536453645365,0.45443645083932854,1154000.0,0,1,34,424.0
1516,130000.0,11.0,0.45885149198403496,0.0,0.0,0.0,0.40000603415401237,0.4539823008849557,0.4799991436755424,0.45475113122171945,0.4511627906899892,0.4444688960343153,0.4425020459775707,0,1,937000.0,0.4568764568764569,0.44892221180880976,116000.0,0,0,37,466.89744512414535
1517,190000.0,11.0,0.4747378959928985,999.0,999.0,50000.0,0.468085106382978,0.4129263913824057,0.5254093931718659,0.45433255269320844,0.3739186560656616,0.3750074661878128,0.4543800115079512,1,1,1337000.0,0.43488372093023253,0.44892221180880976,252000.0,1,0,35,628.0
1518,130000.0,10.0,0.3928574872021717,0.0,0.0,70000.0,0.44040247678018574,0.4129263913824057,0.5069442053895509,0.45475113122171945,0.45890407585949666,0.5183627257078485,0.41047292637935173,1,0,1101000.0,0.4568764568764569,0.39678284182305634,115000.0,1,0,38,405.0
1519,1040000.0,16.0,0.4646406293882584,0.0,0.0,0.0,0.44040247678018574,0.4129263913824057,0.4415584526838991,0.45475113122171945,0.4511627906899892,0.5171573620994421,0.36576674063800674,0,1,10985000.0,0.4568764568764569,0.47386172006745364,1717000.0,0,0,35,325.0
1520,230000.0,13.0,0.46341463401227523,0.0,0.0,0.0,0.44040247678018574,0.4694783573806881,0.5257384019435941,0.45475113122171945,0.5031846524456339,0.41322952719822703,0.4530944584075768,0,0,1967000.0,0.4568764568764569,0.45443645083932854,276000.0,0,0,37,370.0
1521,750000.0,14.0,0.4220779627191293,0.0,0.0,0.0,0.468085106382978,0.4539823008849557,0.3931036562142931,0.45475113122171945,0.46907216438869503,0.5176283236840944,0.45989425850057764,1,0,3943000.0,0.43488372093023253,0.45443645083932854,937000.0,1,1,36,478.0
1522,350000.0,14.0,0.4615356204904945,0.0,0.0,0.0,0.44040247678018574,0.4539823008849557,0.30013565669860115,0.45475113122171945,0.4905583684264643,0.4658901691183491,0.4139523428902476,0,0,1631000.0,0.4568764568764569,0.44892221180880976,295000.0,0,0,35,550.0
1523,750000.0,18.0,0.4220779627191293,82.40884820747522,114.68688024408848,605344.4272445821,0.468085106382978,0.4694783573806881,0.476615203163763,0.44281793229643185,0.5031846524456339,0.4339650140059905,0.3244469103797425,1,0,3954000.0,0.45364536453645365,0.44892221180880976,785000.0,1,0,36,313.0
1524,170000.0,11.0,0.4375202018743684,0.0,0.0,0.0,0.44040247678018574,0.4694783573806881,0.4415584526838991,0.45475113122171945,0.4583333330136348,0.40002703158873276,0.4278491036733748,0,0,3553000.0,0.4568764568764569,0.44892221180880976,512000.0,0,0,38,531.0
1525,4070000.0,15.0,0.4646406293882584,0.0,0.0,4960000.0,0.44040247678018574,0.4694783573806881,0.3931036562142931,0.45045045045045046,0.4583333330136348,0.3680899177448659,0.47190419232428393,0,0,28586000.0,0.4568764568764569,0.45443645083932854,4941000.0,0,0,33,634.0
1526,610000.0,13.0,0.44387755113454985,0.0,0.0,0.0,0.44040247678018574,0.4539823008849557,0.45782858909969404,0.45433255269320844,0.4583333330136348,0.5491139021556548,0.4789986557881242,0,0,3674000.0,0.4568764568764569,0.44892221180880976,493000.0,0,0,39,466.89744512414535
1527,180000.0,15.0,0.4581005575150995,0.0,0.0,0.0,0.45774647887323944,0.4129263913824057,0.3971634082048179,0.44281793229643185,0.45890407585949666,0.45677246944372973,0.3758582472222368,0,1,826000.0,0.4568764568764569,0.44892221180880976,148000.0,0,1,35,447.0
1528,230000.0,3.0,0.49269077310150705,347.0,347.0,450000.0,0.44040247678018574,0.4539823008849557,0.5254093931718659,0.44281793229643185,0.4687495951044435,0.46365822718746796,0.5134854957775883,0,1,3491000.0,0.4568764568764569,0.44892221180880976,482000.0,0,0,40,316.0
1529,210000.0,14.0,0.45453917520963155,0.0,0.0,0.0,0.44040247678018574,0.4539823008849557,0.5257384019435941,0.45433255269320844,0.4468097890743483,0.4339650140059905,0.4270121893767379,0,1,2805000.0,0.43488372093023253,0.44892221180880976,418000.0,0,0,38,367.0
1530,3000000.0,16.0,0.5065614987246854,0.0,0.0,0.0,0.44040247678018574,0.4694783573806881,0.36271363783177113,0.45475113122171945,0.44230917465915276,0.45192239757482366,0.5157460113123283,0,0,21802000.0,0.43488372093023253,0.44892221180880976,5328000.0,0,1,35,527.0
1531,1120000.0,2.0,0.471073469342046,82.40884820747522,114.68688024408848,0.0,0.44040247678018574,0.4694783573806881,0.4799991436755424,0.44281793229643185,0.4230769551118841,0.4395681403885853,0.4270121893767379,0,0,6000000.0,0.4568764568764569,0.44892221180880976,954000.0,0,1,32,674.0
1532,220000.0,18.0,0.4668770371178462,0.0,0.0,0.0,0.45774647887323944,0.4129263913824057,0.5363528439845596,0.44281793229643185,0.45864649596466484,0.4859069669135048,0.4543800115079512,0,0,1046000.0,0.43488372093023253,0.44892221180880976,179000.0,0,0,36,401.0
1533,2200000.0,18.0,0.3928574872021717,0.0,30.0,0.0,0.44040247678018574,0.4539823008849557,0.3442355460389141,0.44281793229643185,0.414225941433284,0.4339650140059905,0.5363489679286931,0,1,10054000.0,0.45364536453645365,0.44892221180880976,1911000.0,0,0,36,384.0
1534,150000.0,10.0,0.4581005575150995,0.0,0.0,0.0,0.45774647887323944,0.4694783573806881,0.48253847709585634,0.44281793229643185,0.43697478992002986,0.5183627257078485,0.37192363309077975,0,0,1058000.0,0.43488372093023253,0.44892221180880976,146000.0,0,0,37,469.0
1535,1350000.0,18.0,0.44387755113454985,82.40884820747522,114.68688024408848,0.0,0.45774647887323944,0.4539823008849557,0.4268739712093834,0.45045045045045046,0.3739186560656616,0.40002703158873276,0.45200464380003236,0,0,6794000.0,0.43488372093023253,0.39678284182305634,1734000.0,0,0,35,561.0
1536,1130000.0,13.0,0.4360903840722853,82.40884820747522,114.68688024408848,605344.4272445821,0.44040247678018574,0.4336917562724873,0.5363528439845596,0.45433255269320844,0.46907216438869503,0.3680899177448659,0.45989425850057764,0,0,7982000.0,0.45364536453645365,0.45443645083932854,1254000.0,0,1,39,496.0
1537,140000.0,12.0,0.4581005575150995,0.0,0.0,0.0,0.45774647887323944,0.4129263913824057,0.4799991436755424,0.45433255269320844,0.3739186560656616,0.46365822718746796,0.4696533706380367,0,0,6013000.0,0.45364536453645365,0.47386172006745364,157000.0,0,1,39,511.0
1538,590000.0,16.0,0.4747378959928985,0.0,0.0,0.0,0.45774647887323944,0.4539823008849557,0.45200464380003236,0.45475113122171945,0.44230917465915276,0.3965552694677991,0.4270121893767379,0,0,8849000.0,0.43488372093023253,0.44892221180880976,467000.0,0,1,35,530.0
1539,220000.0,13.0,0.45453917520963155,0.0,0.0,605344.4272445821,0.44040247678018574,0.4336917562724873,0.4485294151733482,0.45433255269320844,0.46907216438869503,0.5164278000280932,0.47861847593310247,0,0,1829000.0,0.4568764568764569,0.44892221180880976,298000.0,0,0,39,437.0
1540,110000.0,14.0,0.4774317289223725,0.0,0.0,605344.4272445821,0.44040247678018574,0.4539823008849557,0.4214287402257545,0.44281793229643185,0.43697478992002986,0.46365822718746796,0.490206851056817,0,0,669000.0,0.4568764568764569,0.39678284182305634,90000.0,0,0,38,316.0
1541,1250000.0,21.0,0.4360903840722853,0.0,0.0,40000.0,0.44040247678018574,0.4129263913824057,0.45782858909969404,0.45045045045045046,0.37758024313602523,0.3810650946770142,0.518598179506269,1,0,10604000.0,0.45364536453645365,0.47386172006745364,3215000.0,1,0,39,449.0
1542,2210000.0,11.0,0.4615356204904945,0.0,0.0,0.0,0.45774647887323944,0.4539823008849557,0.4121240088339391,0.45475113122171945,0.37758024313602523,0.3965552694677991,0.42220278660777283,0,0,65095000.0,0.43488372093023253,0.44892221180880976,3240000.0,0,0,38,701.0
1543,160000.0,10.0,0.583862843505718,0.0,0.0,0.0,0.45774647887323944,0.4539823008849557,0.476615203163763,0.45045045045045046,0.43697478992002986,0.4444688960343153,0.45200464380003236,0,0,9078000.0,0.4568764568764569,0.47386172006745364,1222000.0,0,0,36,370.0
1544,130000.0,10.0,0.5065614987246854,0.0,0.0,3450000.0,0.44040247678018574,0.4694783573806881,0.4956486747857908,0.45045045045045046,0.43697478992002986,0.379712180659019,0.4543800115079512,0,1,692000.0,0.43488372093023253,0.44892221180880976,104000.0,0,1,38,644.0
1545,590000.0,19.0,0.471073469342046,0.0,0.0,0.0,0.44040247678018574,0.4539823008849557,0.470084171924464,0.45475113122171945,0.4687495951044435,0.5171573620994421,0.4545481381730755,0,0,3239000.0,0.45364536453645365,0.44892221180880976,659000.0,0,0,35,364.0
1546,1620000.0,15.0,0.583862843505718,0.0,0.0,180000.0,0.44040247678018574,0.4129263913824057,0.5069442053895509,0.44281793229643185,0.43697478992002986,0.49482456551750875,0.48822655398093273,0,0,15806000.0,0.45364536453645365,0.47386172006745364,2694000.0,0,0,34,447.0
1547,160000.0,17.0,0.4844907454931315,660.0,660.0,340000.0,0.45774647887323944,0.4539823008849557,0.3931036562142931,0.45475113122171945,0.3739186560656616,0.49482456551750875,0.6100509010581558,0,0,1266000.0,0.4568764568764569,0.44892221180880976,205000.0,0,0,38,422.0
1548,2930000.0,13.0,0.4074136609653927,0.0,0.0,80000.0,0.45774647887323944,0.4129263913824057,0.46428416000978534,0.44281793229643185,0.43096844666979034,0.45560844252904975,0.46016463299084465,1,0,14509000.0,0.43488372093023253,0.44892221180880976,2710000.0,1,1,38,531.0
1549,440000.0,17.0,0.4706709757445273,0.0,0.0,100000.0,0.44040247678018574,0.4336917562724873,0.3971634082048179,0.4106715025408491,0.414225941433284,0.3965552694677991,0.31886873294614065,1,1,3100000.0,0.45364536453645365,0.44892221180880976,659000.0,1,1,35,515.0
1550,150000.0,12.0,0.5628080317442733,0.0,0.0,0.0,0.45774647887323944,0.4694783573806881,0.5363528439845596,0.45475113122171945,0.5063919873437158,0.45192239757482366,0.4332390300357073,0,1,1135000.0,0.45364536453645365,0.39678284182305634,134000.0,0,0,37,392.0
1551,940000.0,16.0,0.4646406293882584,0.0,30.0,0.0,0.45774647887323944,0.4539823008849557,0.5363528439845596,0.45045045045045046,0.4687495951044435,0.40002703158873276,0.4543800115079512,0,0,5678000.0,0.4568764568764569,0.45443645083932854,1205000.0,0,0,33,485.0
1552,2140000.0,27.0,0.3971634082048179,0.0,0.0,0.0,0.44040247678018574,0.4694783573806881,0.4415584526838991,0.44281793229643185,0.3541279498012266,0.3810650946770142,0.37192363309077975,1,0,17189000.0,0.4568764568764569,0.44892221180880976,3333000.0,1,0,39,403.0
1553,210000.0,17.0,0.4668770371178462,0.0,0.0,0.0,0.45774647887323944,0.4694783573806881,0.5069442053895509,0.45433255269320844,0.45864649596466484,0.36975187045665187,0.5363323525802142,0,0,1181000.0,0.43488372093023253,0.44892221180880976,237000.0,0,0,36,520.0
1554,1550000.0,19.0,0.3892717187010617,0.0,0.0,1710000.0,0.44040247678018574,0.4539823008849557,0.5069442053895509,0.45045045045045046,0.44230917465915276,0.36975187045665187,0.46016463299084465,1,1,9928000.0,0.45364536453645365,0.44892221180880976,3056000.0,1,1,41,478.0
1555,170000.0,10.0,0.4360903840722853,0.0,0.0,605344.4272445821,0.44040247678018574,0.4336917562724873,0.5257384019435941,0.45475113122171945,0.4230769551118841,0.379712180659019,0.4270121893767379,0,0,1347000.0,0.45364536453645365,0.45443645083932854,141000.0,0,0,37,404.0
1556,320000.0,10.0,0.4220779627191293,9.0,9.0,2440000.0,0.45774647887323944,0.4694783573806881,0.43902472242345825,0.44281793229643185,0.4511627906899892,0.37737165958551677,0.36641942856818427,1,0,2476000.0,0.45364536453645365,0.47386172006745364,415000.0,1,0,39,460.0
1557,1610000.0,4.0,0.49269077310150705,82.40884820747522,114.68688024408848,0.0,0.45774647887323944,0.4539823008849557,0.4415584526838991,0.45475113122171945,0.34356713843530684,0.5071462083323844,0.41315158258670154,0,1,4741000.0,0.43488372093023253,0.45443645083932854,1698000.0,0,1,32,491.0
1558,150000.0,13.0,0.3928574872021717,0.0,7.0,20000.0,0.45774647887323944,0.4694783573806881,0.5257384019435941,0.44281793229643185,0.5031846524456339,0.531814720884261,0.4106715025408491,0,1,1204000.0,0.43488372093023253,0.44892221180880976,129000.0,0,1,39,315.0
1559,1280000.0,19.0,0.4581005575150995,0.0,0.0,120000.0,0.45774647887323944,0.4694783573806881,0.5165869667180779,0.45045045045045046,0.4583333330136348,0.4321363669380822,0.44519311265006384,1,0,6676000.0,0.45364536453645365,0.47386172006745364,1456000.0,1,0,34,549.0
1560,5150000.0,17.0,0.3971634082048179,0.0,0.0,130000.0,0.44040247678018574,0.4129263913824057,0.4214287402257545,0.45433255269320844,0.45890407585949666,0.5171573620994421,0.4545481381730755,0,0,32401000.0,0.43488372093023253,0.47386172006745364,5577000.0,0,0,36,466.89744512414535
1561,250000.0,15.0,0.4220779627191293,103.0,289.0,90000.0,0.44040247678018574,0.4539823008849557,0.4415584526838991,0.45433255269320844,0.4905583684264643,0.531814720884261,0.5023579265365139,0,1,4050000.0,0.43488372093023253,0.47386172006745364,295000.0,0,1,36,318.0
1562,190000.0,13.0,0.4360903840722853,0.0,0.0,605344.4272445821,0.45774647887323944,0.4694783573806881,0.5363528439845596,0.44281793229643185,0.4511627906899892,0.49482456551750875,0.49141635626861524,0,0,2038000.0,0.45364536453645365,0.44892221180880976,296000.0,0,0,40,354.0
1563,1580000.0,19.0,0.5628080317442733,0.0,0.0,0.0,0.44040247678018574,0.4694783573806881,0.5056772402445142,0.45045045045045046,0.5031846524456339,0.45331529430883266,0.37192363309077975,1,0,9335000.0,0.45364536453645365,0.47386172006745364,1449000.0,1,0,31,730.0
1564,200000.0,12.0,0.46341463401227523,0.0,180.0,50000.0,0.44040247678018574,0.4694783573806881,0.4415584526838991,0.45433255269320844,0.5606727833398578,0.48068087923257147,0.5206039028578782,1,0,2198000.0,0.45364536453645365,0.45443645083932854,323000.0,1,0,35,398.0
1565,2010000.0,10.0,0.3928574872021717,82.40884820747522,114.68688024408848,0.0,0.44040247678018574,0.4694783573806881,0.5069442053895509,0.44281793229643185,0.37758024313602523,0.5106758841242302,0.36719335159199484,0,0,12797000.0,0.45364536453645365,0.44892221180880976,2563000.0,0,0,37,495.0
1566,5290000.0,13.0,0.40004455157916113,0.0,0.0,0.0,0.44040247678018574,0.4694783573806881,0.3931036562142931,0.44281793229643185,0.414225941433284,0.4444688960343153,0.40806474591452696,0,0,45141000.0,0.43488372093023253,0.47386172006745364,4664000.0,0,0,33,347.0
1567,500000.0,11.0,0.3971634082048179,0.0,0.0,0.0,0.45774647887323944,0.4539823008849557,0.3931036562142931,0.44281793229643185,0.4468097890743483,0.37737165958551677,0.4332390300357073,0,0,2729000.0,0.45364536453645365,0.45443645083932854,420000.0,0,0,39,466.89744512414535
1568,220000.0,14.0,0.4906797478948485,0.0,0.0,0.0,0.45774647887323944,0.4539823008849557,0.3931036562142931,0.45475113122171945,0.4835606203192975,0.41322952719822703,0.36576674063800674,0,0,1581000.0,0.43488372093023253,0.45443645083932854,233000.0,0,0,38,460.0
1569,1090000.0,10.0,0.4074136609653927,0.0,2.0,2860000.0,0.45774647887323944,0.4694783573806881,0.5069442053895509,0.44281793229643185,0.4468097890743483,0.40002703158873276,0.3156771054360342,0,1,43242000.0,0.45364536453645365,0.44892221180880976,3341000.0,0,0,39,505.0
1570,530000.0,18.0,0.5065614987246854,0.0,0.0,260000.0,0.44040247678018574,0.4539823008849557,0.46428416000978534,0.45475113122171945,0.4583333330136348,0.3750074661878128,0.3580839468498659,1,1,4215000.0,0.43488372093023253,0.45443645083932854,557000.0,1,1,33,612.0
1571,2120000.0,18.0,0.3971634082048179,0.0,0.0,0.0,0.468085106382978,0.4539823008849557,0.46428416000978534,0.44281793229643185,0.4604834864076457,0.4321363669380822,0.4696533706380367,0,0,8891000.0,0.43488372093023253,0.45443645083932854,1697000.0,0,1,33,411.0
1572,240000.0,12.0,0.35775698265868106,82.40884820747522,114.68688024408848,605344.4272445821,0.45774647887323944,0.4694783573806881,0.4214287402257545,0.45475113122171945,0.37758024313602523,0.3810650946770142,0.49141635626861524,0,1,1403000.0,0.4568764568764569,0.44892221180880976,233000.0,0,0,36,562.0
1573,1390000.0,13.0,0.44387755113454985,82.40884820747522,114.68688024408848,605344.4272445821,0.45774647887323944,0.4694783573806881,0.4214287402257545,0.45475113122171945,0.43096844666979034,0.49482456551750875,0.4696533706380367,0,1,7041000.0,0.43488372093023253,0.45443645083932854,1757000.0,0,0,35,478.0
1574,4130000.0,14.0,0.40004455157916113,0.0,0.0,0.0,0.468085106382978,0.4539823008849557,0.44545497076419477,0.44281793229643185,0.37758024313602523,0.4658901691183491,0.44084111937285236,1,0,63947000.0,0.43488372093023253,0.47386172006745364,4921000.0,1,0,35,480.0
1575,1480000.0,13.0,0.4360903840722853,0.0,0.0,0.0,0.40000603415401237,0.4539823008849557,0.3442355460389141,0.45045045045045046,0.4468097890743483,0.45331529430883266,0.40571030945850584,0,0,8802000.0,0.4568764568764569,0.45443645083932854,1569000.0,0,0,36,550.0
1576,1430000.0,15.0,0.4615356204904945,0.0,0.0,1830000.0,0.45774647887323944,0.4129263913824057,0.30013565669860115,0.44281793229643185,0.4511627906899892,0.45192239757482366,0.4014334059125707,0,0,7408000.0,0.43488372093023253,0.45443645083932854,1205000.0,0,1,34,407.0
1577,830000.0,14.0,0.4615356204904945,0.0,0.0,0.0,0.45774647887323944,0.4539823008849557,0.43902472242345825,0.45475113122171945,0.43697478992002986,0.531814720884261,0.4332390300357073,1,0,7203000.0,0.43488372093023253,0.47386172006745364,886000.0,1,0,32,428.0
1578,1140000.0,13.0,0.4774317289223725,0.0,0.0,0.0,0.45774647887323944,0.4129263913824057,0.3900197525554698,0.45045045045045046,0.4511627906899892,0.46365822718746796,0.49646711594687815,0,1,11271000.0,0.43488372093023253,0.44892221180880976,2164000.0,0,0,37,611.0
1579,2950000.0,12.0,0.40004455157916113,82.40884820747522,114.68688024408848,605344.4272445821,0.45774647887323944,0.4129263913824057,0.4268739712093834,0.45475113122171945,0.414225941433284,0.43679650911494705,0.4653190175668822,0,0,29033000.0,0.45364536453645365,0.45443645083932854,2598000.0,0,0,39,408.0
1580,1680000.0,13.0,0.4360903840722853,0.0,0.0,0.0,0.45774647887323944,0.4336917562724873,0.3931036562142931,0.44281793229643185,0.414225941433284,0.5164278000280932,0.4543800115079512,0,0,8687000.0,0.43488372093023253,0.44892221180880976,2223000.0,0,0,37,511.0
1581,5050000.0,18.0,0.46341463401227523,0.0,0.0,0.0,0.44040247678018574,0.4694783573806881,0.5254093931718659,0.44281793229643185,0.4835606203192975,0.5171573620994421,0.3244469103797425,1,1,53243000.0,0.43488372093023253,0.44892221180880976,4745000.0,1,0,35,437.0
1582,1330000.0,21.0,0.4498690306228219,0.0,0.0,605344.4272445821,0.45774647887323944,0.4129263913824057,0.43902472242345825,0.45045045045045046,0.37758024313602523,0.5164278000280932,0.4696533706380367,0,1,8696000.0,0.43488372093023253,0.44892221180880976,3143000.0,0,0,39,376.0
1583,220000.0,14.0,0.3928574872021717,0.0,0.0,0.0,0.44040247678018574,0.4336917562724873,0.470084171924464,0.45475113122171945,0.4687495951044435,0.3750074661878128,0.5059471983688024,1,0,9228000.0,0.45364536453645365,0.39678284182305634,1776000.0,1,0,37,377.0
1584,170000.0,13.0,0.46341463401227523,0.0,0.0,0.0,0.44040247678018574,0.4539823008849557,0.4415584526838991,0.45475113122171945,0.4511627906899892,0.5491139021556548,0.5009630346757856,0,0,1456000.0,0.4568764568764569,0.44892221180880976,148000.0,0,0,37,387.0
1585,910000.0,12.0,0.4360903840722853,0.0,0.0,170000.0,0.45774647887323944,0.4539823008849557,0.3931036562142931,0.45475113122171945,0.43096844666979034,0.531814720884261,0.42220278660777283,0,0,11479000.0,0.4568764568764569,0.44892221180880976,1593000.0,0,0,39,352.0
1586,170000.0,11.0,0.471073469342046,377.0,377.0,30000.0,0.44040247678018574,0.4129263913824057,0.476615203163763,0.44281793229643185,0.4687495951044435,0.46721243412305624,0.40806474591452696,0,0,23190000.0,0.4568764568764569,0.47386172006745364,4377000.0,0,0,36,413.0
1587,120000.0,3.0,0.45453917520963155,0.0,0.0,50000.0,0.45774647887323944,0.4539823008849557,0.5363528439845596,0.45045045045045046,0.4604834864076457,0.5171573620994421,0.5059471983688024,1,0,3837000.0,0.4568764568764569,0.45443645083932854,814000.0,1,0,41,300.0
1588,540000.0,13.0,0.46341463401227523,0.0,0.0,0.0,0.45774647887323944,0.4694783573806881,0.46428416000978534,0.45475113122171945,0.45864649596466484,0.5164278000280932,0.5485893972844256,0,0,4527000.0,0.45364536453645365,0.44892221180880976,686000.0,0,1,37,324.0
1589,560000.0,18.0,0.3928574872021717,1.0,1.0,240000.0,0.45774647887323944,0.4539823008849557,0.4485294151733482,0.45433255269320844,0.4511627906899892,0.4339650140059905,0.42220278660777283,0,0,3073000.0,0.4568764568764569,0.45443645083932854,417000.0,0,1,34,525.0
1590,300000.0,14.0,0.45453917520963155,0.0,0.0,0.0,0.45774647887323944,0.4539823008849557,0.3931036562142931,0.44281793229643185,0.4687495951044435,0.4757214900689184,0.45900943855115717,0,1,670000.0,0.45364536453645365,0.45443645083932854,358000.0,0,1,34,295.0
1591,180000.0,13.0,0.44387755113454985,0.0,24.0,0.0,0.45774647887323944,0.4539823008849557,0.3971634082048179,0.44281793229643185,0.5063919873437158,0.4831631253007048,0.48822655398093273,0,0,1631000.0,0.4568764568764569,0.45443645083932854,220000.0,0,0,39,407.0
1592,230000.0,28.0,0.45453917520963155,1.0,0.0,20000.0,0.45774647887323944,0.4539823008849557,0.3971634082048179,0.45475113122171945,0.4583333330136348,0.5171573620994421,0.44519311265006384,0,0,1032000.0,0.45364536453645365,0.39678284182305634,259000.0,0,1,39,489.0
1593,300000.0,17.0,0.4220779627191293,82.40884820747522,114.68688024408848,0.0,0.44040247678018574,0.4694783573806881,0.46428416000978534,0.45475113122171945,0.417393662751422,0.36975187045665187,0.5157460113123283,0,0,1658000.0,0.4568764568764569,0.44892221180880976,305000.0,0,1,35,326.0
1594,230000.0,13.0,0.46341463401227523,333.0,333.0,140000.0,0.44040247678018574,0.4539823008849557,0.5254093931718659,0.44281793229643185,0.46907216438869503,0.4321363669380822,0.4014334059125707,1,1,8394000.0,0.45364536453645365,0.47386172006745364,1736000.0,1,0,39,553.0
1595,730000.0,35.0,0.3971634082048179,0.0,0.0,8990000.0,0.45774647887323944,0.4539823008849557,0.4415584526838991,0.45475113122171945,0.43697478992002986,0.4395681403885853,0.5247762159801056,0,0,44813000.0,0.4568764568764569,0.44892221180880976,690000.0,0,1,39,485.0
1596,430000.0,13.0,0.4844907454931315,0.0,0.0,0.0,0.44040247678018574,0.4336917562724873,0.3900197525554698,0.44281793229643185,0.414225941433284,0.3810650946770142,0.4037095629016318,0,0,1831000.0,0.43488372093023253,0.44892221180880976,304000.0,0,1,36,389.0
1597,160000.0,11.0,0.4360903840722853,294.0,294.0,20000.0,0.44040247678018574,0.4694783573806881,0.3931036562142931,0.44281793229643185,0.5315593642552221,0.40002703158873276,0.44169753216105057,0,0,14440000.0,0.45364536453645365,0.44892221180880976,1946000.0,0,0,37,645.0
1598,100000.0,12.0,0.4278491036733748,0.0,0.0,0.0,0.45774647887323944,0.4539823008849557,0.3931036562142931,0.45475113122171945,0.414225941433284,0.5164278000280932,0.4332390300357073,0,1,1093000.0,0.45364536453645365,0.45443645083932854,107000.0,0,0,36,420.0
1599,130000.0,11.0,0.4774317289223725,658.0,658.0,40000.0,0.44040247678018574,0.4336917562724873,0.4415584526838991,0.45475113122171945,0.43697478992002986,0.4321363669380822,0.42220278660777283,0,0,2148000.0,0.45364536453645365,0.47386172006745364,299000.0,0,0,37,466.89744512414535
1600,910000.0,13.0,0.4646406293882584,397.0,397.0,90000.0,0.45774647887323944,0.4694783573806881,0.5375745064065167,0.45475113122171945,0.44230917465915276,0.4321363669380822,0.40571030945850584,0,0,18223000.0,0.43488372093023253,0.44892221180880976,2630000.0,0,0,38,361.0
1601,1090000.0,11.0,0.3971634082048179,0.0,0.0,0.0,0.45774647887323944,0.4694783573806881,0.4415584526838991,0.45475113122171945,0.46907216438869503,0.379712180659019,0.5363489679286931,0,0,10204000.0,0.43488372093023253,0.44892221180880976,1421000.0,0,0,37,526.0
1602,180000.0,13.0,0.35775698265868106,82.40884820747522,114.68688024408848,605344.4272445821,0.44040247678018574,0.4336917562724873,0.3931036562142931,0.4106715025408491,0.45890407585949666,0.40235614355016347,0.40571030945850584,1,1,50433000.0,0.4568764568764569,0.39678284182305634,3560000.0,1,0,38,460.0
1603,220000.0,10.0,0.3904954284948803,0.0,0.0,0.0,0.44040247678018574,0.4694783573806881,0.43902472242345825,0.45475113122171945,0.46907216438869503,0.4859069669135048,0.3270423716835601,1,0,78000.0,0.4568764568764569,0.44892221180880976,377000.0,1,1,33,381.0
1604,180000.0,13.0,0.45453917520963155,0.0,180.0,30000.0,0.44040247678018574,0.4129263913824057,0.43902472242345825,0.45433255269320844,0.3739186560656616,0.36975187045665187,0.5134854957775883,0,0,1591000.0,0.43488372093023253,0.44892221180880976,196000.0,0,0,37,472.0
1605,750000.0,12.0,0.4844907454931315,153.0,153.0,0.0,0.45774647887323944,0.4694783573806881,0.5159288114711631,0.44281793229643185,0.5031846524456339,0.36975187045665187,0.49315734568265995,1,0,7114000.0,0.4568764568764569,0.47386172006745364,917000.0,1,1,38,375.0
1606,170000.0,3.0,0.4906797478948485,227.0,227.0,90000.0,0.45774647887323944,0.4694783573806881,0.3900197525554698,0.45475113122171945,0.4583333330136348,0.3721191346526487,0.5081959184294307,1,0,1341000.0,0.45364536453645365,0.45443645083932854,292000.0,1,0,40,392.0
1607,160000.0,24.0,0.44387755113454985,0.0,0.0,0.0,0.44040247678018574,0.4694783573806881,0.5254093931718659,0.45433255269320844,0.4583333330136348,0.49482456551750875,0.4545481381730755,0,0,2302000.0,0.43488372093023253,0.47386172006745364,222000.0,0,1,38,699.0
1608,3500000.0,13.0,0.4498690306228219,0.0,0.0,0.0,0.45774647887323944,0.4129263913824057,0.5069442053895509,0.44281793229643185,0.4583333330136348,0.4859069669135048,0.348329989309645,0,0,83257000.0,0.4568764568764569,0.44892221180880976,2979000.0,0,0,37,483.0
1609,3920000.0,14.0,0.3928574872021717,64.0,64.0,1080000.0,0.45774647887323944,0.4129263913824057,0.470084171924464,0.45045045045045046,0.46907216438869503,0.3750074661878128,0.490206851056817,0,0,17193000.0,0.4568764568764569,0.44892221180880976,3305000.0,0,0,34,506.0
1610,200000.0,11.0,0.5628080317442733,0.0,0.0,0.0,0.468085106382978,0.4129263913824057,0.4268739712093834,0.45433255269320844,0.5031846524456339,0.46721243412305624,0.5247762159801056,0,0,2777000.0,0.45364536453645365,0.47386172006745364,396000.0,0,0,37,322.0
1611,170000.0,10.0,0.5065614987246854,0.0,0.0,0.0,0.45774647887323944,0.4694783573806881,0.45200464380003236,0.45433255269320844,0.4905583684264643,0.36975187045665187,0.4505327389584535,0,1,1035000.0,0.45364536453645365,0.45443645083932854,181000.0,0,1,37,332.0
1612,120000.0,13.0,0.44387755113454985,0.0,0.0,605344.4272445821,0.44040247678018574,0.4539823008849557,0.5257384019435941,0.45045045045045046,0.414225941433284,0.5171573620994421,0.45200464380003236,0,0,970000.0,0.45364536453645365,0.47386172006745364,121000.0,0,0,37,324.0
1613,90000.0,10.0,0.4646406293882584,0.0,0.0,50000.0,0.45774647887323944,0.4336917562724873,0.4485294151733482,0.45045045045045046,0.45890407585949666,0.3810650946770142,0.5157460113123283,0,0,966000.0,0.45364536453645365,0.45443645083932854,90000.0,0,1,36,414.0
1614,940000.0,16.0,0.35775698265868106,0.0,0.0,0.0,0.45774647887323944,0.4539823008849557,0.38083308316558756,0.44281793229643185,0.4905583684264643,0.5164278000280932,0.40201973495344345,1,0,4124000.0,0.43488372093023253,0.45443645083932854,891000.0,1,1,36,602.0
1615,1010000.0,10.0,0.35775698265868106,0.0,2.0,210000.0,0.44040247678018574,0.4694783573806881,0.4799991436755424,0.45433255269320844,0.45890407585949666,0.3750074661878128,0.45989425850057764,1,0,409722000.0,0.43488372093023253,0.44892221180880976,2912000.0,1,0,39,727.0
1616,2420000.0,3.0,0.44387755113454985,0.0,0.0,0.0,0.45774647887323944,0.4539823008849557,0.40571030945850584,0.44281793229643185,0.37758024313602523,0.5176283236840944,0.40806474591452696,0,0,424808000.0,0.4568764568764569,0.44892221180880976,4471000.0,0,0,31,505.0
1617,190000.0,15.0,0.471073469342046,0.0,0.0,0.0,0.45774647887323944,0.4694783573806881,0.30013565669860115,0.45475113122171945,0.43697478992002986,0.40002703158873276,0.39551727687191446,0,1,992000.0,0.43488372093023253,0.44892221180880976,200000.0,0,0,37,556.0
1618,260000.0,13.0,0.4844907454931315,0.0,0.0,0.0,0.45774647887323944,0.4539823008849557,0.5165869667180779,0.45475113122171945,0.45890407585949666,0.3721191346526487,0.4789986557881242,0,0,2156000.0,0.45364536453645365,0.45443645083932854,275000.0,0,1,39,584.0
1619,2350000.0,3.0,0.46341463401227523,30.0,30.0,250000.0,0.45774647887323944,0.4539823008849557,0.5069442053895509,0.45475113122171945,0.4468097890743483,0.5071462083323844,0.41240204586511464,0,0,597000.0,0.43488372093023253,0.47386172006745364,2314000.0,0,1,31,528.0
1620,200000.0,13.0,0.46341463401227523,90.0,0.0,430000.0,0.468085106382978,0.4129263913824057,0.4415584526838991,0.44281793229643185,0.4511627906899892,0.4321363669380822,0.4769970982233268,0,1,6575000.0,0.43488372093023253,0.45443645083932854,965000.0,0,0,38,461.0
1621,140000.0,8.0,0.4468949699527549,0.0,0.0,1170000.0,0.45774647887323944,0.4129263913824057,0.46428416000978534,0.44281793229643185,0.4511627906899892,0.4859069669135048,0.47514234773523084,0,0,6775000.0,0.45364536453645365,0.44892221180880976,133000.0,0,1,39,549.0
1622,2280000.0,3.0,0.45885149198403496,82.40884820747522,114.68688024408848,0.0,0.44040247678018574,0.4694783573806881,0.4415584526838991,0.45433255269320844,0.3739186560656616,0.5164278000280932,0.4653190175668822,1,0,8205000.0,0.43488372093023253,0.47386172006745364,2132000.0,1,0,32,537.0
1623,90000.0,17.0,0.5628080317442733,82.40884820747522,114.68688024408848,0.0,0.40000603415401237,0.4694783573806881,0.4214287402257545,0.45045045045045046,0.43697478992002986,0.4339650140059905,0.40571030945850584,0,1,730000.0,0.4568764568764569,0.47386172006745364,108000.0,0,0,37,397.0
1624,5710000.0,17.0,0.471073469342046,0.0,0.0,420000.0,0.45774647887323944,0.4336917562724873,0.3900197525554698,0.45045045045045046,0.43096844666979034,0.45192239757482366,0.348329989309645,0,1,64084000.0,0.45364536453645365,0.39678284182305634,5550000.0,0,0,37,492.0
1625,190000.0,12.0,0.44387755113454985,1914.0,1914.0,2050000.0,0.44040247678018574,0.4694783573806881,0.43902472242345825,0.44281793229643185,0.4687495951044435,0.36975187045665187,0.5233562461236126,1,1,3291000.0,0.43488372093023253,0.39678284182305634,551000.0,1,0,37,564.0
1626,160000.0,14.0,0.44387755113454985,0.0,0.0,90000.0,0.44040247678018574,0.4129263913824057,0.3971634082048179,0.44281793229643185,0.4687495951044435,0.40002703158873276,0.45200464380003236,0,0,68000.0,0.43488372093023253,0.44892221180880976,1037000.0,0,1,39,352.0
1627,230000.0,13.0,0.44387755113454985,0.0,0.0,0.0,0.44040247678018574,0.4694783573806881,0.416387268320036,0.45045045045045046,0.4604834864076457,0.3965552694677991,0.4270121893767379,0,0,1216000.0,0.45364536453645365,0.39678284182305634,241000.0,0,0,35,359.0
1628,1110000.0,19.0,0.4360903840722853,82.40884820747522,114.68688024408848,0.0,0.44040247678018574,0.4539823008849557,0.38083308316558756,0.45433255269320844,0.43697478992002986,0.3965552694677991,0.45745399554685107,0,1,5114000.0,0.4568764568764569,0.47386172006745364,1169000.0,0,1,32,401.0
1629,5170000.0,14.0,0.3928574872021717,0.0,0.0,0.0,0.44040247678018574,0.4539823008849557,0.3931036562142931,0.45475113122171945,0.4687495951044435,0.4444688960343153,0.44519311265006384,0,1,29255000.0,0.4568764568764569,0.44892221180880976,5375000.0,0,0,35,480.0
1630,400000.0,13.0,0.4747378959928985,468.0,468.0,60000.0,0.44040247678018574,0.4539823008849557,0.4415584526838991,0.44281793229643185,0.5315593642552221,0.46365822718746796,0.5247762159801056,1,0,2472000.0,0.45364536453645365,0.45443645083932854,530000.0,1,1,33,512.0
1631,1070000.0,40.0,0.46341463401227523,0.0,0.0,290000.0,0.45774647887323944,0.4694783573806881,0.4799991436755424,0.45045045045045046,0.5063919873437158,0.5171573620994421,0.490206851056817,0,0,2295000.0,0.45364536453645365,0.39678284182305634,1095000.0,0,1,39,728.0
1632,180000.0,11.0,0.4074136609653927,0.0,0.0,605344.4272445821,0.44040247678018574,0.4694783573806881,0.5069442053895509,0.45045045045045046,0.43096844666979034,0.43574970796090917,0.3580839468498659,0,0,23399000.0,0.45364536453645365,0.44892221180880976,3463000.0,0,0,38,588.0
1633,190000.0,13.0,0.49269077310150705,0.0,0.0,70000.0,0.45774647887323944,0.4694783573806881,0.4214287402257545,0.45475113122171945,0.45890407585949666,0.5217257015040757,0.42220278660777283,0,0,1872000.0,0.4568764568764569,0.44892221180880976,275000.0,0,0,37,370.0
1634,220000.0,10.0,0.45453917520963155,1129.0,1129.0,80000.0,0.44040247678018574,0.4694783573806881,0.5069442053895509,0.44281793229643185,0.46907216438869503,0.40235614355016347,0.4769970982233268,0,0,2056000.0,0.45364536453645365,0.44892221180880976,299000.0,0,0,36,496.0
1635,120000.0,3.0,0.44387755113454985,1264.0,1264.0,460000.0,0.44040247678018574,0.4694783573806881,0.45782858909969404,0.45433255269320844,0.4687495951044435,0.531814720884261,0.39896986903151255,1,0,520000.0,0.43488372093023253,0.45443645083932854,121000.0,1,1,39,466.89744512414535
1636,910000.0,15.0,0.35775698265868106,0.0,0.0,0.0,0.44040247678018574,0.4539823008849557,0.5363528439845596,0.44281793229643185,0.34356713843530684,0.5164278000280932,0.36719335159199484,0,0,5284000.0,0.45364536453645365,0.45443645083932854,942000.0,0,0,32,720.0
1637,190000.0,16.0,0.4646406293882584,0.0,0.0,0.0,0.45774647887323944,0.4129263913824057,0.3931036562142931,0.44281793229643185,0.43096844666979034,0.4321363669380822,0.5485893972844256,0,0,1003000.0,0.43488372093023253,0.44892221180880976,213000.0,0,0,36,309.0
1638,1440000.0,18.0,0.4220779627191293,82.40884820747522,114.68688024408848,0.0,0.45774647887323944,0.4694783573806881,0.3442355460389141,0.44281793229643185,0.4583333330136348,0.4757214900689184,0.41240204586511464,1,1,8534000.0,0.43488372093023253,0.44892221180880976,1399000.0,1,0,33,352.0
1639,1170000.0,11.0,0.4498690306228219,0.0,0.0,440000.0,0.45774647887323944,0.4539823008849557,0.3442355460389141,0.45475113122171945,0.4583333330136348,0.5217257015040757,0.40201973495344345,0,1,2110000.0,0.43488372093023253,0.47386172006745364,1394000.0,0,1,39,466.89744512414535
1640,160000.0,12.0,0.3928574872021717,491.0,491.0,740000.0,0.45774647887323944,0.4129263913824057,0.5257384019435941,0.45433255269320844,0.4511627906899892,0.3965552694677991,0.5363489679286931,1,0,15559000.0,0.4568764568764569,0.44892221180880976,1941000.0,1,0,36,569.0
1641,230000.0,13.0,0.4360903840722853,0.0,0.0,605344.4272445821,0.45774647887323944,0.4694783573806881,0.4214287402257545,0.45433255269320844,0.4468097890743483,0.5171573620994421,0.5363489679286931,1,0,10651000.0,0.45364536453645365,0.44892221180880976,2122000.0,1,0,37,408.0
1642,190000.0,10.0,0.3928574872021717,0.0,0.0,0.0,0.44040247678018574,0.4539823008849557,0.5254093931718659,0.44281793229643185,0.414225941433284,0.4859069669135048,0.4270121893767379,0,0,2221000.0,0.45364536453645365,0.45443645083932854,311000.0,0,0,37,560.0
1643,210000.0,13.0,0.35775698265868106,0.0,0.0,0.0,0.44040247678018574,0.4694783573806881,0.46428416000978534,0.45045045045045046,0.4230769551118841,0.43679650911494705,0.5023579265365139,0,1,5160000.0,0.45364536453645365,0.45443645083932854,632000.0,0,1,37,291.0
1644,110000.0,13.0,0.471073469342046,0.0,0.0,10000.0,0.44040247678018574,0.4539823008849557,0.4799991436755424,0.45433255269320844,0.4511627906899892,0.5164278000280932,0.3244469103797425,1,1,1414000.0,0.43488372093023253,0.45443645083932854,167000.0,1,0,36,466.89744512414535
1645,110000.0,18.0,0.4747378959928985,335.0,335.0,30000.0,0.45774647887323944,0.4129263913824057,0.4799991436755424,0.44281793229643185,0.4468097890743483,0.4339650140059905,0.36719335159199484,0,1,1007000.0,0.45364536453645365,0.47386172006745364,102000.0,0,0,36,377.0
1646,160000.0,11.0,0.3928574872021717,999.0,999.0,210000.0,0.44040247678018574,0.4336917562724873,0.4214287402257545,0.45475113122171945,0.414225941433284,0.45192239757482366,0.4407909194105085,0,0,1272000.0,0.45364536453645365,0.44892221180880976,210000.0,0,0,36,320.0
1647,210000.0,14.0,0.4498690306228219,0.0,90.0,810000.0,0.45774647887323944,0.4539823008849557,0.5257384019435941,0.45475113122171945,0.5606727833398578,0.46721243412305624,0.4332390300357073,1,0,6780000.0,0.4568764568764569,0.45443645083932854,756000.0,1,0,39,353.0
1648,210000.0,11.0,0.46341463401227523,0.0,0.0,605344.4272445821,0.44040247678018574,0.4539823008849557,0.4956486747857908,0.44281793229643185,0.414225941433284,0.4658901691183491,0.41047292637935173,0,0,1238000.0,0.45364536453645365,0.44892221180880976,201000.0,0,0,37,359.0
1649,110000.0,13.0,0.4074136609653927,0.0,0.0,2380000.0,0.45774647887323944,0.4539823008849557,0.5254093931718659,0.44281793229643185,0.46907216438869503,0.5171573620994421,0.4653190175668822,1,1,6347000.0,0.45364536453645365,0.44892221180880976,748000.0,1,1,36,346.0
1650,120000.0,18.0,0.3928574872021717,999.0,999.0,70000.0,0.44040247678018574,0.4694783573806881,0.4214287402257545,0.44281793229643185,0.43697478992002986,0.531814720884261,0.5134854957775883,1,0,656000.0,0.43488372093023253,0.45443645083932854,130000.0,1,1,37,372.0
1651,120000.0,11.0,0.46341463401227523,82.40884820747522,114.68688024408848,605344.4272445821,0.45774647887323944,0.4539823008849557,0.3442355460389141,0.45475113122171945,0.45890407585949666,0.40002703158873276,0.39551727687191446,1,1,639000.0,0.43488372093023253,0.45443645083932854,95000.0,1,1,38,439.0
1652,170000.0,11.0,0.3892717187010617,0.0,180.0,10000.0,0.45774647887323944,0.4694783573806881,0.3931036562142931,0.44281793229643185,0.43096844666979034,0.45677246944372973,0.40571030945850584,0,1,2160000.0,0.43488372093023253,0.44892221180880976,259000.0,0,0,35,680.0
1653,1020000.0,18.0,0.5628080317442733,0.0,0.0,290000.0,0.468085106382978,0.4129263913824057,0.5257384019435941,0.45475113122171945,0.414225941433284,0.49482456551750875,0.5247762159801056,1,0,40823000.0,0.43488372093023253,0.44892221180880976,750000.0,1,1,33,374.0
1654,170000.0,10.0,0.4074136609653927,0.0,0.0,605344.4272445821,0.44040247678018574,0.4694783573806881,0.4268739712093834,0.45475113122171945,0.4230769551118841,0.46721243412305624,0.4543800115079512,1,1,1235000.0,0.43488372093023253,0.44892221180880976,185000.0,1,0,39,477.0
1655,2210000.0,11.0,0.4220779627191293,0.0,0.0,605344.4272445821,0.44040247678018574,0.4336917562724873,0.46428416000978534,0.45433255269320844,0.5031846524456339,0.3750074661878128,0.44519311265006384,0,0,22316000.0,0.43488372093023253,0.44892221180880976,2593000.0,0,1,39,501.0
1656,1210000.0,17.0,0.4581005575150995,0.0,0.0,0.0,0.468085106382978,0.4539823008849557,0.3971634082048179,0.45475113122171945,0.5031846524456339,0.4321363669380822,0.46016463299084465,1,0,4344000.0,0.45364536453645365,0.44892221180880976,1056000.0,1,0,36,430.0
1657,2990000.0,12.0,0.4615356204904945,0.0,0.0,0.0,0.44040247678018574,0.4694783573806881,0.4799991436755424,0.44281793229643185,0.45890407585949666,0.36975187045665187,0.47190419232428393,0,0,56552000.0,0.45364536453645365,0.47386172006745364,2443000.0,0,0,37,571.0
1658,180000.0,6.0,0.4615356204904945,0.0,0.0,0.0,0.45774647887323944,0.4129263913824057,0.470084171924464,0.45475113122171945,0.414225941433284,0.46721243412305624,0.43179497331840055,1,0,189000.0,0.43488372093023253,0.44892221180880976,291000.0,1,1,39,337.0
1659,1600000.0,12.0,0.4220779627191293,0.0,0.0,1170000.0,0.44040247678018574,0.4129263913824057,0.36271363783177113,0.45433255269320844,0.3739186560656616,0.45331529430883266,0.42220278660777283,0,1,15159000.0,0.43488372093023253,0.47386172006745364,2060000.0,0,1,35,398.0
1660,960000.0,19.0,0.471073469342046,0.0,0.0,190000.0,0.468085106382978,0.4539823008849557,0.4415584526838991,0.45475113122171945,0.414225941433284,0.5183627257078485,0.3270423716835601,1,0,4420000.0,0.45364536453645365,0.39678284182305634,736000.0,1,1,34,513.0
1661,200000.0,10.0,0.471073469342046,0.0,0.0,520000.0,0.44040247678018574,0.4129263913824057,0.5056772402445142,0.45475113122171945,0.4604834864076457,0.4444688960343153,0.45200464380003236,0,1,26324000.0,0.45364536453645365,0.45443645083932854,2517000.0,0,0,37,376.0
1662,270000.0,24.0,0.40004455157916113,0.0,0.0,190000.0,0.40000603415401237,0.4336917562724873,0.5375745064065167,0.45475113122171945,0.414225941433284,0.41322952719822703,0.47681005690163497,1,0,923000.0,0.43488372093023253,0.45443645083932854,244000.0,1,0,41,460.0
1663,4900000.0,18.0,0.45453917520963155,0.0,0.0,210000.0,0.44040247678018574,0.4539823008849557,0.36271363783177113,0.45475113122171945,0.43697478992002986,0.37737165958551677,0.4653190175668822,1,1,40546000.0,0.4568764568764569,0.45443645083932854,5136000.0,1,1,33,422.0
1664,180000.0,13.0,0.4747378959928985,82.40884820747522,114.68688024408848,605344.4272445821,0.45774647887323944,0.4694783573806881,0.4445473453127392,0.45045045045045046,0.37758024313602523,0.46721243412305624,0.45989425850057764,0,0,1895000.0,0.4568764568764569,0.44892221180880976,258000.0,0,0,35,320.0
1665,2890000.0,11.0,0.4278491036733748,0.0,0.0,0.0,0.45774647887323944,0.4694783573806881,0.4121240088339391,0.45045045045045046,0.3739186560656616,0.45192239757482366,0.4653190175668822,0,0,16485000.0,0.45364536453645365,0.39678284182305634,3153000.0,0,0,38,466.89744512414535
1666,130000.0,13.0,0.45453917520963155,0.0,0.0,0.0,0.44040247678018574,0.4336917562724873,0.44545497076419477,0.45433255269320844,0.46907216438869503,0.36975187045665187,0.49141635626861524,0,0,614000.0,0.45364536453645365,0.45443645083932854,85000.0,0,0,36,337.0
1667,170000.0,14.0,0.471073469342046,0.0,0.0,0.0,0.45774647887323944,0.4539823008849557,0.44545497076419477,0.45045045045045046,0.43697478992002986,0.5164278000280932,0.4771498533714657,0,0,1625000.0,0.43488372093023253,0.44892221180880976,285000.0,0,0,36,474.0
1668,1360000.0,16.0,0.46341463401227523,0.0,0.0,0.0,0.45774647887323944,0.4539823008849557,0.5069442053895509,0.44281793229643185,0.5063919873437158,0.531814720884261,0.6100509010581558,0,0,7106000.0,0.4568764568764569,0.45443645083932854,1142000.0,0,1,36,597.0
1669,200000.0,19.0,0.4220779627191293,0.0,0.0,0.0,0.468085106382978,0.4336917562724873,0.3931036562142931,0.45475113122171945,0.4583333330136348,0.45331529430883266,0.4425020459775707,0,1,911000.0,0.4568764568764569,0.47386172006745364,200000.0,0,1,37,462.0
1670,240000.0,17.0,0.5628080317442733,0.0,0.0,0.0,0.45774647887323944,0.4694783573806881,0.4268739712093834,0.45433255269320844,0.414225941433284,0.4339650140059905,0.41047292637935173,0,0,2453000.0,0.4568764568764569,0.39678284182305634,278000.0,0,1,38,567.0
1671,170000.0,10.0,0.40004455157916113,0.0,0.0,0.0,0.45774647887323944,0.4539823008849557,0.44545497076419477,0.44281793229643185,0.414225941433284,0.40235614355016347,0.6100509010581558,0,1,1782000.0,0.43488372093023253,0.44892221180880976,311000.0,0,1,35,359.0
1672,220000.0,15.0,0.46341463401227523,1128.0,0.0,10000.0,0.44040247678018574,0.4694783573806881,0.5254093931718659,0.45475113122171945,0.4511627906899892,0.46365822718746796,0.48822655398093273,0,1,916000.0,0.45364536453645365,0.47386172006745364,194000.0,0,0,37,433.0
1673,330000.0,14.0,0.43673114297615767,0.0,0.0,0.0,0.44040247678018574,0.4694783573806881,0.43902472242345825,0.45475113122171945,0.414225941433284,0.3810650946770142,0.5220031427533425,0,1,18974000.0,0.45364536453645365,0.39678284182305634,2254000.0,0,0,36,575.0
1674,210000.0,10.0,0.4774317289223725,1417.0,1720.0,50000.0,0.44040247678018574,0.4129263913824057,0.4485294151733482,0.45475113122171945,0.4511627906899892,0.5171573620994421,0.5081959184294307,0,0,2282000.0,0.4568764568764569,0.45443645083932854,257000.0,0,0,38,523.0
1675,160000.0,13.0,0.3971634082048179,270.0,0.0,10000.0,0.44040247678018574,0.4336917562724873,0.4415584526838991,0.45475113122171945,0.43697478992002986,0.4339650140059905,0.41240204586511464,1,0,9344000.0,0.45364536453645365,0.44892221180880976,1788000.0,1,0,41,505.0
1676,790000.0,18.0,0.4774317289223725,0.0,30.0,400000.0,0.44040247678018574,0.4539823008849557,0.46428416000978534,0.44281793229643185,0.4230769551118841,0.3750074661878128,0.37192363309077975,0,0,5161000.0,0.45364536453645365,0.44892221180880976,1070000.0,0,1,33,506.0
1677,560000.0,12.0,0.46341463401227523,4.0,0.0,0.0,0.44040247678018574,0.4539823008849557,0.44545497076419477,0.44281793229643185,0.4511627906899892,0.49482456551750875,0.4696533706380367,1,0,3383000.0,0.45364536453645365,0.44892221180880976,575000.0,1,1,38,542.0
1678,1280000.0,17.0,0.3971634082048179,0.0,0.0,5100000.0,0.468085106382978,0.4694783573806881,0.4415584526838991,0.45433255269320844,0.46907216438869503,0.40002703158873276,0.41047292637935173,0,0,7724000.0,0.45364536453645365,0.47386172006745364,1466000.0,0,0,34,409.0
1679,150000.0,3.0,0.4747378959928985,0.0,0.0,0.0,0.468085106382978,0.4539823008849557,0.3971634082048179,0.44281793229643185,0.4230769551118841,0.5491139021556548,0.42220278660777283,1,0,698000.0,0.4568764568764569,0.44892221180880976,129000.0,1,1,41,537.0
1680,210000.0,14.0,0.4581005575150995,675.0,0.0,0.0,0.45774647887323944,0.4129263913824057,0.4415584526838991,0.44281793229643185,0.43697478992002986,0.5183627257078485,0.5233562461236126,0,1,2380000.0,0.45364536453645365,0.47386172006745364,323000.0,0,0,40,420.0
1681,780000.0,12.0,0.4646406293882584,0.0,0.0,660000.0,0.44040247678018574,0.4539823008849557,0.43902472242345825,0.45045045045045046,0.43697478992002986,0.4339650140059905,0.3244469103797425,0,0,413000.0,0.45364536453645365,0.39678284182305634,633000.0,0,1,38,597.0
1682,1620000.0,14.0,0.4498690306228219,82.40884820747522,114.68688024408848,0.0,0.44040247678018574,0.4129263913824057,0.46428416000978534,0.44281793229643185,0.5606727833398578,0.49482456551750875,0.4375202018743684,0,0,21150000.0,0.43488372093023253,0.44892221180880976,2852000.0,0,0,33,426.0
1683,190000.0,10.0,0.4615356204904945,0.0,35.0,100000.0,0.44040247678018574,0.4694783573806881,0.44545497076419477,0.44281793229643185,0.4511627906899892,0.40235614355016347,0.5582615046868826,0,0,1704000.0,0.45364536453645365,0.47386172006745364,230000.0,0,0,35,552.0
1684,1370000.0,13.0,0.44387755113454985,0.0,0.0,0.0,0.44040247678018574,0.4539823008849557,0.44545497076419477,0.44281793229643185,0.45890407585949666,0.49482456551750875,0.37192363309077975,0,0,9799000.0,0.4568764568764569,0.44892221180880976,1463000.0,0,1,37,533.0
1685,2970000.0,12.0,0.4668770371178462,82.40884820747522,114.68688024408848,605344.4272445821,0.44040247678018574,0.4694783573806881,0.4214287402257545,0.45045045045045046,0.44230917465915276,0.5171573620994421,0.41047292637935173,0,0,71601000.0,0.45364536453645365,0.45443645083932854,3336000.0,0,0,37,648.0
1686,870000.0,36.0,0.3928574872021717,0.0,0.0,350000.0,0.44040247678018574,0.4694783573806881,0.44545497076419477,0.44281793229643185,0.37758024313602523,0.531814720884261,0.3156771054360342,0,0,2981000.0,0.4568764568764569,0.47386172006745364,677000.0,0,1,41,357.0
1687,840000.0,4.0,0.3928574872021717,0.0,0.0,280000.0,0.468085106382978,0.4694783573806881,0.5257384019435941,0.45475113122171945,0.417393662751422,0.5171573620994421,0.5134854957775883,1,0,4720000.0,0.45364536453645365,0.39678284182305634,1651000.0,1,0,31,394.0
1688,2620000.0,10.0,0.4498690306228219,0.0,0.0,90000.0,0.45774647887323944,0.4539823008849557,0.3971634082048179,0.44281793229643185,0.3739186560656616,0.40235614355016347,0.4653190175668822,0,0,79249000.0,0.4568764568764569,0.44892221180880976,2484000.0,0,0,37,539.0
1689,140000.0,2.0,0.4220779627191293,0.0,0.0,0.0,0.44040247678018574,0.4539823008849557,0.4214287402257545,0.45045045045045046,0.45890407585949666,0.4444688960343153,0.348329989309645,0,0,562000.0,0.43488372093023253,0.47386172006745364,119000.0,0,1,41,750.0
1690,400000.0,17.0,0.46341463401227523,0.0,0.0,0.0,0.468085106382978,0.4694783573806881,0.470084171924464,0.45475113122171945,0.5031846524456339,0.45331529430883266,0.4407909194105085,0,0,2475000.0,0.4568764568764569,0.45443645083932854,430000.0,0,1,34,405.0
1691,220000.0,10.0,0.4906797478948485,0.0,0.0,0.0,0.468085106382978,0.4694783573806881,0.3442355460389141,0.45045045045045046,0.3739186560656616,0.45677246944372973,0.3270423716835601,0,1,1340000.0,0.4568764568764569,0.44892221180880976,204000.0,0,0,38,435.0
1692,140000.0,11.0,0.4220779627191293,0.0,0.0,0.0,0.468085106382978,0.4539823008849557,0.4485294151733482,0.45045045045045046,0.5031846524456339,0.4757214900689184,0.4505327389584535,0,1,5735000.0,0.43488372093023253,0.44892221180880976,954000.0,0,0,37,731.0
1693,210000.0,4.0,0.4646406293882584,0.0,0.0,605344.4272445821,0.44040247678018574,0.4539823008849557,0.470084171924464,0.45045045045045046,0.4583333330136348,0.3750074661878128,0.5233562461236126,0,0,1881000.0,0.4568764568764569,0.44892221180880976,1486000.0,0,1,39,328.0
1694,2790000.0,25.0,0.3971634082048179,82.40884820747522,114.68688024408848,605344.4272445821,0.45774647887323944,0.4694783573806881,0.3971634082048179,0.45475113122171945,0.5592064152301905,0.5171573620994421,0.45200464380003236,1,0,23995000.0,0.4568764568764569,0.44892221180880976,3238000.0,1,0,41,506.0
1695,180000.0,10.0,0.46341463401227523,1395.0,1395.0,550000.0,0.44040247678018574,0.4694783573806881,0.36271363783177113,0.45475113122171945,0.4468097890743483,0.36975187045665187,0.4425020459775707,1,0,5287000.0,0.45364536453645365,0.44892221180880976,671000.0,1,0,36,466.89744512414535
1696,160000.0,14.0,0.4668770371178462,0.0,0.0,605344.4272445821,0.45774647887323944,0.4539823008849557,0.3442355460389141,0.45045045045045046,0.4604834864076457,0.3965552694677991,0.40571030945850584,0,1,2451000.0,0.43488372093023253,0.47386172006745364,406000.0,0,0,39,586.0
1697,240000.0,14.0,0.3928574872021717,0.0,0.0,0.0,0.44040247678018574,0.4539823008849557,0.5056772402445142,0.45045045045045046,0.493908884521716,0.46721243412305624,0.45200464380003236,0,1,1755000.0,0.43488372093023253,0.45443645083932854,322000.0,0,0,36,723.0
1698,180000.0,10.0,0.3928574872021717,355.0,355.0,320000.0,0.468085106382978,0.4694783573806881,0.3931036562142931,0.44281793229643185,0.417393662751422,0.43679650911494705,0.5233562461236126,0,0,30126000.0,0.43488372093023253,0.44892221180880976,3314000.0,0,0,38,318.0
1699,300000.0,14.0,0.3928574872021717,0.0,0.0,0.0,0.44040247678018574,0.4129263913824057,0.43902472242345825,0.45433255269320844,0.43096844666979034,0.531814720884261,0.4545481381730755,0,1,2113000.0,0.4568764568764569,0.45443645083932854,289000.0,0,0,38,585.0
1700,200000.0,10.0,0.46341463401227523,82.40884820747522,114.68688024408848,605344.4272445821,0.44040247678018574,0.4539823008849557,0.3931036562142931,0.45433255269320844,0.417393662751422,0.5164278000280932,0.4375202018743684,0,0,23812000.0,0.4568764568764569,0.39678284182305634,2762000.0,0,0,37,436.0
1701,120000.0,17.0,0.40004455157916113,0.0,0.0,0.0,0.45774647887323944,0.4129263913824057,0.38083308316558756,0.45475113122171945,0.45864649596466484,0.5171573620994421,0.5023579265365139,0,0,586000.0,0.43488372093023253,0.39678284182305634,97000.0,0,0,37,415.0
1702,1530000.0,3.0,0.471073469342046,82.40884820747522,114.68688024408848,0.0,0.44040247678018574,0.4694783573806881,0.44545497076419477,0.45045045045045046,0.4230769551118841,0.45192239757482366,0.49315734568265995,0,0,5134000.0,0.45364536453645365,0.44892221180880976,1732000.0,0,0,32,763.0
1703,200000.0,11.0,0.4278491036733748,0.0,0.0,0.0,0.45774647887323944,0.4539823008849557,0.4485294151733482,0.45475113122171945,0.5063919873437158,0.45192239757482366,0.379712180659019,0,0,1482000.0,0.45364536453645365,0.45443645083932854,216000.0,0,0,36,684.0
1704,1350000.0,4.0,0.46341463401227523,82.40884820747522,114.68688024408848,0.0,0.45774647887323944,0.4694783573806881,0.4485294151733482,0.44281793229643185,0.45890407585949666,0.4658901691183491,0.42117558521355203,0,0,5316000.0,0.45364536453645365,0.39678284182305634,1449000.0,0,1,33,612.0
1705,210000.0,3.0,0.4844907454931315,0.0,0.0,0.0,0.45774647887323944,0.4539823008849557,0.470084171924464,0.44281793229643185,0.4468097890743483,0.5164278000280932,0.4696533706380367,0,0,8065000.0,0.43488372093023253,0.45443645083932854,853000.0,0,1,40,407.0
1706,960000.0,16.0,0.43673114297615767,0.0,30.0,420000.0,0.45774647887323944,0.4539823008849557,0.4214287402257545,0.44281793229643185,0.4511627906899892,0.40235614355016347,0.6100509010581558,0,1,3917000.0,0.45364536453645365,0.39678284182305634,871000.0,0,1,35,420.0
1707,550000.0,19.0,0.46341463401227523,0.0,0.0,0.0,0.44040247678018574,0.4336917562724873,0.3931036562142931,0.44281793229643185,0.4511627906899892,0.4757214900689184,0.45745399554685107,0,0,9803000.0,0.45364536453645365,0.45443645083932854,498000.0,0,1,34,354.0
1708,5410000.0,16.0,0.4468949699527549,0.0,0.0,20000.0,0.45774647887323944,0.4539823008849557,0.43902472242345825,0.45433255269320844,0.417393662751422,0.46365822718746796,0.40582917672392776,1,0,52361000.0,0.43488372093023253,0.44892221180880976,4933000.0,1,0,34,535.0
1709,230000.0,12.0,0.4774317289223725,0.0,0.0,0.0,0.44040247678018574,0.4539823008849557,0.5056772402445142,0.44281793229643185,0.4230769551118841,0.45192239757482366,0.44084111937285236,1,0,4446000.0,0.43488372093023253,0.45443645083932854,719000.0,1,0,37,624.0
1710,190000.0,12.0,0.45885149198403496,1232.0,1232.0,510000.0,0.45774647887323944,0.4129263913824057,0.4415584526838991,0.44281793229643185,0.43096844666979034,0.5183627257078485,0.5157460113123283,0,0,3692000.0,0.45364536453645365,0.44892221180880976,227000.0,0,0,37,440.0
1711,170000.0,11.0,0.5065614987246854,0.0,0.0,605344.4272445821,0.44040247678018574,0.4539823008849557,0.5257384019435941,0.44281793229643185,0.4583333330136348,0.37737165958551677,0.4545481381730755,1,0,2074000.0,0.45364536453645365,0.45443645083932854,340000.0,1,0,39,362.0
1712,3420000.0,33.0,0.4646406293882584,0.0,0.0,0.0,0.44040247678018574,0.4539823008849557,0.3971634082048179,0.45475113122171945,0.414225941433284,0.4859069669135048,0.46016463299084465,0,0,6601000.0,0.4568764568764569,0.45443645083932854,3148000.0,0,1,40,379.0
1713,910000.0,22.0,0.4581005575150995,0.0,0.0,605344.4272445821,0.45774647887323944,0.4539823008849557,0.5254093931718659,0.44281793229643185,0.45864649596466484,0.49482456551750875,0.4696533706380367,0,1,2220000.0,0.45364536453645365,0.39678284182305634,943000.0,0,0,40,479.0
1714,120000.0,20.0,0.46341463401227523,0.0,0.0,40000.0,0.44040247678018574,0.4129263913824057,0.40571030945850584,0.45475113122171945,0.37758024313602523,0.4658901691183491,0.5363489679286931,0,0,548000.0,0.43488372093023253,0.45443645083932854,175000.0,0,0,41,499.0
1715,160000.0,11.0,0.5065614987246854,0.0,0.0,0.0,0.45774647887323944,0.4539823008849557,0.5375745064065167,0.45475113122171945,0.4604834864076457,0.3965552694677991,0.47514234773523084,0,0,2515000.0,0.43488372093023253,0.45443645083932854,304000.0,0,0,36,403.0
1716,210000.0,14.0,0.49269077310150705,0.0,0.0,0.0,0.44040247678018574,0.4129263913824057,0.36271363783177113,0.45475113122171945,0.45864649596466484,0.5164278000280932,0.44084111937285236,0,0,1119000.0,0.43488372093023253,0.44892221180880976,245000.0,0,0,36,341.0
1717,4250000.0,14.0,0.46341463401227523,0.0,0.0,300000.0,0.45774647887323944,0.4539823008849557,0.38083308316558756,0.44281793229643185,0.4468097890743483,0.45677246944372973,0.49646711594687815,1,0,59394000.0,0.45364536453645365,0.45443645083932854,4980000.0,1,0,36,357.0
1718,210000.0,13.0,0.4360903840722853,389.0,389.0,650000.0,0.45774647887323944,0.4694783573806881,0.470084171924464,0.45475113122171945,0.414225941433284,0.4859069669135048,0.47190419232428393,0,0,5235000.0,0.45364536453645365,0.45443645083932854,778000.0,0,0,39,600.0
1719,190000.0,14.0,0.44387755113454985,82.40884820747522,114.68688024408848,605344.4272445821,0.45774647887323944,0.4694783573806881,0.4956486747857908,0.44281793229643185,0.45864649596466484,0.45677246944372973,0.41315158258670154,1,1,8753000.0,0.45364536453645365,0.45443645083932854,1265000.0,1,0,37,449.0
1720,170000.0,13.0,0.44387755113454985,1.0,2.0,9800000.0,0.45774647887323944,0.4336917562724873,0.5069442053895509,0.45475113122171945,0.5606727833398578,0.531814720884261,0.5582615046868826,1,1,6458000.0,0.4568764568764569,0.47386172006745364,317000.0,1,0,35,620.0
1721,140000.0,19.0,0.3928574872021717,583.0,583.0,0.0,0.40000603415401237,0.4129263913824057,0.5069442053895509,0.45433255269320844,0.4905583684264643,0.4468949699527549,0.39896986903151255,0,0,851000.0,0.45364536453645365,0.45443645083932854,169000.0,0,0,37,414.0
1722,540000.0,18.0,0.471073469342046,0.0,0.0,0.0,0.44040247678018574,0.4539823008849557,0.5056772402445142,0.44281793229643185,0.44230917465915276,0.43679650911494705,0.4278491036733748,0,1,3326000.0,0.43488372093023253,0.45443645083932854,639000.0,0,1,33,388.0
1723,160000.0,16.0,0.4220779627191293,0.0,0.0,190000.0,0.45774647887323944,0.4694783573806881,0.43902472242345825,0.44281793229643185,0.4905583684264643,0.4831631253007048,0.36719335159199484,0,1,978000.0,0.43488372093023253,0.45443645083932854,240000.0,0,0,37,538.0
1724,210000.0,12.0,0.4074136609653927,0.0,0.0,0.0,0.45774647887323944,0.4539823008849557,0.46428416000978534,0.44281793229643185,0.46907216438869503,0.4444688960343153,0.4270121893767379,0,0,20471000.0,0.43488372093023253,0.44892221180880976,4570000.0,0,0,35,308.0
1725,150000.0,18.0,0.3971634082048179,0.0,0.0,0.0,0.45774647887323944,0.4539823008849557,0.45782858909969404,0.45045045045045046,0.43697478992002986,0.4395681403885853,0.423941142391273,0,0,615000.0,0.45364536453645365,0.44892221180880976,131000.0,0,1,37,333.0
1726,190000.0,14.0,0.5065614987246854,0.0,0.0,0.0,0.45774647887323944,0.4539823008849557,0.4268739712093834,0.44281793229643185,0.4583333330136348,0.5164278000280932,0.39551727687191446,0,0,991000.0,0.45364536453645365,0.47386172006745364,226000.0,0,0,35,316.0
1727,220000.0,14.0,0.49269077310150705,0.0,0.0,0.0,0.44040247678018574,0.4129263913824057,0.4956486747857908,0.45433255269320844,0.45890407585949666,0.3750074661878128,0.4270121893767379,0,1,1476000.0,0.43488372093023253,0.44892221180880976,255000.0,0,0,37,366.0
1728,4530000.0,17.0,0.4581005575150995,0.0,0.0,1170000.0,0.40000603415401237,0.4539823008849557,0.44545497076419477,0.45475113122171945,0.414225941433284,0.46721243412305624,0.3580839468498659,0,0,205447000.0,0.45364536453645365,0.47386172006745364,4537000.0,0,0,34,567.0
1729,2730000.0,16.0,0.4668770371178462,82.40884820747522,114.68688024408848,0.0,0.44040247678018574,0.4694783573806881,0.4956486747857908,0.44281793229643185,0.43697478992002986,0.40002703158873276,0.41240204586511464,0,0,13242000.0,0.4568764568764569,0.45443645083932854,2997000.0,0,1,31,333.0
1730,240000.0,12.0,0.4360903840722853,129.0,129.0,1970000.0,0.45774647887323944,0.4694783573806881,0.44545497076419477,0.45433255269320844,0.4511627906899892,0.3810650946770142,0.4014334059125707,1,0,2123000.0,0.43488372093023253,0.39678284182305634,356000.0,1,0,36,539.0
1731,210000.0,16.0,0.44387755113454985,0.0,360.0,60000.0,0.45774647887323944,0.4539823008849557,0.38083308316558756,0.45475113122171945,0.4230769551118841,0.5183627257078485,0.5247762159801056,0,1,1168000.0,0.45364536453645365,0.44892221180880976,202000.0,0,0,38,559.0
1732,1030000.0,16.0,0.4668770371178462,0.0,0.0,0.0,0.45774647887323944,0.4694783573806881,0.4459232804790396,0.45045045045045046,0.5063919873437158,0.45192239757482366,0.383357340467756,0,0,5951000.0,0.43488372093023253,0.47386172006745364,1251000.0,0,1,35,389.0
1733,840000.0,20.0,0.4581005575150995,0.0,0.0,0.0,0.45774647887323944,0.4539823008849557,0.5159288114711631,0.44281793229643185,0.4687495951044435,0.5183627257078485,0.469407833203183,0,1,1727000.0,0.4568764568764569,0.47386172006745364,2581000.0,0,1,40,347.0
1734,100000.0,14.0,0.3971634082048179,999.0,999.0,120000.0,0.44040247678018574,0.4539823008849557,0.4956486747857908,0.44281793229643185,0.5606727833398578,0.5217257015040757,0.3758582472222368,1,0,6287000.0,0.4568764568764569,0.47386172006745364,681000.0,1,0,38,446.0
1735,420000.0,10.0,0.45453917520963155,0.0,0.0,0.0,0.44040247678018574,0.4694783573806881,0.4485294151733482,0.45045045045045046,0.44230917465915276,0.5217257015040757,0.4310500554013448,0,1,3420000.0,0.43488372093023253,0.39678284182305634,520000.0,0,0,39,410.0
1736,2940000.0,10.0,0.46341463401227523,82.40884820747522,114.68688024408848,605344.4272445821,0.44040247678018574,0.4539823008849557,0.43902472242345825,0.45475113122171945,0.417393662751422,0.37737165958551677,0.4545481381730755,1,1,52822000.0,0.45364536453645365,0.45443645083932854,3050000.0,1,0,37,358.0
1737,4320000.0,11.0,0.4844907454931315,0.0,0.0,0.0,0.44040247678018574,0.4539823008849557,0.5069442053895509,0.44281793229643185,0.37758024313602523,0.48068087923257147,0.5602211136196202,1,0,49578000.0,0.45364536453645365,0.39678284182305634,5849000.0,1,0,37,508.0
1738,3520000.0,14.0,0.45885149198403496,0.0,0.0,0.0,0.44040247678018574,0.4539823008849557,0.3442355460389141,0.44281793229643185,0.417393662751422,0.45331529430883266,0.4543800115079512,1,0,17193000.0,0.43488372093023253,0.45443645083932854,3608000.0,1,0,37,580.0
1739,3540000.0,43.0,0.44387755113454985,0.0,0.0,280000.0,0.468085106382978,0.4129263913824057,0.3442355460389141,0.45433255269320844,0.37758024313602523,0.4321363669380822,0.4106715025408491,0,0,155722000.0,0.4568764568764569,0.45443645083932854,2809000.0,0,0,40,540.0
1740,4600000.0,16.0,0.4074136609653927,0.0,60.0,820000.0,0.44040247678018574,0.4694783573806881,0.4214287402257545,0.45433255269320844,0.4687495951044435,0.40002703158873276,0.4425020459775707,1,0,21326000.0,0.45364536453645365,0.39678284182305634,5239000.0,1,0,35,604.0
1741,190000.0,17.0,0.49269077310150705,0.0,0.0,0.0,0.44040247678018574,0.4694783573806881,0.46428416000978534,0.45433255269320844,0.43697478992002986,0.5171573620994421,0.44084111937285236,1,0,913000.0,0.43488372093023253,0.39678284182305634,199000.0,1,0,37,466.89744512414535
1742,690000.0,11.0,0.44387755113454985,0.0,0.0,605344.4272445821,0.44040247678018574,0.4694783573806881,0.44545497076419477,0.44281793229643185,0.43697478992002986,0.3965552694677991,0.41047292637935173,0,0,9409000.0,0.4568764568764569,0.45443645083932854,813000.0,0,1,38,538.0
1743,110000.0,14.0,0.4581005575150995,0.0,0.0,0.0,0.45774647887323944,0.4539823008849557,0.5069442053895509,0.45045045045045046,0.4583333330136348,0.4130722746472325,0.45745399554685107,0,0,936000.0,0.45364536453645365,0.44892221180880976,153000.0,0,0,36,340.0
1744,980000.0,18.0,0.4615356204904945,82.40884820747522,114.68688024408848,0.0,0.44040247678018574,0.4539823008849557,0.43902472242345825,0.44281793229643185,0.45890407585949666,0.3965552694677991,0.44519311265006384,0,0,6950000.0,0.43488372093023253,0.45443645083932854,1430000.0,0,0,31,337.0
1745,3110000.0,16.0,0.3928574872021717,0.0,0.0,0.0,0.44040247678018574,0.4336917562724873,0.470084171924464,0.45045045045045046,0.3541279498012266,0.49482456551750875,0.5220031427533425,0,0,27373000.0,0.45364536453645365,0.45443645083932854,5022000.0,0,0,34,426.0
1746,910000.0,12.0,0.3928574872021717,0.0,0.0,0.0,0.40000603415401237,0.4539823008849557,0.30013565669860115,0.44281793229643185,0.44230917465915276,0.379712180659019,0.5035331693654489,0,0,15428000.0,0.43488372093023253,0.44892221180880976,2720000.0,0,0,34,380.0
1747,240000.0,11.0,0.4646406293882584,0.0,0.0,0.0,0.468085106382978,0.4336917562724873,0.44545497076419477,0.44281793229643185,0.5592064152301905,0.45331529430883266,0.3156771054360342,0,1,10009000.0,0.45364536453645365,0.45443645083932854,1104000.0,0,0,38,406.0
1748,170000.0,10.0,0.4581005575150995,30.0,30.0,2690000.0,0.468085106382978,0.4539823008849557,0.4799991436755424,0.45475113122171945,0.34356713843530684,0.3721191346526487,0.42117558521355203,0,1,15134000.0,0.43488372093023253,0.44892221180880976,2254000.0,0,0,39,466.0
1749,2430000.0,14.0,0.4074136609653927,0.0,31.0,1810000.0,0.45774647887323944,0.4539823008849557,0.3931036562142931,0.45433255269320844,0.4687495951044435,0.4339650140059905,0.348329989309645,1,1,22029000.0,0.4568764568764569,0.44892221180880976,2605000.0,1,0,39,365.0
1750,200000.0,13.0,0.4615356204904945,0.0,0.0,0.0,0.468085106382978,0.4129263913824057,0.43902472242345825,0.45433255269320844,0.4835606203192975,0.4757214900689184,0.518598179506269,0,0,7823000.0,0.43488372093023253,0.47386172006745364,1387000.0,0,0,38,410.0
1751,210000.0,13.0,0.5628080317442733,0.0,0.0,0.0,0.45774647887323944,0.4539823008849557,0.3971634082048179,0.45433255269320844,0.493908884521716,0.5183627257078485,0.39896986903151255,0,0,3761000.0,0.45364536453645365,0.44892221180880976,692000.0,0,0,35,501.0
1752,1570000.0,13.0,0.45453917520963155,0.0,0.0,0.0,0.45774647887323944,0.4694783573806881,0.4268739712093834,0.44281793229643185,0.4230769551118841,0.45192239757482366,0.4771498533714657,1,0,8962000.0,0.45364536453645365,0.45443645083932854,1290000.0,1,0,32,378.0
1753,480000.0,19.0,0.471073469342046,0.0,0.0,0.0,0.44040247678018574,0.4539823008849557,0.44545497076419477,0.45045045045045046,0.4468097890743483,0.531814720884261,0.39896986903151255,0,1,4874000.0,0.45364536453645365,0.45443645083932854,396000.0,0,0,33,572.0
1754,680000.0,16.0,0.4360903840722853,0.0,0.0,0.0,0.44040247678018574,0.4694783573806881,0.4415584526838991,0.45475113122171945,0.414225941433284,0.40235614355016347,0.46016463299084465,0,0,4262000.0,0.45364536453645365,0.45443645083932854,699000.0,0,0,35,418.0
1755,110000.0,19.0,0.45453917520963155,0.0,0.0,10000.0,0.44040247678018574,0.4129263913824057,0.4799991436755424,0.45475113122171945,0.5315593642552221,0.45677246944372973,0.5157460113123283,0,0,518000.0,0.45364536453645365,0.39678284182305634,87000.0,0,0,37,685.0
1756,100000.0,13.0,0.5065614987246854,310.0,310.0,60000.0,0.44040247678018574,0.4539823008849557,0.36271363783177113,0.45045045045045046,0.45890407585949666,0.5183627257078485,0.44519311265006384,0,0,943000.0,0.4568764568764569,0.44892221180880976,115000.0,0,0,40,473.0
1757,190000.0,11.0,0.4220779627191293,0.0,0.0,90000.0,0.45774647887323944,0.4129263913824057,0.41581515781000167,0.45045045045045046,0.46907216438869503,0.49482456551750875,0.44084111937285236,1,0,2879000.0,0.45364536453645365,0.45443645083932854,389000.0,1,1,33,346.0
1758,380000.0,13.0,0.4906797478948485,0.0,30.0,0.0,0.44040247678018574,0.4129263913824057,0.5257384019435941,0.44281793229643185,0.43697478992002986,0.43679650911494705,0.42604008664425413,0,0,1799000.0,0.4568764568764569,0.45443645083932854,385000.0,0,1,35,461.0
1759,230000.0,10.0,0.3928574872021717,0.0,0.0,0.0,0.44040247678018574,0.4539823008849557,0.38083308316558756,0.45475113122171945,0.43697478992002986,0.3750074661878128,0.3244469103797425,1,0,9208000.0,0.43488372093023253,0.44892221180880976,1902000.0,1,0,36,340.0
1760,180000.0,10.0,0.49269077310150705,0.0,0.0,605344.4272445821,0.44040247678018574,0.4694783573806881,0.46428416000978534,0.44281793229643185,0.5031846524456339,0.4395681403885853,0.5247762159801056,0,1,2390000.0,0.43488372093023253,0.39678284182305634,273000.0,0,0,38,547.0
1761,2130000.0,13.0,0.40004455157916113,0.0,0.0,0.0,0.44040247678018574,0.4694783573806881,0.5254093931718659,0.45045045045045046,0.5063919873437158,0.4339650140059905,0.4606736933325396,1,1,11271000.0,0.45364536453645365,0.39678284182305634,2471000.0,1,0,37,601.0
1762,200000.0,18.0,0.49269077310150705,0.0,0.0,0.0,0.44040247678018574,0.4129263913824057,0.46428416000978534,0.45433255269320844,0.5031846524456339,0.4658901691183491,0.3244469103797425,0,0,776000.0,0.43488372093023253,0.47386172006745364,165000.0,0,1,36,502.0
1763,3580000.0,19.0,0.4074136609653927,0.0,0.0,0.0,0.45774647887323944,0.4694783573806881,0.5375745064065167,0.44281793229643185,0.414225941433284,0.3721191346526487,0.5247762159801056,0,0,169796000.0,0.45364536453645365,0.45443645083932854,5943000.0,0,0,35,390.0
1764,2020000.0,17.0,0.35775698265868106,0.0,0.0,0.0,0.44040247678018574,0.4694783573806881,0.30013565669860115,0.45475113122171945,0.43697478992002986,0.49482456551750875,0.4106715025408491,0,0,9347000.0,0.45364536453645365,0.44892221180880976,1829000.0,0,0,36,479.0
1765,210000.0,13.0,0.49269077310150705,0.0,0.0,605344.4272445821,0.44040247678018574,0.4129263913824057,0.46428416000978534,0.45475113122171945,0.4835606203192975,0.46721243412305624,0.45745399554685107,0,0,3353000.0,0.4568764568764569,0.44892221180880976,371000.0,0,0,40,479.0
1766,4450000.0,15.0,0.4844907454931315,82.40884820747522,114.68688024408848,0.0,0.44040247678018574,0.4539823008849557,0.4268739712093834,0.44281793229643185,0.4230769551118841,0.3810650946770142,0.40571030945850584,0,0,129233000.0,0.45364536453645365,0.47386172006745364,4904000.0,0,0,34,557.0
1767,80000.0,11.0,0.4668770371178462,404.0,404.0,490000.0,0.468085106382978,0.4539823008849557,0.5375745064065167,0.45433255269320844,0.4687495951044435,0.5164278000280932,0.40582917672392776,1,0,5809000.0,0.4568764568764569,0.44892221180880976,618000.0,1,0,39,561.0
1768,230000.0,11.0,0.4844907454931315,0.0,0.0,0.0,0.44040247678018574,0.4129263913824057,0.43902472242345825,0.44281793229643185,0.43697478992002986,0.4321363669380822,0.4769970982233268,0,1,1634000.0,0.45364536453645365,0.39678284182305634,175000.0,0,0,37,483.0
1769,870000.0,16.0,0.3971634082048179,82.40884820747522,114.68688024408848,605344.4272445821,0.44040247678018574,0.4694783573806881,0.4214287402257545,0.44281793229643185,0.414225941433284,0.4321363669380822,0.4994506452738054,0,0,6437000.0,0.4568764568764569,0.47386172006745364,1539000.0,0,0,36,494.0
1770,160000.0,10.0,0.46341463401227523,82.40884820747522,114.68688024408848,605344.4272445821,0.44040247678018574,0.4694783573806881,0.4445473453127392,0.45475113122171945,0.5592064152301905,0.45192239757482366,0.49141635626861524,1,0,2542000.0,0.45364536453645365,0.45443645083932854,520000.0,1,0,37,396.0
1771,160000.0,13.0,0.4646406293882584,0.0,0.0,605344.4272445821,0.45774647887323944,0.4539823008849557,0.3931036562142931,0.44281793229643185,0.5031846524456339,0.4757214900689184,0.5602211136196202,0,0,1087000.0,0.43488372093023253,0.47386172006745364,149000.0,0,1,37,401.0
1772,200000.0,18.0,0.4581005575150995,0.0,0.0,0.0,0.44040247678018574,0.4694783573806881,0.4214287402257545,0.45045045045045046,0.4230769551118841,0.5183627257078485,0.42220278660777283,0,0,1145000.0,0.43488372093023253,0.47386172006745364,206000.0,0,0,37,565.0
1773,110000.0,13.0,0.3928574872021717,1488.0,0.0,50000.0,0.44040247678018574,0.4539823008849557,0.38083308316558756,0.45045045045045046,0.4511627906899892,0.4339650140059905,0.4014334059125707,0,0,314000.0,0.45364536453645365,0.45443645083932854,146000.0,0,1,40,609.0
1774,230000.0,15.0,0.44387755113454985,0.0,0.0,0.0,0.44040247678018574,0.4694783573806881,0.46428416000978534,0.45475113122171945,0.44230917465915276,0.4395681403885853,0.5602211136196202,0,0,969000.0,0.43488372093023253,0.45443645083932854,208000.0,0,1,37,501.0
1775,5760000.0,19.0,0.37392616919315497,0.0,0.0,0.0,0.45774647887323944,0.4539823008849557,0.44545497076419477,0.45045045045045046,0.4604834864076457,0.49482456551750875,0.4789986557881242,1,0,47571000.0,0.45364536453645365,0.45443645083932854,5843000.0,1,0,33,717.0
1776,1360000.0,11.0,0.43673114297615767,0.0,0.0,0.0,0.44040247678018574,0.4694783573806881,0.5254093931718659,0.44281793229643185,0.5031846524456339,0.37737165958551677,0.4425020459775707,0,1,15406000.0,0.43488372093023253,0.47386172006745364,2515000.0,0,0,39,327.0
1777,2140000.0,40.0,0.44387755113454985,0.0,6.0,11000000.0,0.44040247678018574,0.4694783573806881,0.4415584526838991,0.45045045045045046,0.4604834864076457,0.49482456551750875,0.423941142391273,0,0,15584000.0,0.45364536453645365,0.47386172006745364,1857000.0,0,0,38,542.0
1778,140000.0,10.0,0.3971634082048179,0.0,0.0,20000.0,0.45774647887323944,0.4539823008849557,0.4268739712093834,0.44281793229643185,0.4835606203192975,0.5071462083323844,0.5157460113123283,1,1,1456000.0,0.45364536453645365,0.44892221180880976,131000.0,1,1,36,481.0
1779,2830000.0,13.0,0.4074136609653927,0.0,0.0,0.0,0.44040247678018574,0.4336917562724873,0.43902472242345825,0.45475113122171945,0.37758024313602523,0.4339650140059905,0.49646711594687815,0,0,18177000.0,0.45364536453645365,0.39678284182305634,2640000.0,0,0,37,439.0
1780,90000.0,12.0,0.5628080317442733,274.0,274.0,40000.0,0.44040247678018574,0.4694783573806881,0.45782858909969404,0.44281793229643185,0.4604834864076457,0.48068087923257147,0.4407909194105085,0,0,962000.0,0.43488372093023253,0.45443645083932854,126000.0,0,0,36,445.0
1781,220000.0,11.0,0.4646406293882584,0.0,0.0,0.0,0.44040247678018574,0.4539823008849557,0.5254093931718659,0.45475113122171945,0.5592064152301905,0.4339650140059905,0.4606736933325396,0,1,2308000.0,0.45364536453645365,0.45443645083932854,481000.0,0,0,36,323.0
1782,1760000.0,3.0,0.471073469342046,1582.0,0.0,0.0,0.44040247678018574,0.4539823008849557,0.4956486747857908,0.45475113122171945,0.43697478992002986,0.5217257015040757,0.40526968668929697,0,0,12427000.0,0.43488372093023253,0.44892221180880976,1862000.0,0,1,33,446.0
1783,170000.0,13.0,0.4706709757445273,0.0,0.0,605344.4272445821,0.45774647887323944,0.4539823008849557,0.43902472242345825,0.45475113122171945,0.3739186560656616,0.4658901691183491,0.4606736933325396,1,0,7688000.0,0.43488372093023253,0.44892221180880976,862000.0,1,0,39,414.0
1784,180000.0,13.0,0.5628080317442733,248.0,248.0,20000.0,0.44040247678018574,0.4129263913824057,0.470084171924464,0.44281793229643185,0.45864649596466484,0.45677246944372973,0.4425020459775707,0,1,1964000.0,0.45364536453645365,0.44892221180880976,222000.0,0,0,38,421.0
1785,2720000.0,14.0,0.49269077310150705,0.0,0.0,0.0,0.45774647887323944,0.4129263913824057,0.5056772402445142,0.45045045045045046,0.4583333330136348,0.5183627257078485,0.4789986557881242,0,0,14874000.0,0.43488372093023253,0.39678284182305634,2939000.0,0,0,33,411.0
1786,190000.0,14.0,0.4498690306228219,0.0,0.0,0.0,0.468085106382978,0.4694783573806881,0.4799991436755424,0.45045045045045046,0.414225941433284,0.5183627257078485,0.49141635626861524,1,1,11210000.0,0.43488372093023253,0.44892221180880976,1626000.0,1,0,38,311.0
1787,870000.0,21.0,0.4074136609653927,0.0,0.0,0.0,0.45774647887323944,0.4539823008849557,0.5257384019435941,0.44281793229643185,0.3739186560656616,0.46721243412305624,0.44169753216105057,0,0,4815000.0,0.45364536453645365,0.44892221180880976,1722000.0,0,0,41,521.0
1788,100000.0,10.0,0.4581005575150995,0.0,0.0,0.0,0.45774647887323944,0.4539823008849557,0.5375745064065167,0.44281793229643185,0.45890407585949666,0.36975187045665187,0.41315158258670154,0,1,883000.0,0.43488372093023253,0.39678284182305634,142000.0,0,0,41,383.0
1789,180000.0,10.0,0.4844907454931315,0.0,0.0,605344.4272445821,0.44040247678018574,0.4694783573806881,0.4799991436755424,0.44281793229643185,0.43096844666979034,0.45192239757482366,0.5602211136196202,0,0,3846000.0,0.4568764568764569,0.44892221180880976,542000.0,0,0,37,467.0
1790,190000.0,12.0,0.4844907454931315,0.0,0.0,0.0,0.44040247678018574,0.4694783573806881,0.4799991436755424,0.45475113122171945,0.414225941433284,0.40002703158873276,0.3580839468498659,0,1,1903000.0,0.43488372093023253,0.44892221180880976,240000.0,0,0,40,327.0
1791,110000.0,12.0,0.3971634082048179,0.0,0.0,400000.0,0.45774647887323944,0.4539823008849557,0.4956486747857908,0.44281793229643185,0.3739186560656616,0.36975187045665187,0.41047292637935173,1,0,1489000.0,0.4568764568764569,0.44892221180880976,98000.0,1,1,37,466.89744512414535
1792,170000.0,12.0,0.4220779627191293,0.0,0.0,0.0,0.45774647887323944,0.4129263913824057,0.4956486747857908,0.45475113122171945,0.417393662751422,0.49482456551750875,0.5602211136196202,0,0,1370000.0,0.45364536453645365,0.45443645083932854,207000.0,0,0,39,466.89744512414535
1793,1440000.0,4.0,0.4498690306228219,8.0,8.0,3140000.0,0.44040247678018574,0.4694783573806881,0.5056772402445142,0.45433255269320844,0.43697478992002986,0.40002703158873276,0.44519311265006384,1,0,5170000.0,0.45364536453645365,0.44892221180880976,1920000.0,1,1,33,455.0
1794,4440000.0,17.0,0.40004455157916113,0.0,0.0,0.0,0.44040247678018574,0.4539823008849557,0.4799991436755424,0.45045045045045046,0.46907216438869503,0.37737165958551677,0.4106715025408491,0,0,58087000.0,0.4568764568764569,0.47386172006745364,5181000.0,0,0,33,391.0
1795,220000.0,12.0,0.4375202018743684,0.0,0.0,0.0,0.45774647887323944,0.4129263913824057,0.4268739712093834,0.44281793229643185,0.46907216438869503,0.5164278000280932,0.37192363309077975,0,0,2906000.0,0.45364536453645365,0.39678284182305634,274000.0,0,1,36,586.0
1796,170000.0,14.0,0.471073469342046,0.0,0.0,0.0,0.40000603415401237,0.4129263913824057,0.4485294151733482,0.45475113122171945,0.43697478992002986,0.4757214900689184,0.5602211136196202,0,0,1838000.0,0.45364536453645365,0.47386172006745364,396000.0,0,0,35,544.0
1797,220000.0,13.0,0.4360903840722853,0.0,0.0,605344.4272445821,0.45774647887323944,0.4336917562724873,0.4799991436755424,0.45045045045045046,0.46907216438869503,0.3721191346526487,0.348329989309645,0,0,2653000.0,0.4568764568764569,0.44892221180880976,385000.0,0,0,38,468.0
1798,3580000.0,14.0,0.43673114297615767,878.0,878.0,1570000.0,0.44040247678018574,0.4129263913824057,0.470084171924464,0.44281793229643185,0.4583333330136348,0.4321363669380822,0.42117558521355203,1,0,104624000.0,0.45364536453645365,0.44892221180880976,4413000.0,1,0,35,477.0
1799,4080000.0,14.0,0.40004455157916113,82.40884820747522,114.68688024408848,0.0,0.44040247678018574,0.4694783573806881,0.5363528439845596,0.45433255269320844,0.417393662751422,0.3810650946770142,0.3156771054360342,0,0,61901000.0,0.43488372093023253,0.44892221180880976,5528000.0,0,0,36,497.0
1800,3310000.0,15.0,0.4844907454931315,0.0,0.0,0.0,0.468085106382978,0.4539823008849557,0.4415584526838991,0.45475113122171945,0.414225941433284,0.36975187045665187,0.42220278660777283,0,0,64364000.0,0.4568764568764569,0.44892221180880976,3553000.0,0,0,36,509.0
1801,1840000.0,18.0,0.583862843505718,0.0,0.0,0.0,0.45774647887323944,0.4129263913824057,0.476615203163763,0.45045045045045046,0.37758024313602523,0.3965552694677991,0.3904954284948803,0,0,13966000.0,0.4568764568764569,0.39678284182305634,2657000.0,0,0,37,455.0
1802,940000.0,13.0,0.4074136609653927,0.0,0.0,0.0,0.44040247678018574,0.4539823008849557,0.3931036562142931,0.45433255269320844,0.43697478992002986,0.43679650911494705,0.3270423716835601,0,0,6131000.0,0.43488372093023253,0.39678284182305634,1018000.0,0,0,38,489.0
1803,170000.0,12.0,0.4581005575150995,0.0,0.0,60000.0,0.44040247678018574,0.4694783573806881,0.4415584526838991,0.45475113122171945,0.45864649596466484,0.45331529430883266,0.41240204586511464,1,0,2153000.0,0.45364536453645365,0.44892221180880976,262000.0,1,0,38,656.0
1804,110000.0,13.0,0.46341463401227523,0.0,0.0,110000.0,0.45774647887323944,0.4336917562724873,0.46428416000978534,0.44281793229643185,0.3541279498012266,0.45331529430883266,0.4332390300357073,0,0,1074000.0,0.45364536453645365,0.44892221180880976,94000.0,0,1,39,466.89744512414535
1805,3050000.0,31.0,0.4074136609653927,0.0,0.0,0.0,0.40000603415401237,0.4694783573806881,0.4485294151733482,0.45475113122171945,0.43697478992002986,0.3810650946770142,0.5582615046868826,0,1,6986000.0,0.4568764568764569,0.44892221180880976,2713000.0,0,1,38,584.0
1806,5940000.0,18.0,0.4278491036733748,6.0,6.0,1220000.0,0.45774647887323944,0.4539823008849557,0.3931036562142931,0.45433255269320844,0.45890407585949666,0.3810650946770142,0.3580839468498659,1,0,51902000.0,0.4568764568764569,0.47386172006745364,4510000.0,1,0,31,546.0
1807,130000.0,11.0,0.49269077310150705,901.0,901.0,1040000.0,0.45774647887323944,0.4694783573806881,0.40571030945850584,0.45475113122171945,0.4230769551118841,0.40002703158873276,0.48822655398093273,1,0,4149000.0,0.45364536453645365,0.47386172006745364,649000.0,1,0,37,376.0
1808,5000000.0,15.0,0.4360903840722853,82.40884820747522,114.68688024408848,605344.4272445821,0.44040247678018574,0.4539823008849557,0.30013565669860115,0.44281793229643185,0.4687495951044435,0.5071462083323844,0.4626438500979087,1,1,17426000.0,0.4568764568764569,0.44892221180880976,4486000.0,1,0,36,333.0
1809,170000.0,10.0,0.4220779627191293,612.0,612.0,830000.0,0.44040247678018574,0.4129263913824057,0.3971634082048179,0.45433255269320844,0.4468097890743483,0.4339650140059905,0.4543800115079512,1,0,13255000.0,0.45364536453645365,0.45443645083932854,1305000.0,1,0,37,488.0
1810,110000.0,11.0,0.4278491036733748,0.0,0.0,0.0,0.468085106382978,0.4336917562724873,0.4956486747857908,0.44281793229643185,0.43697478992002986,0.40002703158873276,0.6100509010581558,1,1,1057000.0,0.4568764568764569,0.44892221180880976,110000.0,1,0,37,328.0
1811,160000.0,18.0,0.4074136609653927,0.0,0.0,70000.0,0.45774647887323944,0.4336917562724873,0.3971634082048179,0.44281793229643185,0.43697478992002986,0.4859069669135048,0.44519311265006384,0,1,1526000.0,0.4568764568764569,0.44892221180880976,325000.0,0,0,36,429.0
1812,1010000.0,14.0,0.3928574872021717,0.0,0.0,680000.0,0.45774647887323944,0.4694783573806881,0.5257384019435941,0.45475113122171945,0.4511627906899892,0.3721191346526487,0.45745399554685107,1,0,12465000.0,0.45364536453645365,0.44892221180880976,2325000.0,1,0,32,355.0
1813,90000.0,12.0,0.4646406293882584,0.0,0.0,20000.0,0.45774647887323944,0.4129263913824057,0.5375745064065167,0.45433255269320844,0.414225941433284,0.45331529430883266,0.5233562461236126,0,0,803000.0,0.4568764568764569,0.44892221180880976,95000.0,0,0,39,336.0
1814,80000.0,14.0,0.40004455157916113,0.0,0.0,0.0,0.45774647887323944,0.4694783573806881,0.43902472242345825,0.45045045045045046,0.43697478992002986,0.4130722746472325,0.5009630346757856,0,0,16616000.0,0.4568764568764569,0.39678284182305634,2213000.0,0,0,35,613.0
1815,170000.0,13.0,0.4581005575150995,0.0,0.0,0.0,0.45774647887323944,0.4539823008849557,0.4485294151733482,0.45475113122171945,0.43697478992002986,0.5164278000280932,0.4278491036733748,0,0,1386000.0,0.4568764568764569,0.44892221180880976,254000.0,0,0,37,427.0
1816,300000.0,10.0,0.4360903840722853,0.0,0.0,0.0,0.45774647887323944,0.4694783573806881,0.3971634082048179,0.45475113122171945,0.34356713843530684,0.5171573620994421,0.45745399554685107,1,1,16683000.0,0.44758586022284785,0.45443645083932854,2115000.0,1,0,39,569.0
1817,1400000.0,14.0,0.3928574872021717,0.0,0.0,190000.0,0.45774647887323944,0.4539823008849557,0.5363528439845596,0.44281793229643185,0.417393662751422,0.49482456551750875,0.4653190175668822,1,0,9493000.0,0.43488372093023253,0.39678284182305634,2283000.0,1,0,37,428.0
1818,460000.0,14.0,0.4220779627191293,0.0,0.0,0.0,0.468085106382978,0.4694783573806881,0.4956486747857908,0.44281793229643185,0.45864649596466484,0.3810650946770142,0.36641942856818427,1,1,3336000.0,0.45364536453645365,0.44892221180880976,904000.0,1,0,37,386.0
1819,120000.0,11.0,0.4668770371178462,0.0,0.0,10000.0,0.45774647887323944,0.4336917562724873,0.4415584526838991,0.44281793229643185,0.4511627906899892,0.40002703158873276,0.4270121893767379,0,0,1074000.0,0.43488372093023253,0.39678284182305634,116000.0,0,0,38,371.0
1820,170000.0,12.0,0.4360903840722853,0.0,0.0,605344.4272445821,0.45774647887323944,0.4539823008849557,0.5375745064065167,0.44281793229643185,0.45864649596466484,0.36975187045665187,0.4037095629016318,0,0,2778000.0,0.4568764568764569,0.39678284182305634,538000.0,0,0,39,537.0
1821,220000.0,19.0,0.44387755113454985,0.0,0.0,0.0,0.44040247678018574,0.4539823008849557,0.4485294151733482,0.45475113122171945,0.4583333330136348,0.5164278000280932,0.4696533706380367,0,1,1468000.0,0.45364536453645365,0.39678284182305634,290000.0,0,0,35,326.0
1822,1260000.0,12.0,0.35775698265868106,0.0,75.0,1910000.0,0.468085106382978,0.4694783573806881,0.4415584526838991,0.44281793229643185,0.46907216438869503,0.4658901691183491,0.3270423716835601,1,1,11781000.0,0.45364536453645365,0.45443645083932854,1677000.0,1,0,39,488.0
1823,220000.0,12.0,0.4747378959928985,0.0,0.0,0.0,0.44040247678018574,0.4129263913824057,0.3442355460389141,0.44281793229643185,0.45864649596466484,0.5164278000280932,0.5035331693654489,0,1,3470000.0,0.43488372093023253,0.45443645083932854,391000.0,0,0,36,417.0
1824,4330000.0,17.0,0.46341463401227523,0.0,0.0,0.0,0.40000603415401237,0.4129263913824057,0.44545497076419477,0.45045045045045046,0.5031846524456339,0.36975187045665187,0.4606736933325396,1,0,33152000.0,0.43488372093023253,0.39678284182305634,4595000.0,1,0,34,370.0
1825,1120000.0,13.0,0.4774317289223725,0.0,0.0,0.0,0.44040247678018574,0.4129263913824057,0.4799991436755424,0.45475113122171945,0.4583333330136348,0.5071462083323844,0.5233562461236126,0,0,5632000.0,0.45364536453645365,0.47386172006745364,1160000.0,0,0,36,383.0
1826,160000.0,13.0,0.43673114297615767,0.0,0.0,10000.0,0.44040247678018574,0.4336917562724873,0.5375745064065167,0.44281793229643185,0.5031846524456339,0.45677246944372973,0.47190419232428393,1,0,1585000.0,0.4568764568764569,0.39678284182305634,188000.0,1,1,39,380.0
1827,170000.0,10.0,0.471073469342046,0.0,0.0,605344.4272445821,0.44040247678018574,0.4694783573806881,0.3900197525554698,0.44281793229643185,0.43697478992002986,0.40235614355016347,0.45989425850057764,0,1,2924000.0,0.45364536453645365,0.39678284182305634,418000.0,0,0,40,342.0
1828,200000.0,10.0,0.4220779627191293,0.0,0.0,0.0,0.468085106382978,0.4539823008849557,0.5375745064065167,0.44281793229643185,0.4583333330136348,0.4395681403885853,0.45200464380003236,1,1,3679000.0,0.4568764568764569,0.44892221180880976,577000.0,1,1,36,315.0
1829,170000.0,12.0,0.4747378959928985,0.0,0.0,170000.0,0.44040247678018574,0.4694783573806881,0.44545497076419477,0.45475113122171945,0.4604834864076457,0.46721243412305624,0.348329989309645,1,0,1380000.0,0.4568764568764569,0.44892221180880976,240000.0,1,0,37,466.89744512414535
1830,230000.0,18.0,0.46341463401227523,0.0,0.0,0.0,0.45774647887323944,0.4539823008849557,0.4956486747857908,0.44281793229643185,0.43697478992002986,0.4757214900689184,0.5485893972844256,0,0,812000.0,0.43488372093023253,0.44892221180880976,231000.0,0,0,36,431.0
1831,140000.0,11.0,0.4220779627191293,82.40884820747522,114.68688024408848,605344.4272445821,0.468085106382978,0.4539823008849557,0.43902472242345825,0.44281793229643185,0.44230917465915276,0.46365822718746796,0.4696533706380367,1,0,1197000.0,0.4568764568764569,0.45443645083932854,130000.0,1,0,39,416.0
1832,170000.0,17.0,0.4074136609653927,82.40884820747522,114.68688024408848,605344.4272445821,0.468085106382978,0.4336917562724873,0.4956486747857908,0.45475113122171945,0.37758024313602523,0.4339650140059905,0.39896986903151255,0,1,1173000.0,0.45364536453645365,0.47386172006745364,236000.0,0,0,37,591.0
1833,110000.0,11.0,0.40004455157916113,9.0,9.0,100000.0,0.44040247678018574,0.4129263913824057,0.4214287402257545,0.45475113122171945,0.4511627906899892,0.531814720884261,0.37192363309077975,1,0,851000.0,0.43488372093023253,0.47386172006745364,100000.0,1,1,38,583.0
1834,180000.0,13.0,0.4220779627191293,0.0,0.0,0.0,0.45774647887323944,0.4336917562724873,0.4799991436755424,0.44281793229643185,0.4687495951044435,0.40002703158873276,0.4543800115079512,0,1,1009000.0,0.43488372093023253,0.47386172006745364,173000.0,0,0,36,360.0
1835,2080000.0,3.0,0.4646406293882584,82.40884820747522,114.68688024408848,0.0,0.44040247678018574,0.4129263913824057,0.5056772402445142,0.45045045045045046,0.46907216438869503,0.5183627257078485,0.41047292637935173,0,0,5582000.0,0.43488372093023253,0.47386172006745364,1619000.0,0,1,32,404.0
1836,120000.0,12.0,0.35775698265868106,0.0,0.0,0.0,0.45774647887323944,0.4539823008849557,0.38083308316558756,0.45433255269320844,0.45864649596466484,0.5164278000280932,0.46629820821531875,0,0,1196000.0,0.45364536453645365,0.47386172006745364,154000.0,0,0,35,381.0
1837,160000.0,16.0,0.5065614987246854,0.0,0.0,0.0,0.44040247678018574,0.4694783573806881,0.5069442053895509,0.44281793229643185,0.4468097890743483,0.46721243412305624,0.46016463299084465,0,1,739000.0,0.4568764568764569,0.45443645083932854,206000.0,0,0,36,328.0
1838,210000.0,14.0,0.44387755113454985,0.0,0.0,0.0,0.45774647887323944,0.4129263913824057,0.4799991436755424,0.45045045045045046,0.4583333330136348,0.4339650140059905,0.41315158258670154,0,0,1777000.0,0.4568764568764569,0.44892221180880976,308000.0,0,0,35,333.0
1839,90000.0,14.0,0.4774317289223725,0.0,120.0,20000.0,0.45774647887323944,0.4336917562724873,0.4268739712093834,0.45433255269320844,0.34356713843530684,0.46721243412305624,0.4543800115079512,0,0,1809000.0,0.43488372093023253,0.44892221180880976,264000.0,0,0,37,392.0
1840,170000.0,13.0,0.40004455157916113,0.0,0.0,0.0,0.45774647887323944,0.4539823008849557,0.41581515781000167,0.44281793229643185,0.45864649596466484,0.43679650911494705,0.46016463299084465,0,0,974000.0,0.43488372093023253,0.47386172006745364,223000.0,0,1,37,347.0
1841,110000.0,12.0,0.45885149198403496,892.0,892.0,280000.0,0.44040247678018574,0.4129263913824057,0.5375745064065167,0.44281793229643185,0.5315593642552221,0.3721191346526487,0.41047292637935173,0,1,3262000.0,0.45364536453645365,0.47386172006745364,514000.0,0,0,38,469.0
1842,1940000.0,4.0,0.45453917520963155,82.40884820747522,114.68688024408848,0.0,0.44040247678018574,0.4336917562724873,0.4799991436755424,0.45433255269320844,0.45864649596466484,0.3750074661878128,0.4530944584075768,1,1,9796000.0,0.43488372093023253,0.45443645083932854,2311000.0,1,1,31,438.0
1843,3380000.0,23.0,0.4646406293882584,0.0,3.0,240000.0,0.44040247678018574,0.4539823008849557,0.5056772402445142,0.45475113122171945,0.4687495951044435,0.4321363669380822,0.5247762159801056,0,0,34058000.0,0.45364536453645365,0.47386172006745364,2844000.0,0,0,40,490.0
1844,180000.0,14.0,0.4581005575150995,500.0,500.0,400000.0,0.45774647887323944,0.4539823008849557,0.5375745064065167,0.44281793229643185,0.4905583684264643,0.4658901691183491,0.40582917672392776,0,0,1394000.0,0.45364536453645365,0.44892221180880976,165000.0,0,0,38,342.0
1845,100000.0,17.0,0.4360903840722853,1134.0,1134.0,10000.0,0.45774647887323944,0.4694783573806881,0.4485294151733482,0.44281793229643185,0.5063919873437158,0.5491139021556548,0.5582615046868826,0,0,669000.0,0.45364536453645365,0.45443645083932854,127000.0,0,0,36,378.0
1846,660000.0,18.0,0.45885149198403496,0.0,0.0,0.0,0.44040247678018574,0.4694783573806881,0.36271363783177113,0.44281793229643185,0.4687495951044435,0.40002703158873276,0.4106715025408491,0,0,8398000.0,0.43488372093023253,0.44892221180880976,614000.0,0,1,35,484.0
1847,590000.0,16.0,0.4646406293882584,0.0,0.0,0.0,0.45774647887323944,0.4336917562724873,0.3900197525554698,0.45433255269320844,0.44230917465915276,0.45192239757482366,0.4994506452738054,0,1,3419000.0,0.4568764568764569,0.45443645083932854,618000.0,0,0,35,616.0
1848,180000.0,12.0,0.4220779627191293,0.0,78.0,300000.0,0.44040247678018574,0.4539823008849557,0.5363528439845596,0.44281793229643185,0.4511627906899892,0.3965552694677991,0.43179497331840055,1,1,2002000.0,0.43488372093023253,0.44892221180880976,320000.0,1,0,39,395.0
1849,170000.0,11.0,0.4706709757445273,0.0,0.0,0.0,0.40000603415401237,0.4539823008849557,0.5254093931718659,0.44281793229643185,0.43096844666979034,0.3750074661878128,0.5157460113123283,0,0,1528000.0,0.45364536453645365,0.39678284182305634,221000.0,0,0,36,341.0
1850,100000.0,12.0,0.40004455157916113,0.0,0.0,0.0,0.44040247678018574,0.4129263913824057,0.4956486747857908,0.44281793229643185,0.43697478992002986,0.36975187045665187,0.5009630346757856,0,0,773000.0,0.45364536453645365,0.44892221180880976,93000.0,0,0,37,665.0
1851,1900000.0,18.0,0.45885149198403496,999.0,999.0,100000.0,0.468085106382978,0.4539823008849557,0.3971634082048179,0.45475113122171945,0.5606727833398578,0.45192239757482366,0.4332390300357073,1,0,14139000.0,0.45364536453645365,0.44892221180880976,2682000.0,1,0,34,393.0
1852,1680000.0,10.0,0.3928574872021717,0.0,0.0,605344.4272445821,0.45774647887323944,0.4694783573806881,0.43902472242345825,0.45433255269320844,0.4230769551118841,0.5071462083323844,0.6100509010581558,0,0,9334000.0,0.4568764568764569,0.39678284182305634,1272000.0,0,0,39,348.0
1853,100000.0,11.0,0.3928574872021717,0.0,0.0,0.0,0.468085106382978,0.4129263913824057,0.3900197525554698,0.44281793229643185,0.414225941433284,0.5164278000280932,0.5485893972844256,0,0,3216000.0,0.45364536453645365,0.44892221180880976,467000.0,0,0,40,575.0
1854,5120000.0,19.0,0.44387755113454985,0.0,0.0,0.0,0.44040247678018574,0.4539823008849557,0.4505327389584535,0.45433255269320844,0.46907216438869503,0.3965552694677991,0.49141635626861524,0,0,120736000.0,0.43488372093023253,0.44892221180880976,4372000.0,0,0,33,708.0
1855,4130000.0,17.0,0.4375202018743684,0.0,0.0,780000.0,0.45774647887323944,0.4694783573806881,0.5363528439845596,0.45433255269320844,0.3739186560656616,0.40235614355016347,0.423941142391273,0,1,32833000.0,0.44758586022284785,0.39678284182305634,5590000.0,0,0,35,560.0
1856,190000.0,14.0,0.4615356204904945,0.0,0.0,0.0,0.44040247678018574,0.4539823008849557,0.4214287402257545,0.45475113122171945,0.43697478992002986,0.43679650911494705,0.49315734568265995,0,0,1188000.0,0.45364536453645365,0.44892221180880976,294000.0,0,0,37,332.0
1857,160000.0,11.0,0.4360903840722853,82.40884820747522,114.68688024408848,605344.4272445821,0.45774647887323944,0.4539823008849557,0.4485294151733482,0.45433255269320844,0.5031846524456339,0.5183627257078485,0.4278491036733748,1,0,2284000.0,0.45364536453645365,0.45443645083932854,295000.0,1,1,35,325.0
1858,130000.0,19.0,0.4220779627191293,999.0,999.0,660000.0,0.468085106382978,0.4539823008849557,0.4956486747857908,0.45475113122171945,0.4583333330136348,0.5071462083323844,0.49057865436532944,1,0,559000.0,0.45364536453645365,0.47386172006745364,112000.0,1,1,37,433.0
1859,3000000.0,18.0,0.4498690306228219,0.0,0.0,0.0,0.45774647887323944,0.4129263913824057,0.4214287402257545,0.44281793229643185,0.414225941433284,0.45331529430883266,0.4014334059125707,0,0,52148000.0,0.43488372093023253,0.44892221180880976,3091000.0,0,0,32,536.0
1860,110000.0,16.0,0.4074136609653927,0.0,0.0,60000.0,0.45774647887323944,0.4336917562724873,0.30013565669860115,0.45433255269320844,0.4230769551118841,0.37737165958551677,0.4994506452738054,1,1,824000.0,0.43488372093023253,0.45443645083932854,115000.0,1,0,37,366.0
1861,1240000.0,3.0,0.44387755113454985,82.40884820747522,114.68688024408848,0.0,0.45774647887323944,0.4539823008849557,0.5363528439845596,0.45475113122171945,0.5063919873437158,0.5171573620994421,0.36641942856818427,0,0,11170000.0,0.45364536453645365,0.44892221180880976,1668000.0,0,0,32,387.0
1862,4240000.0,15.0,0.45453917520963155,0.0,0.0,450000.0,0.44040247678018574,0.4336917562724873,0.3931036562142931,0.45475113122171945,0.37758024313602523,0.4757214900689184,0.42220278660777283,0,0,31215000.0,0.4568764568764569,0.44892221180880976,4347000.0,0,1,36,496.0
1863,3070000.0,12.0,0.43673114297615767,13.0,30.0,960000.0,0.468085106382978,0.4129263913824057,0.3971634082048179,0.44281793229643185,0.45890407585949666,0.45192239757482366,0.3156771054360342,1,0,34837000.0,0.45364536453645365,0.44892221180880976,2538000.0,1,0,37,595.0
1864,180000.0,12.0,0.4646406293882584,0.0,0.0,605344.4272445821,0.40000603415401237,0.4129263913824057,0.43902472242345825,0.45433255269320844,0.45864649596466484,0.5164278000280932,0.5247762159801056,0,1,1675000.0,0.45364536453645365,0.47386172006745364,236000.0,0,0,39,520.0
1865,180000.0,14.0,0.4498690306228219,0.0,0.0,0.0,0.468085106382978,0.4694783573806881,0.45782858909969404,0.45475113122171945,0.414225941433284,0.37737165958551677,0.41315158258670154,0,0,2360000.0,0.43488372093023253,0.39678284182305634,382000.0,0,0,36,425.0
1866,820000.0,28.0,0.4774317289223725,239.0,239.0,0.0,0.40000603415401237,0.4694783573806881,0.46428416000978534,0.44281793229643185,0.4230769551118841,0.4444688960343153,0.42220278660777283,1,1,3108000.0,0.45364536453645365,0.45443645083932854,956000.0,1,1,39,410.0
1867,220000.0,10.0,0.4498690306228219,122.0,0.0,920000.0,0.44040247678018574,0.4539823008849557,0.476615203163763,0.44281793229643185,0.4687495951044435,0.5217257015040757,0.48822655398093273,0,1,125509000.0,0.45364536453645365,0.44892221180880976,3403000.0,0,0,38,425.0
1868,220000.0,16.0,0.45453917520963155,468.0,468.0,370000.0,0.45774647887323944,0.4129263913824057,0.5254093931718659,0.45433255269320844,0.414225941433284,0.43574970796090917,0.41240204586511464,1,0,901000.0,0.44758586022284785,0.45443645083932854,210000.0,1,0,36,421.0
1869,90000.0,14.0,0.4906797478948485,0.0,0.0,0.0,0.44040247678018574,0.4129263913824057,0.4485294151733482,0.45475113122171945,0.4905583684264643,0.3810650946770142,0.3270423716835601,1,0,3113000.0,0.4568764568764569,0.47386172006745364,532000.0,1,0,36,460.0
1870,5630000.0,12.0,0.4581005575150995,104.0,104.0,120000.0,0.45774647887323944,0.4694783573806881,0.4799991436755424,0.44281793229643185,0.46907216438869503,0.46365822718746796,0.36719335159199484,1,0,51387000.0,0.45364536453645365,0.45443645083932854,4396000.0,1,0,34,583.0
1871,200000.0,15.0,0.3971634082048179,0.0,0.0,0.0,0.45774647887323944,0.4694783573806881,0.5363528439845596,0.44281793229643185,0.43697478992002986,0.4444688960343153,0.45989425850057764,0,0,1318000.0,0.43488372093023253,0.45443645083932854,327000.0,0,0,36,353.0
1872,190000.0,14.0,0.44387755113454985,180.0,0.0,30000.0,0.45774647887323944,0.4129263913824057,0.5069442053895509,0.45475113122171945,0.4687495951044435,0.5183627257078485,0.5081959184294307,1,0,1728000.0,0.4568764568764569,0.44892221180880976,180000.0,1,1,39,466.89744512414535
1873,120000.0,18.0,0.3971634082048179,0.0,0.0,0.0,0.44040247678018574,0.4694783573806881,0.5254093931718659,0.45045045045045046,0.43697478992002986,0.531814720884261,0.5009630346757856,0,0,485000.0,0.43488372093023253,0.44892221180880976,91000.0,0,0,36,379.0
1874,210000.0,10.0,0.4220779627191293,0.0,0.0,0.0,0.44040247678018574,0.4694783573806881,0.3971634082048179,0.45475113122171945,0.4468097890743483,0.4859069669135048,0.3580839468498659,0,0,1629000.0,0.4568764568764569,0.44892221180880976,237000.0,0,0,37,466.0
1875,230000.0,14.0,0.4074136609653927,0.0,0.0,0.0,0.44040247678018574,0.4539823008849557,0.5056772402445142,0.44281793229643185,0.43697478992002986,0.45677246944372973,0.41047292637935173,0,0,1471000.0,0.4568764568764569,0.45443645083932854,253000.0,0,1,35,374.0
1876,140000.0,11.0,0.3971634082048179,0.0,0.0,0.0,0.44040247678018574,0.4539823008849557,0.40571030945850584,0.45045045045045046,0.5592064152301905,0.48077782044892603,0.40201973495344345,0,1,923000.0,0.43488372093023253,0.45443645083932854,139000.0,0,1,39,487.0
1877,1750000.0,10.0,0.45453917520963155,0.0,0.0,0.0,0.44040247678018574,0.4539823008849557,0.4415584526838991,0.44281793229643185,0.43697478992002986,0.3750074661878128,0.4653190175668822,0,1,32731000.0,0.43488372093023253,0.44892221180880976,3005000.0,0,0,39,734.0
1878,120000.0,10.0,0.4220779627191293,0.0,0.0,0.0,0.44040247678018574,0.4129263913824057,0.3971634082048179,0.44281793229643185,0.417393662751422,0.46365822718746796,0.48822655398093273,0,1,973000.0,0.4568764568764569,0.47386172006745364,137000.0,0,1,39,430.0
1879,2470000.0,13.0,0.4615356204904945,0.0,0.0,20000.0,0.40000603415401237,0.4539823008849557,0.43902472242345825,0.45433255269320844,0.45890407585949666,0.46721243412305624,0.5030873748448164,1,0,26163000.0,0.45364536453645365,0.44892221180880976,2418000.0,1,0,33,493.0
1880,140000.0,12.0,0.35775698265868106,0.0,0.0,0.0,0.44040247678018574,0.4694783573806881,0.476615203163763,0.45475113122171945,0.4230769551118841,0.36975187045665187,0.46016463299084465,0,0,1074000.0,0.43488372093023253,0.45443645083932854,144000.0,0,0,38,447.0
1881,2380000.0,12.0,0.3971634082048179,2.0,2.0,1390000.0,0.45774647887323944,0.4694783573806881,0.4799991436755424,0.44281793229643185,0.3739186560656616,0.4339650140059905,0.3758582472222368,1,1,15918000.0,0.45364536453645365,0.44892221180880976,2156000.0,1,0,33,466.89744512414535
1882,3430000.0,5.0,0.4844907454931315,82.40884820747522,114.68688024408848,0.0,0.44040247678018574,0.4694783573806881,0.4415584526838991,0.45045045045045046,0.4583333330136348,0.3810650946770142,0.44084111937285236,1,0,10663000.0,0.4568764568764569,0.44892221180880976,3102000.0,1,0,33,338.0
1883,2240000.0,38.0,0.46341463401227523,0.0,0.0,0.0,0.44040247678018574,0.4694783573806881,0.45782858909969404,0.45475113122171945,0.44230917465915276,0.36975187045665187,0.5157460113123283,0,0,20163000.0,0.45364536453645365,0.44892221180880976,2306000.0,0,1,39,560.0
1884,600000.0,13.0,0.4220779627191293,0.0,0.0,0.0,0.40000603415401237,0.4694783573806881,0.43902472242345825,0.44281793229643185,0.43697478992002986,0.4468949699527549,0.41240204586511464,0,0,527000.0,0.43488372093023253,0.39678284182305634,698000.0,0,1,36,609.0
1885,190000.0,14.0,0.4646406293882584,0.0,0.0,0.0,0.468085106382978,0.4336917562724873,0.43902472242345825,0.45475113122171945,0.45864649596466484,0.4658901691183491,0.46016463299084465,0,0,1003000.0,0.4568764568764569,0.44892221180880976,220000.0,0,0,35,294.0
1886,160000.0,14.0,0.4581005575150995,82.40884820747522,114.68688024408848,0.0,0.44040247678018574,0.4694783573806881,0.4121240088339391,0.44281793229643185,0.45890407585949666,0.3965552694677991,0.36719335159199484,0,0,1747000.0,0.43488372093023253,0.44892221180880976,256000.0,0,1,32,490.0
1887,2520000.0,22.0,0.4646406293882584,0.0,0.0,0.0,0.44040247678018574,0.4694783573806881,0.44545497076419477,0.44281793229643185,0.37758024313602523,0.3965552694677991,0.45745399554685107,1,0,6642000.0,0.4568764568764569,0.45443645083932854,2468000.0,1,0,39,498.0
1888,1410000.0,19.0,0.583862843505718,0.0,0.0,0.0,0.40000603415401237,0.4694783573806881,0.476615203163763,0.45475113122171945,0.493908884521716,0.4389077345532648,0.379712180659019,0,0,3836000.0,0.43488372093023253,0.45443645083932854,1710000.0,0,0,40,628.0
1889,200000.0,18.0,0.4747378959928985,0.0,0.0,0.0,0.44040247678018574,0.4539823008849557,0.5257384019435941,0.45475113122171945,0.414225941433284,0.5164278000280932,0.4789986557881242,0,0,993000.0,0.4568764568764569,0.44892221180880976,247000.0,0,0,36,423.0
1890,2620000.0,24.0,0.4747378959928985,0.0,0.0,370000.0,0.45774647887323944,0.4129263913824057,0.5363528439845596,0.45433255269320844,0.4468097890743483,0.4444688960343153,0.44519311265006384,1,1,14221000.0,0.4568764568764569,0.45443645083932854,2960000.0,1,0,41,399.0
1891,180000.0,13.0,0.4615356204904945,0.0,0.0,0.0,0.44040247678018574,0.4129263913824057,0.4214287402257545,0.45475113122171945,0.43697478992002986,0.4757214900689184,0.4270121893767379,0,0,11940000.0,0.43488372093023253,0.44892221180880976,1549000.0,0,0,38,367.0
1892,1780000.0,29.0,0.4747378959928985,366.0,0.0,0.0,0.45774647887323944,0.4694783573806881,0.45782858909969404,0.45045045045045046,0.45890407585949666,0.3965552694677991,0.4696533706380367,1,0,9509000.0,0.45364536453645365,0.44892221180880976,2343000.0,1,1,40,466.89744512414535
1893,640000.0,13.0,0.583862843505718,0.0,13.0,600000.0,0.40000603415401237,0.4539823008849557,0.476615203163763,0.45045045045045046,0.4230769551118841,0.3965552694677991,0.348329989309645,1,0,3818000.0,0.43488372093023253,0.45443645083932854,638000.0,1,0,38,413.0
1894,260000.0,16.0,0.40004455157916113,0.0,0.0,0.0,0.45774647887323944,0.4129263913824057,0.43902472242345825,0.45475113122171945,0.4583333330136348,0.45677246944372973,0.5023579265365139,0,1,1902000.0,0.43488372093023253,0.44892221180880976,268000.0,0,1,32,481.0
1895,190000.0,3.0,0.4646406293882584,0.0,0.0,605344.4272445821,0.44040247678018574,0.4129263913824057,0.5257384019435941,0.45475113122171945,0.37758024313602523,0.4757214900689184,0.41240204586511464,0,0,1673000.0,0.4568764568764569,0.39678284182305634,194000.0,0,1,41,471.0
1896,4100000.0,13.0,0.4498690306228219,0.0,0.0,0.0,0.44040247678018574,0.4694783573806881,0.4956486747857908,0.44281793229643185,0.5031846524456339,0.5217257015040757,0.4375202018743684,0,0,37955000.0,0.43488372093023253,0.39678284182305634,5885000.0,0,0,35,489.0
1897,700000.0,14.0,0.43673114297615767,0.0,0.0,1100000.0,0.44040247678018574,0.4694783573806881,0.44545497076419477,0.45475113122171945,0.4230769551118841,0.3750074661878128,0.40582917672392776,0,1,5967000.0,0.43488372093023253,0.47386172006745364,1124000.0,0,0,36,392.0
1898,180000.0,18.0,0.40004455157916113,0.0,0.0,0.0,0.45774647887323944,0.4539823008849557,0.4121240088339391,0.44281793229643185,0.417393662751422,0.40002703158873276,0.5023579265365139,1,0,832000.0,0.4568764568764569,0.47386172006745364,133000.0,1,1,36,600.0
1899,980000.0,30.0,0.4646406293882584,0.0,0.0,605344.4272445821,0.45774647887323944,0.4129263913824057,0.5375745064065167,0.45433255269320844,0.43096844666979034,0.46365822718746796,0.5023579265365139,0,1,2431000.0,0.45364536453645365,0.47386172006745364,1386000.0,0,1,40,510.0
1900,280000.0,13.0,0.4646406293882584,0.0,0.0,0.0,0.45774647887323944,0.4539823008849557,0.4956486747857908,0.44281793229643185,0.4230769551118841,0.37737165958551677,0.518598179506269,1,0,6215000.0,0.4568764568764569,0.45443645083932854,780000.0,1,1,37,546.0
1901,330000.0,11.0,0.4646406293882584,82.40884820747522,114.68688024408848,605344.4272445821,0.45774647887323944,0.4539823008849557,0.3971634082048179,0.45045045045045046,0.414225941433284,0.3965552694677991,0.490206851056817,1,0,4948000.0,0.45364536453645365,0.44892221180880976,742000.0,1,0,31,368.0
1902,670000.0,15.0,0.40004455157916113,82.40884820747522,114.68688024408848,0.0,0.468085106382978,0.4539823008849557,0.5069442053895509,0.44281793229643185,0.4687495951044435,0.40002703158873276,0.4037095629016318,1,0,3247000.0,0.43488372093023253,0.45443645083932854,705000.0,1,0,33,569.0
1903,150000.0,10.0,0.4581005575150995,287.0,287.0,10000.0,0.45774647887323944,0.4694783573806881,0.4268739712093834,0.44281793229643185,0.45864649596466484,0.40235614355016347,0.45200464380003236,0,0,5013000.0,0.43488372093023253,0.44892221180880976,1042000.0,0,0,37,459.0
1904,3330000.0,4.0,0.4581005575150995,82.40884820747522,114.68688024408848,0.0,0.45774647887323944,0.4539823008849557,0.3931036562142931,0.45475113122171945,0.4583333330136348,0.3750074661878128,0.42117558521355203,0,0,17359000.0,0.4568764568764569,0.45443645083932854,2656000.0,0,0,32,525.0
1905,670000.0,17.0,0.35775698265868106,0.0,0.0,0.0,0.44040247678018574,0.4539823008849557,0.4415584526838991,0.45475113122171945,0.4835606203192975,0.45192239757482366,0.4270121893767379,0,1,4433000.0,0.43488372093023253,0.45443645083932854,768000.0,0,0,31,427.0
1906,220000.0,17.0,0.4581005575150995,0.0,0.0,0.0,0.45774647887323944,0.4539823008849557,0.3931036562142931,0.45475113122171945,0.4468097890743483,0.43679650911494705,0.5023579265365139,0,1,990000.0,0.45364536453645365,0.45443645083932854,267000.0,0,0,36,542.0
1907,940000.0,40.0,0.44387755113454985,0.0,0.0,0.0,0.468085106382978,0.4694783573806881,0.476615203163763,0.45045045045045046,0.37758024313602523,0.3721191346526487,0.4764655517659273,0,0,1923000.0,0.4568764568764569,0.39678284182305634,1039000.0,0,0,39,403.0
1908,590000.0,11.0,0.4074136609653927,0.0,0.0,0.0,0.44040247678018574,0.4539823008849557,0.470084171924464,0.45433255269320844,0.4511627906899892,0.4321363669380822,0.348329989309645,0,0,8613000.0,0.43488372093023253,0.44892221180880976,1197000.0,0,0,34,604.0
1909,1620000.0,10.0,0.45885149198403496,82.40884820747522,114.68688024408848,0.0,0.44040247678018574,0.4694783573806881,0.38083308316558756,0.45433255269320844,0.4687495951044435,0.5164278000280932,0.5157460113123283,0,0,21292000.0,0.45364536453645365,0.45443645083932854,3336000.0,0,0,32,409.0
1910,110000.0,12.0,0.44387755113454985,0.0,0.0,50000.0,0.45774647887323944,0.4539823008849557,0.3442355460389141,0.45475113122171945,0.44230917465915276,0.3750074661878128,0.36719335159199484,0,0,877000.0,0.45364536453645365,0.39678284182305634,122000.0,0,1,38,318.0
1911,170000.0,15.0,0.44387755113454985,1396.0,1396.0,90000.0,0.45774647887323944,0.4539823008849557,0.5254093931718659,0.45045045045045046,0.45890407585949666,0.43679650911494705,0.5247762159801056,1,0,1309000.0,0.43488372093023253,0.44892221180880976,220000.0,1,0,37,567.0
1912,3180000.0,17.0,0.4074136609653927,82.40884820747522,114.68688024408848,0.0,0.44040247678018574,0.4694783573806881,0.43902472242345825,0.45045045045045046,0.4468097890743483,0.40002703158873276,0.3580839468498659,0,0,19346000.0,0.43488372093023253,0.44892221180880976,3370000.0,0,0,34,378.0
1913,1560000.0,5.0,0.4498690306228219,0.0,0.0,0.0,0.45774647887323944,0.4539823008849557,0.46428416000978534,0.45475113122171945,0.45864649596466484,0.4339650140059905,0.4014334059125707,0,0,5562000.0,0.4568764568764569,0.45443645083932854,1375000.0,0,1,33,432.0
1914,180000.0,14.0,0.4360903840722853,0.0,0.0,0.0,0.45774647887323944,0.4694783573806881,0.4799991436755424,0.44281793229643185,0.414225941433284,0.45192239757482366,0.4789986557881242,0,0,1464000.0,0.45364536453645365,0.47386172006745364,212000.0,0,1,39,518.0
1915,2820000.0,18.0,0.4615356204904945,82.40884820747522,114.68688024408848,0.0,0.45774647887323944,0.4694783573806881,0.30013565669860115,0.45475113122171945,0.4511627906899892,0.40235614355016347,0.5220031427533425,0,1,13220000.0,0.4568764568764569,0.45443645083932854,3043000.0,0,1,31,542.0
1916,1430000.0,10.0,0.3971634082048179,0.0,0.0,210000.0,0.44040247678018574,0.4694783573806881,0.5069442053895509,0.45475113122171945,0.3739186560656616,0.5183627257078485,0.4771498533714657,1,0,2732000.0,0.43488372093023253,0.44892221180880976,1503000.0,1,1,38,399.0
1917,80000.0,13.0,0.5065614987246854,0.0,0.0,0.0,0.44040247678018574,0.4539823008849557,0.5363528439845596,0.44281793229643185,0.44230917465915276,0.3965552694677991,0.3244469103797425,0,1,1764000.0,0.45364536453645365,0.45443645083932854,276000.0,0,0,36,354.0
1918,2420000.0,26.0,0.4581005575150995,0.0,0.0,130000.0,0.45774647887323944,0.4694783573806881,0.5165869667180779,0.44281793229643185,0.4905583684264643,0.5106758841242302,0.40582917672392776,0,1,17040000.0,0.45364536453645365,0.47386172006745364,2881000.0,0,0,40,390.0
1919,200000.0,13.0,0.4375202018743684,1268.0,1268.0,4520000.0,0.44040247678018574,0.4336917562724873,0.4415584526838991,0.45475113122171945,0.37758024313602523,0.3721191346526487,0.37192363309077975,1,1,4921000.0,0.45364536453645365,0.39678284182305634,666000.0,1,1,40,500.0
1920,200000.0,11.0,0.4360903840722853,0.0,0.0,0.0,0.44040247678018574,0.4694783573806881,0.5056772402445142,0.45475113122171945,0.3739186560656616,0.48077782044892603,0.36641942856818427,0,0,1530000.0,0.4568764568764569,0.39678284182305634,223000.0,0,0,37,505.0
1921,2480000.0,13.0,0.4646406293882584,0.0,0.0,0.0,0.45774647887323944,0.4694783573806881,0.4268739712093834,0.45475113122171945,0.417393662751422,0.40002703158873276,0.379712180659019,0,0,32018000.0,0.43488372093023253,0.44892221180880976,3567000.0,0,0,36,398.0
1922,220000.0,14.0,0.46341463401227523,0.0,0.0,0.0,0.44040247678018574,0.4129263913824057,0.5363528439845596,0.45475113122171945,0.4905583684264643,0.4395681403885853,0.37192363309077975,1,0,1037000.0,0.43488372093023253,0.45443645083932854,287000.0,1,0,37,477.0
1923,1040000.0,16.0,0.43673114297615767,82.40884820747522,114.68688024408848,0.0,0.44040247678018574,0.4694783573806881,0.41581515781000167,0.44281793229643185,0.5592064152301905,0.5183627257078485,0.5059471983688024,0,0,5474000.0,0.43488372093023253,0.47386172006745364,1121000.0,0,0,32,405.0
1924,640000.0,14.0,0.44387755113454985,0.0,0.0,0.0,0.45774647887323944,0.4539823008849557,0.4415584526838991,0.44281793229643185,0.5031846524456339,0.45192239757482366,0.490206851056817,0,0,4432000.0,0.45364536453645365,0.47386172006745364,659000.0,0,1,37,335.0
1925,80000.0,10.0,0.3892717187010617,0.0,0.0,0.0,0.44040247678018574,0.4539823008849557,0.3931036562142931,0.45045045045045046,0.414225941433284,0.4757214900689184,0.3244469103797425,1,1,3721000.0,0.4568764568764569,0.39678284182305634,632000.0,1,1,38,388.0
1926,180000.0,11.0,0.4220779627191293,0.0,0.0,0.0,0.45774647887323944,0.4336917562724873,0.5159288114711631,0.45475113122171945,0.34356713843530684,0.5164278000280932,0.42220278660777283,0,1,7215000.0,0.43488372093023253,0.47386172006745364,1304000.0,0,1,37,476.0
1927,210000.0,13.0,0.4646406293882584,0.0,0.0,0.0,0.468085106382978,0.4129263913824057,0.3900197525554698,0.44281793229643185,0.414225941433284,0.40002703158873276,0.4445473453127392,0,0,1369000.0,0.45364536453645365,0.45443645083932854,193000.0,0,0,38,525.0
1928,2640000.0,11.0,0.4747378959928985,82.40884820747522,114.68688024408848,0.0,0.44040247678018574,0.4129263913824057,0.4214287402257545,0.45433255269320844,0.4230769551118841,0.4757214900689184,0.5220031427533425,0,1,15414000.0,0.4568764568764569,0.39678284182305634,2528000.0,0,0,32,554.0
1929,120000.0,12.0,0.44387755113454985,0.0,0.0,0.0,0.40000603415401237,0.4336917562724873,0.4214287402257545,0.45045045045045046,0.4230769551118841,0.43679650911494705,0.3758582472222368,0,1,1706000.0,0.43488372093023253,0.44892221180880976,266000.0,0,0,38,471.0
1930,90000.0,12.0,0.3892717187010617,0.0,0.0,0.0,0.44040247678018574,0.4694783573806881,0.5056772402445142,0.45433255269320844,0.4583333330136348,0.4321363669380822,0.4789986557881242,0,0,818000.0,0.43488372093023253,0.44892221180880976,91000.0,0,0,38,401.0
1931,1760000.0,23.0,0.46341463401227523,0.0,0.0,690000.0,0.45774647887323944,0.4336917562724873,0.5363528439845596,0.44281793229643185,0.414225941433284,0.5171573620994421,0.423941142391273,0,0,12318000.0,0.45364536453645365,0.44892221180880976,2696000.0,0,1,40,473.0
1932,2100000.0,5.0,0.4074136609653927,0.0,0.0,0.0,0.44040247678018574,0.4539823008849557,0.4268739712093834,0.45475113122171945,0.4905583684264643,0.5217257015040757,0.6100509010581558,1,0,5333000.0,0.43488372093023253,0.39678284182305634,1768000.0,1,1,32,466.89744512414535
1933,1090000.0,13.0,0.4668770371178462,0.0,0.0,0.0,0.44040247678018574,0.4539823008849557,0.5069442053895509,0.44281793229643185,0.4687495951044435,0.4339650140059905,0.5247762159801056,0,0,11290000.0,0.45364536453645365,0.45443645083932854,1901000.0,0,0,39,725.0
1934,180000.0,14.0,0.5628080317442733,0.0,0.0,605344.4272445821,0.44040247678018574,0.4539823008849557,0.4485294151733482,0.45433255269320844,0.5592064152301905,0.36975187045665187,0.5009630346757856,0,1,1362000.0,0.43488372093023253,0.44892221180880976,193000.0,0,0,38,466.89744512414535
1935,2760000.0,18.0,0.35775698265868106,82.40884820747522,114.68688024408848,605344.4272445821,0.45774647887323944,0.4539823008849557,0.3900197525554698,0.44281793229643185,0.45864649596466484,0.45192239757482366,0.4270121893767379,1,1,9696000.0,0.45364536453645365,0.45443645083932854,2808000.0,1,0,34,619.0
1936,190000.0,13.0,0.4220779627191293,0.0,0.0,0.0,0.40000603415401237,0.4539823008849557,0.4268739712093834,0.45433255269320844,0.46907216438869503,0.40002703158873276,0.4014334059125707,0,0,13657000.0,0.45364536453645365,0.44892221180880976,2126000.0,0,0,36,608.0
1937,230000.0,14.0,0.40004455157916113,54.0,0.0,200000.0,0.44040247678018574,0.4129263913824057,0.40571030945850584,0.45475113122171945,0.4905583684264643,0.4339650140059905,0.4545481381730755,1,0,4898000.0,0.43488372093023253,0.44892221180880976,680000.0,1,0,39,627.0
1938,1930000.0,15.0,0.49269077310150705,0.0,0.0,0.0,0.44040247678018574,0.4694783573806881,0.5165869667180779,0.44281793229643185,0.4687495951044435,0.4859069669135048,0.5157460113123283,0,0,8752000.0,0.4568764568764569,0.45443645083932854,1973000.0,0,0,35,406.0
1939,210000.0,11.0,0.44387755113454985,0.0,0.0,0.0,0.45774647887323944,0.4539823008849557,0.4485294151733482,0.45433255269320844,0.4511627906899892,0.40002703158873276,0.41315158258670154,0,0,28708000.0,0.45364536453645365,0.45443645083932854,3185000.0,0,0,36,499.0
1940,150000.0,27.0,0.45453917520963155,110.0,0.0,0.0,0.45774647887323944,0.4539823008849557,0.4214287402257545,0.44281793229643185,0.46907216438869503,0.3750074661878128,0.5363489679286931,0,0,885000.0,0.43488372093023253,0.44892221180880976,199000.0,0,0,39,387.0
1941,180000.0,13.0,0.46341463401227523,206.0,206.0,10000.0,0.45774647887323944,0.4694783573806881,0.5056772402445142,0.45475113122171945,0.4511627906899892,0.4321363669380822,0.41047292637935173,1,0,5517000.0,0.43488372093023253,0.39678284182305634,261000.0,1,1,39,529.0
1942,1120000.0,16.0,0.4646406293882584,82.40884820747522,114.68688024408848,0.0,0.44040247678018574,0.4694783573806881,0.470084171924464,0.45475113122171945,0.4687495951044435,0.3721191346526487,0.3580839468498659,0,0,4207000.0,0.4568764568764569,0.47386172006745364,1029000.0,0,0,34,438.0
1943,760000.0,5.0,0.35775698265868106,82.40884820747522,114.68688024408848,0.0,0.45774647887323944,0.4539823008849557,0.5375745064065167,0.45045045045045046,0.493908884521716,0.43574970796090917,0.3244469103797425,0,0,3302000.0,0.43488372093023253,0.47386172006745364,903000.0,0,0,33,352.0
1944,170000.0,12.0,0.46341463401227523,0.0,0.0,0.0,0.44040247678018574,0.4539823008849557,0.3931036562142931,0.45433255269320844,0.493908884521716,0.40002703158873276,0.36719335159199484,0,0,3876000.0,0.4568764568764569,0.44892221180880976,688000.0,0,0,36,321.0
1945,240000.0,14.0,0.4668770371178462,0.0,0.0,10000.0,0.44040247678018574,0.4694783573806881,0.3900197525554698,0.45045045045045046,0.4511627906899892,0.45331529430883266,0.5134854957775883,1,0,2351000.0,0.4568764568764569,0.45443645083932854,450000.0,1,1,38,363.0
1946,3170000.0,25.0,0.45885149198403496,0.0,0.0,0.0,0.45774647887323944,0.4336917562724873,0.5056772402445142,0.44281793229643185,0.45890407585949666,0.3965552694677991,0.4037095629016318,1,0,20429000.0,0.45364536453645365,0.44892221180880976,2829000.0,1,0,40,801.0
1947,170000.0,14.0,0.44387755113454985,0.0,0.0,0.0,0.44040247678018574,0.4336917562724873,0.4485294151733482,0.45045045045045046,0.4583333330136348,0.3965552694677991,0.4375202018743684,0,0,10793000.0,0.45364536453645365,0.45443645083932854,657000.0,0,1,38,423.0
1948,210000.0,3.0,0.45453917520963155,263.0,263.0,20000.0,0.44040247678018574,0.4694783573806881,0.3900197525554698,0.45433255269320844,0.414225941433284,0.3965552694677991,0.47190419232428393,0,1,14109000.0,0.45364536453645365,0.44892221180880976,190000.0,0,1,40,585.0
1949,170000.0,14.0,0.45885149198403496,0.0,0.0,0.0,0.468085106382978,0.4539823008849557,0.4799991436755424,0.44281793229643185,0.417393662751422,0.46721243412305624,0.48253847709585634,0,0,1074000.0,0.4568764568764569,0.44892221180880976,173000.0,0,0,38,308.0
1950,890000.0,15.0,0.3971634082048179,0.0,0.0,80000.0,0.44040247678018574,0.4694783573806881,0.4415584526838991,0.45433255269320844,0.34356713843530684,0.45192239757482366,0.4375202018743684,1,0,5915000.0,0.43488372093023253,0.44892221180880976,951000.0,1,0,36,448.0
1951,190000.0,14.0,0.3928574872021717,599.0,599.0,500000.0,0.44040247678018574,0.4694783573806881,0.5363528439845596,0.45433255269320844,0.4687495951044435,0.43679650911494705,0.49646711594687815,1,1,1680000.0,0.43488372093023253,0.47386172006745364,267000.0,1,0,36,492.0
1952,400000.0,19.0,0.4581005575150995,0.0,180.0,0.0,0.45774647887323944,0.4694783573806881,0.4214287402257545,0.44281793229643185,0.417393662751422,0.5217257015040757,0.42220278660777283,1,0,1714000.0,0.4568764568764569,0.45443645083932854,399000.0,1,1,35,455.0
1953,130000.0,16.0,0.4646406293882584,0.0,0.0,0.0,0.44040247678018574,0.4336917562724873,0.4459232804790396,0.44281793229643185,0.44230917465915276,0.4339650140059905,0.5081959184294307,0,0,714000.0,0.45364536453645365,0.39678284182305634,114000.0,0,0,36,344.0
1954,130000.0,3.0,0.4581005575150995,0.0,0.0,10000.0,0.44040247678018574,0.4694783573806881,0.4214287402257545,0.45475113122171945,0.46907216438869503,0.4831631253007048,0.4994506452738054,1,0,643000.0,0.4568764568764569,0.45443645083932854,105000.0,1,1,40,393.0
1955,1580000.0,30.0,0.46341463401227523,0.0,0.0,605344.4272445821,0.45774647887323944,0.4694783573806881,0.5257384019435941,0.45433255269320844,0.5031846524456339,0.4444688960343153,0.46629820821531875,0,0,2524000.0,0.4568764568764569,0.47386172006745364,1373000.0,0,0,39,323.0
1956,230000.0,13.0,0.44387755113454985,0.0,0.0,0.0,0.44040247678018574,0.4539823008849557,0.40571030945850584,0.45475113122171945,0.493908884521716,0.37737165958551677,0.48822655398093273,0,0,6132000.0,0.43488372093023253,0.45443645083932854,192000.0,0,1,34,665.0
1957,3200000.0,10.0,0.4498690306228219,5.0,41.0,570000.0,0.45774647887323944,0.4539823008849557,0.4415584526838991,0.44281793229643185,0.4511627906899892,0.5176283236840944,0.39896986903151255,1,0,56490000.0,0.45364536453645365,0.44892221180880976,3011000.0,1,0,38,360.0
1958,110000.0,17.0,0.4220779627191293,82.40884820747522,114.68688024408848,605344.4272445821,0.44040247678018574,0.4539823008849557,0.3971634082048179,0.45433255269320844,0.5031846524456339,0.4444688960343153,0.4332390300357073,0,1,640000.0,0.43488372093023253,0.44892221180880976,140000.0,0,0,37,403.0
1959,1780000.0,17.0,0.4220779627191293,0.0,0.0,0.0,0.44040247678018574,0.4539823008849557,0.46428416000978534,0.45433255269320844,0.34356713843530684,0.3810650946770142,0.49646711594687815,1,0,10219000.0,0.4568764568764569,0.44892221180880976,2261000.0,1,1,35,370.0
1960,170000.0,12.0,0.5065614987246854,0.0,0.0,390000.0,0.45774647887323944,0.4694783573806881,0.41581515781000167,0.45045045045045046,0.44230917465915276,0.3965552694677991,0.45200464380003236,1,0,114000.0,0.43488372093023253,0.45443645083932854,152000.0,1,0,38,380.0
1961,720000.0,17.0,0.4706709757445273,1.0,1.0,140000.0,0.45774647887323944,0.4694783573806881,0.3971634082048179,0.44281793229643185,0.43096844666979034,0.4859069669135048,0.44084111937285236,0,0,3292000.0,0.45364536453645365,0.45443645083932854,503000.0,0,0,35,447.0
1962,2010000.0,4.0,0.4844907454931315,0.0,0.0,1300000.0,0.44040247678018574,0.4539823008849557,0.4799991436755424,0.44281793229643185,0.34356713843530684,0.45677246944372973,0.44084111937285236,0,0,10457000.0,0.43488372093023253,0.39678284182305634,2955000.0,0,0,33,345.0
1963,1680000.0,12.0,0.4360903840722853,82.40884820747522,114.68688024408848,605344.4272445821,0.44040247678018574,0.4129263913824057,0.5069442053895509,0.45045045045045046,0.4511627906899892,0.36975187045665187,0.4653190175668822,1,0,13284000.0,0.45364536453645365,0.47386172006745364,1783000.0,1,0,38,377.0
1964,200000.0,17.0,0.4360903840722853,82.40884820747522,114.68688024408848,605344.4272445821,0.45774647887323944,0.4539823008849557,0.4268739712093834,0.44281793229643185,0.46907216438869503,0.46721243412305624,0.40201973495344345,0,0,860000.0,0.4568764568764569,0.47386172006745364,169000.0,0,0,35,362.0
1965,160000.0,5.0,0.4498690306228219,999.0,999.0,800000.0,0.44040247678018574,0.4129263913824057,0.5159288114711631,0.45433255269320844,0.414225941433284,0.5491139021556548,0.4425020459775707,0,0,1673000.0,0.4568764568764569,0.44892221180880976,314000.0,0,0,39,551.0
1966,130000.0,10.0,0.4747378959928985,0.0,0.0,0.0,0.468085106382978,0.4539823008849557,0.5254093931718659,0.45475113122171945,0.4511627906899892,0.3965552694677991,0.5023579265365139,1,1,1427000.0,0.4568764568764569,0.39678284182305634,203000.0,1,0,37,701.0
1967,890000.0,12.0,0.44387755113454985,0.0,0.0,30000.0,0.44040247678018574,0.4694783573806881,0.30013565669860115,0.45433255269320844,0.45864649596466484,0.3721191346526487,0.47514234773523084,1,0,33601000.0,0.45364536453645365,0.44892221180880976,4782000.0,1,0,32,473.0
1968,920000.0,17.0,0.4906797478948485,0.0,0.0,0.0,0.44040247678018574,0.4129263913824057,0.5254093931718659,0.44281793229643185,0.45890407585949666,0.5183627257078485,0.42220278660777283,0,0,6027000.0,0.43488372093023253,0.47386172006745364,1433000.0,0,0,36,419.0
1969,180000.0,14.0,0.4844907454931315,0.0,0.0,0.0,0.45774647887323944,0.4129263913824057,0.36271363783177113,0.45475113122171945,0.4604834864076457,0.4321363669380822,0.4543800115079512,1,1,8001000.0,0.4568764568764569,0.44892221180880976,1113000.0,1,0,36,396.0
1970,1270000.0,17.0,0.3971634082048179,82.40884820747522,114.68688024408848,0.0,0.44040247678018574,0.4694783573806881,0.4799991436755424,0.45433255269320844,0.43096844666979034,0.48068087923257147,0.4771498533714657,0,1,6397000.0,0.43488372093023253,0.39678284182305634,1193000.0,0,1,34,529.0
1971,200000.0,10.0,0.40004455157916113,0.0,0.0,0.0,0.45774647887323944,0.4539823008849557,0.3971634082048179,0.45045045045045046,0.34356713843530684,0.5491139021556548,0.40806474591452696,0,0,7194000.0,0.4568764568764569,0.44892221180880976,924000.0,0,0,37,729.0
1972,160000.0,14.0,0.471073469342046,0.0,0.0,50000.0,0.468085106382978,0.4539823008849557,0.4268739712093834,0.44281793229643185,0.5592064152301905,0.4859069669135048,0.49141635626861524,0,0,6750000.0,0.4568764568764569,0.39678284182305634,815000.0,0,0,37,621.0
1973,230000.0,10.0,0.4581005575150995,0.0,0.0,30000.0,0.45774647887323944,0.4129263913824057,0.3900197525554698,0.45475113122171945,0.414225941433284,0.4339650140059905,0.490206851056817,0,0,2804000.0,0.4568764568764569,0.47386172006745364,466000.0,0,0,39,436.0
1974,220000.0,10.0,0.4581005575150995,0.0,0.0,0.0,0.45774647887323944,0.4129263913824057,0.3931036562142931,0.44281793229643185,0.45890407585949666,0.4658901691183491,0.3244469103797425,0,0,5164000.0,0.45364536453645365,0.45443645083932854,893000.0,0,0,36,345.0
1975,1020000.0,10.0,0.4498690306228219,0.0,0.0,190000.0,0.45774647887323944,0.4539823008849557,0.46428416000978534,0.45433255269320844,0.4583333330136348,0.4757214900689184,0.5233562461236126,1,0,9891000.0,0.45364536453645365,0.45443645083932854,2114000.0,1,0,37,346.0
1976,130000.0,19.0,0.4581005575150995,0.0,180.0,60000.0,0.45774647887323944,0.4129263913824057,0.4956486747857908,0.45045045045045046,0.43697478992002986,0.45192239757482366,0.40571030945850584,0,0,1426000.0,0.45364536453645365,0.45443645083932854,103000.0,0,0,37,345.0
1977,850000.0,17.0,0.4220779627191293,82.40884820747522,114.68688024408848,0.0,0.44040247678018574,0.4336917562724873,0.4485294151733482,0.45475113122171945,0.493908884521716,0.5071462083323844,0.41240204586511464,1,1,4788000.0,0.4568764568764569,0.44892221180880976,923000.0,1,0,32,507.0
1978,850000.0,17.0,0.4220779627191293,0.0,0.0,10000.0,0.44040247678018574,0.4539823008849557,0.5257384019435941,0.44281793229643185,0.43697478992002986,0.40235614355016347,0.31886873294614065,0,0,3947000.0,0.45364536453645365,0.44892221180880976,863000.0,0,1,34,589.0
1979,4000000.0,14.0,0.4360903840722853,0.0,0.0,0.0,0.45774647887323944,0.4539823008849557,0.46428416000978534,0.45475113122171945,0.4835606203192975,0.3965552694677991,0.37192363309077975,0,0,777866000.0,0.45364536453645365,0.47386172006745364,5799000.0,0,1,34,525.0
1980,820000.0,12.0,0.4615356204904945,0.0,0.0,0.0,0.45774647887323944,0.4129263913824057,0.4956486747857908,0.45475113122171945,0.4230769551118841,0.4444688960343153,0.39551727687191446,0,0,16889000.0,0.43488372093023253,0.45443645083932854,2335000.0,0,0,36,386.0
1981,200000.0,18.0,0.4844907454931315,0.0,0.0,0.0,0.45774647887323944,0.4694783573806881,0.5363528439845596,0.45045045045045046,0.4511627906899892,0.3750074661878128,0.49057865436532944,0,0,1250000.0,0.43488372093023253,0.47386172006745364,201000.0,0,0,36,338.0
1982,980000.0,19.0,0.4498690306228219,0.0,0.0,110000.0,0.45774647887323944,0.4539823008849557,0.4485294151733482,0.44281793229643185,0.5315593642552221,0.37737165958551677,0.4789986557881242,1,1,7336000.0,0.43488372093023253,0.44892221180880976,1790000.0,1,0,35,423.0
1983,920000.0,13.0,0.4581005575150995,0.0,0.0,0.0,0.40000603415401237,0.4539823008849557,0.3931036562142931,0.45475113122171945,0.3541279498012266,0.4339650140059905,0.4445473453127392,0,0,5272000.0,0.43488372093023253,0.47386172006745364,789000.0,0,1,35,409.0
1984,220000.0,10.0,0.3971634082048179,0.0,0.0,870000.0,0.45774647887323944,0.4539823008849557,0.3971634082048179,0.45475113122171945,0.4604834864076457,0.45677246944372973,0.39896986903151255,0,1,1428000.0,0.45364536453645365,0.45443645083932854,190000.0,0,0,36,431.0
1985,1780000.0,14.0,0.5628080317442733,0.0,60.0,0.0,0.468085106382978,0.4129263913824057,0.43902472242345825,0.44281793229643185,0.4905583684264643,0.4339650140059905,0.42220278660777283,0,0,9644000.0,0.45364536453645365,0.39678284182305634,1391000.0,0,0,37,489.0
1986,390000.0,13.0,0.4906797478948485,0.0,0.0,0.0,0.44040247678018574,0.4694783573806881,0.5056772402445142,0.44281793229643185,0.4511627906899892,0.3965552694677991,0.3580839468498659,1,1,1849000.0,0.45364536453645365,0.44892221180880976,434000.0,1,1,36,421.0
1987,5850000.0,16.0,0.3928574872021717,82.40884820747522,114.68688024408848,605344.4272445821,0.468085106382978,0.4336917562724873,0.36271363783177113,0.45433255269320844,0.417393662751422,0.5071462083323844,0.5009630346757856,0,0,25343000.0,0.43488372093023253,0.47386172006745364,5729000.0,0,0,35,740.0
1988,220000.0,13.0,0.4646406293882584,82.40884820747522,114.68688024408848,605344.4272445821,0.44040247678018574,0.4694783573806881,0.470084171924464,0.44281793229643185,0.37758024313602523,0.4395681403885853,0.4769970982233268,0,1,4174000.0,0.43488372093023253,0.47386172006745364,655000.0,0,0,37,358.0
1989,570000.0,17.0,0.4615356204904945,82.40884820747522,114.68688024408848,0.0,0.44040247678018574,0.4539823008849557,0.3442355460389141,0.44281793229643185,0.4468097890743483,0.45677246944372973,0.44084111937285236,1,0,2612000.0,0.45364536453645365,0.39678284182305634,496000.0,1,1,33,350.0
1990,1210000.0,16.0,0.4360903840722853,0.0,0.0,0.0,0.40000603415401237,0.4539823008849557,0.3442355460389141,0.44281793229643185,0.43096844666979034,0.4395681403885853,0.4106715025408491,1,0,4547000.0,0.43488372093023253,0.45443645083932854,951000.0,1,0,33,466.89744512414535
1991,2350000.0,3.0,0.4646406293882584,0.0,0.0,60000.0,0.468085106382978,0.4129263913824057,0.3971634082048179,0.4106715025408491,0.4583333330136348,0.4339650140059905,0.4407909194105085,0,0,12659000.0,0.4568764568764569,0.44892221180880976,1870000.0,0,0,33,421.0
1992,120000.0,13.0,0.4581005575150995,0.0,0.0,0.0,0.45774647887323944,0.4539823008849557,0.4459232804790396,0.44281793229643185,0.46907216438869503,0.37737165958551677,0.41047292637935173,0,1,841000.0,0.4568764568764569,0.45443645083932854,137000.0,0,0,37,688.0
1993,170000.0,13.0,0.4220779627191293,0.0,0.0,0.0,0.44040247678018574,0.4539823008849557,0.4799991436755424,0.45475113122171945,0.45890407585949666,0.5164278000280932,0.4543800115079512,0,0,1133000.0,0.4568764568764569,0.39678284182305634,273000.0,0,0,36,436.0
1994,170000.0,14.0,0.471073469342046,0.0,0.0,0.0,0.468085106382978,0.4539823008849557,0.5069442053895509,0.44281793229643185,0.45864649596466484,0.4395681403885853,0.49197879045806026,0,0,3513000.0,0.4568764568764569,0.39678284182305634,555000.0,0,0,37,340.0
1995,1710000.0,29.0,0.4906797478948485,390.0,0.0,0.0,0.44040247678018574,0.4129263913824057,0.3931036562142931,0.45433255269320844,0.414225941433284,0.3965552694677991,0.4037095629016318,0,0,11590000.0,0.43488372093023253,0.44892221180880976,3380000.0,0,0,39,517.0
1996,240000.0,14.0,0.5628080317442733,0.0,0.0,420000.0,0.45774647887323944,0.4539823008849557,0.3442355460389141,0.45475113122171945,0.46907216438869503,0.4321363669380822,0.44084111937285236,1,1,5668000.0,0.45364536453645365,0.45443645083932854,874000.0,1,0,40,409.0
1997,190000.0,11.0,0.35775698265868106,0.0,0.0,0.0,0.45774647887323944,0.4694783573806881,0.5254093931718659,0.44281793229643185,0.4511627906899892,0.45331529430883266,0.4332390300357073,0,0,3538000.0,0.43488372093023253,0.45443645083932854,746000.0,0,0,36,418.0
1998,210000.0,16.0,0.3928574872021717,0.0,0.0,0.0,0.45774647887323944,0.4694783573806881,0.5165869667180779,0.44281793229643185,0.4468097890743483,0.5171573620994421,0.423941142391273,0,0,894000.0,0.45364536453645365,0.39678284182305634,193000.0,0,0,36,334.0
1999,2580000.0,12.0,0.3892717187010617,82.40884820747522,114.68688024408848,0.0,0.468085106382978,0.4539823008849557,0.4268739712093834,0.45475113122171945,0.4468097890743483,0.5183627257078485,0.5485893972844256,0,0,23100000.0,0.4568764568764569,0.39678284182305634,3067000.0,0,0,33,497.0
2000,4490000.0,19.0,0.49269077310150705,0.0,0.0,810000.0,0.468085106382978,0.4694783573806881,0.470084171924464,0.44281793229643185,0.4687495951044435,0.36975187045665187,0.4014334059125707,0,0,39555000.0,0.43488372093023253,0.45443645083932854,5107000.0,0,0,35,647.0
2001,100000.0,13.0,0.5628080317442733,0.0,0.0,140000.0,0.45774647887323944,0.4336917562724873,0.5257384019435941,0.45045045045045046,0.3739186560656616,0.4395681403885853,0.5363323525802142,1,0,1361000.0,0.45364536453645365,0.44892221180880976,196000.0,1,0,39,515.0
2002,200000.0,12.0,0.471073469342046,82.40884820747522,114.68688024408848,605344.4272445821,0.45774647887323944,0.4694783573806881,0.5375745064065167,0.45475113122171945,0.44230917465915276,0.4658901691183491,0.49141635626861524,1,0,2189000.0,0.45364536453645365,0.39678284182305634,279000.0,1,0,37,453.0
2003,150000.0,14.0,0.40004455157916113,0.0,0.0,100000.0,0.45774647887323944,0.4129263913824057,0.3442355460389141,0.45475113122171945,0.4835606203192975,0.4339650140059905,0.4014334059125707,0,1,2150000.0,0.43488372093023253,0.45443645083932854,111000.0,0,0,37,624.0
2004,4770000.0,14.0,0.46341463401227523,0.0,30.0,7660000.0,0.45774647887323944,0.4539823008849557,0.4956486747857908,0.45475113122171945,0.43697478992002986,0.3721191346526487,0.3580839468498659,0,0,294214000.0,0.45364536453645365,0.45443645083932854,5988000.0,0,0,34,468.0
2005,210000.0,12.0,0.4074136609653927,716.0,716.0,560000.0,0.468085106382978,0.4539823008849557,0.43902472242345825,0.45433255269320844,0.43697478992002986,0.40002703158873276,0.31886873294614065,1,0,4221000.0,0.43488372093023253,0.44892221180880976,601000.0,1,0,37,466.89744512414535
2006,720000.0,18.0,0.46341463401227523,0.0,0.0,0.0,0.44040247678018574,0.4129263913824057,0.4268739712093834,0.45433255269320844,0.5031846524456339,0.4859069669135048,0.4278491036733748,1,1,3395000.0,0.45364536453645365,0.47386172006745364,732000.0,1,0,35,681.0
2007,1300000.0,12.0,0.4581005575150995,0.0,0.0,560000.0,0.468085106382978,0.4336917562724873,0.470084171924464,0.45433255269320844,0.414225941433284,0.40235614355016347,0.4278491036733748,1,1,11188000.0,0.4568764568764569,0.47386172006745364,1533000.0,1,1,38,341.0
2008,1150000.0,15.0,0.44387755113454985,0.0,0.0,0.0,0.45774647887323944,0.4539823008849557,0.3931036562142931,0.44281793229643185,0.493908884521716,0.531814720884261,0.46016463299084465,0,0,6300000.0,0.4568764568764569,0.44892221180880976,1044000.0,0,1,36,340.0
2009,230000.0,13.0,0.4278491036733748,0.0,0.0,0.0,0.44040247678018574,0.4539823008849557,0.476615203163763,0.45475113122171945,0.3541279498012266,0.45331529430883266,0.5602211136196202,0,1,17533000.0,0.4568764568764569,0.45443645083932854,2829000.0,0,0,36,309.0
2010,110000.0,14.0,0.45813033217197885,0.0,0.0,0.0,0.40000603415401237,0.4336917562724873,0.5159288114711631,0.44281793229643185,0.4511627906899892,0.37737165958551677,0.40806474591452696,1,0,2933000.0,0.4568764568764569,0.47386172006745364,521000.0,1,0,35,392.0
2011,1600000.0,14.0,0.4360903840722853,0.0,0.0,0.0,0.44040247678018574,0.4129263913824057,0.5363528439845596,0.45045045045045046,0.4511627906899892,0.4658901691183491,0.5023579265365139,0,1,17192000.0,0.45364536453645365,0.45443645083932854,2301000.0,0,0,34,534.0
2012,160000.0,12.0,0.4906797478948485,0.0,0.0,0.0,0.44040247678018574,0.4694783573806881,0.4799991436755424,0.45475113122171945,0.43096844666979034,0.5171573620994421,0.46016463299084465,0,0,1549000.0,0.4568764568764569,0.45443645083932854,273000.0,0,0,36,378.0
2013,200000.0,13.0,0.4220779627191293,320.0,499.0,390000.0,0.44040247678018574,0.4129263913824057,0.4799991436755424,0.45045045045045046,0.43697478992002986,0.3965552694677991,0.5009630346757856,0,0,1110000.0,0.43488372093023253,0.47386172006745364,226000.0,0,0,36,464.0
2014,1840000.0,11.0,0.35775698265868106,0.0,0.0,0.0,0.45774647887323944,0.4129263913824057,0.46428416000978534,0.44281793229643185,0.5031846524456339,0.3965552694677991,0.3244469103797425,0,0,19675000.0,0.45364536453645365,0.47386172006745364,2696000.0,0,0,37,403.0
2015,740000.0,27.0,0.4498690306228219,28.0,34.0,110000.0,0.468085106382978,0.4694783573806881,0.5165869667180779,0.45045045045045046,0.493908884521716,0.3721191346526487,0.41240204586511464,1,0,34055000.0,0.45364536453645365,0.47386172006745364,665000.0,1,1,41,507.0
2016,140000.0,19.0,0.3928574872021717,0.0,0.0,0.0,0.45774647887323944,0.4539823008849557,0.4505327389584535,0.45475113122171945,0.43697478992002986,0.5217257015040757,0.5485893972844256,0,0,842000.0,0.43488372093023253,0.44892221180880976,164000.0,0,0,37,495.0
2017,170000.0,14.0,0.40004455157916113,0.0,0.0,0.0,0.44040247678018574,0.4694783573806881,0.4956486747857908,0.44281793229643185,0.3739186560656616,0.3965552694677991,0.44084111937285236,0,0,1267000.0,0.43488372093023253,0.44892221180880976,304000.0,0,0,36,510.0
2018,160000.0,13.0,0.4360903840722853,1177.0,1177.0,10000.0,0.468085106382978,0.4539823008849557,0.44545497076419477,0.45475113122171945,0.5031846524456339,0.43679650911494705,0.5023579265365139,0,1,3484000.0,0.45364536453645365,0.44892221180880976,455000.0,0,0,38,466.89744512414535
2019,850000.0,11.0,0.35775698265868106,0.0,0.0,0.0,0.45774647887323944,0.4694783573806881,0.4799991436755424,0.45045045045045046,0.4583333330136348,0.4757214900689184,0.3244469103797425,1,0,17153000.0,0.45364536453645365,0.45443645083932854,3251000.0,1,0,38,603.0
2020,120000.0,13.0,0.4581005575150995,0.0,0.0,0.0,0.45774647887323944,0.4539823008849557,0.4485294151733482,0.45045045045045046,0.3541279498012266,0.5176283236840944,0.40582917672392776,0,1,516000.0,0.4568764568764569,0.44892221180880976,105000.0,0,1,36,439.0
2021,170000.0,12.0,0.4747378959928985,0.0,0.0,605344.4272445821,0.45774647887323944,0.4694783573806881,0.3971634082048179,0.45475113122171945,0.3541279498012266,0.5183627257078485,0.4270121893767379,0,0,1198000.0,0.43488372093023253,0.47386172006745364,144000.0,0,0,38,367.0
2022,1860000.0,3.0,0.4906797478948485,0.0,0.0,1100000.0,0.44040247678018574,0.4694783573806881,0.476615203163763,0.45045045045045046,0.4687495951044435,0.43679650911494705,0.4425020459775707,1,0,10859000.0,0.43488372093023253,0.44892221180880976,2128000.0,1,0,33,409.0
2023,120000.0,13.0,0.4074136609653927,82.40884820747522,114.68688024408848,605344.4272445821,0.44040247678018574,0.4539823008849557,0.4485294151733482,0.44281793229643185,0.4905583684264643,0.3721191346526487,0.4789986557881242,0,0,769000.0,0.45364536453645365,0.47386172006745364,180000.0,0,0,36,315.0
2024,190000.0,11.0,0.40004455157916113,0.0,120.0,70000.0,0.44040247678018574,0.4694783573806881,0.5056772402445142,0.45045045045045046,0.34356713843530684,0.4395681403885853,0.46629820821531875,0,0,3571000.0,0.43488372093023253,0.39678284182305634,490000.0,0,0,38,408.0
2025,5440000.0,19.0,0.4375202018743684,14.0,14.0,630000.0,0.468085106382978,0.4336917562724873,0.45200464380003236,0.45433255269320844,0.44230917465915276,0.40235614355016347,0.469407833203183,1,0,36857000.0,0.45364536453645365,0.47386172006745364,5904000.0,1,0,36,522.0
2026,110000.0,16.0,0.4074136609653927,0.0,0.0,0.0,0.45774647887323944,0.4539823008849557,0.36271363783177113,0.44281793229643185,0.5315593642552221,0.5164278000280932,0.423941142391273,0,0,699000.0,0.45364536453645365,0.39678284182305634,133000.0,0,0,38,325.0
2027,4740000.0,16.0,0.4646406293882584,0.0,0.0,750000.0,0.44040247678018574,0.4694783573806881,0.5069442053895509,0.45045045045045046,0.4511627906899892,0.3965552694677991,0.46016463299084465,1,0,30681000.0,0.4568764568764569,0.45443645083932854,5562000.0,1,0,35,394.0
2028,1830000.0,37.0,0.583862843505718,0.0,17.0,1560000.0,0.44040247678018574,0.4694783573806881,0.4214287402257545,0.45475113122171945,0.43697478992002986,0.5164278000280932,0.46016463299084465,1,0,4415000.0,0.45364536453645365,0.45443645083932854,2354000.0,1,1,40,400.0
2029,530000.0,10.0,0.4615356204904945,0.0,0.0,0.0,0.45774647887323944,0.4129263913824057,0.4214287402257545,0.45045045045045046,0.417393662751422,0.5491139021556548,0.45745399554685107,1,0,10942000.0,0.43488372093023253,0.45443645083932854,1385000.0,1,0,38,547.0
2030,200000.0,13.0,0.3928574872021717,0.0,0.0,10000.0,0.45774647887323944,0.4129263913824057,0.5159288114711631,0.44281793229643185,0.5592064152301905,0.3750074661878128,0.4425020459775707,0,1,2034000.0,0.45364536453645365,0.45443645083932854,267000.0,0,0,40,542.0
2031,190000.0,15.0,0.4646406293882584,0.0,0.0,0.0,0.45774647887323944,0.4539823008849557,0.4956486747857908,0.45475113122171945,0.5592064152301905,0.4339650140059905,0.490206851056817,0,1,837000.0,0.45364536453645365,0.39678284182305634,216000.0,0,0,35,323.0
2032,2110000.0,10.0,0.40004455157916113,0.0,0.0,605344.4272445821,0.45774647887323944,0.4129263913824057,0.4214287402257545,0.44281793229643185,0.4604834864076457,0.3965552694677991,0.3244469103797425,0,0,20964000.0,0.43488372093023253,0.45443645083932854,2796000.0,0,0,39,466.89744512414535
2033,120000.0,10.0,0.4220779627191293,0.0,0.0,0.0,0.468085106382978,0.4539823008849557,0.4799991436755424,0.45475113122171945,0.45890407585949666,0.41322952719822703,0.5081959184294307,0,1,9551000.0,0.43488372093023253,0.47386172006745364,1274000.0,0,0,36,408.0
2034,230000.0,15.0,0.40004455157916113,999.0,999.0,5940000.0,0.468085106382978,0.4129263913824057,0.5165869667180779,0.45045045045045046,0.4905583684264643,0.3810650946770142,0.42220278660777283,1,0,1466000.0,0.43488372093023253,0.44892221180880976,381000.0,1,0,36,627.0
2035,200000.0,15.0,0.46341463401227523,0.0,0.0,0.0,0.45774647887323944,0.4694783573806881,0.4485294151733482,0.45475113122171945,0.4604834864076457,0.3965552694677991,0.3270423716835601,0,0,1011000.0,0.4568764568764569,0.47386172006745364,231000.0,0,0,35,327.0
2036,130000.0,17.0,0.3971634082048179,0.0,0.0,0.0,0.45774647887323944,0.4129263913824057,0.30013565669860115,0.44281793229643185,0.46907216438869503,0.4757214900689184,0.3580839468498659,0,1,675000.0,0.45364536453645365,0.47386172006745364,98000.0,0,0,36,538.0
2037,220000.0,17.0,0.44387755113454985,0.0,0.0,0.0,0.468085106382978,0.4539823008849557,0.46428416000978534,0.45045045045045046,0.4583333330136348,0.4395681403885853,0.45745399554685107,0,0,1037000.0,0.4568764568764569,0.44892221180880976,185000.0,0,0,36,342.0
2038,210000.0,11.0,0.4646406293882584,683.0,971.0,1530000.0,0.44040247678018574,0.4539823008849557,0.5375745064065167,0.45433255269320844,0.417393662751422,0.5106758841242302,0.5157460113123283,1,0,4792000.0,0.45364536453645365,0.39678284182305634,754000.0,1,0,39,409.0
2039,410000.0,15.0,0.35775698265868106,0.0,0.0,130000.0,0.40000603415401237,0.4336917562724873,0.40571030945850584,0.44281793229643185,0.5031846524456339,0.4658901691183491,0.4653190175668822,0,0,147000.0,0.4568764568764569,0.39678284182305634,439000.0,0,1,36,579.0
2040,1170000.0,11.0,0.4646406293882584,82.40884820747522,114.68688024408848,605344.4272445821,0.44040247678018574,0.4539823008849557,0.3971634082048179,0.45475113122171945,0.4511627906899892,0.4444688960343153,0.5233562461236126,0,0,433076000.0,0.43488372093023253,0.39678284182305634,5119000.0,0,0,37,576.0
2041,1070000.0,17.0,0.46341463401227523,0.0,0.0,0.0,0.45774647887323944,0.4539823008849557,0.4799991436755424,0.44281793229643185,0.45890407585949666,0.3750074661878128,0.45989425850057764,1,0,4666000.0,0.4568764568764569,0.47386172006745364,1062000.0,1,0,32,518.0
2042,250000.0,12.0,0.4498690306228219,82.40884820747522,114.68688024408848,605344.4272445821,0.45774647887323944,0.4694783573806881,0.5069442053895509,0.45433255269320844,0.37758024313602523,0.40235614355016347,0.41315158258670154,1,0,2388000.0,0.43488372093023253,0.45443645083932854,324000.0,1,0,37,542.0
2043,3480000.0,10.0,0.46341463401227523,0.0,0.0,1780000.0,0.45774647887323944,0.4694783573806881,0.46428416000978534,0.44281793229643185,0.417393662751422,0.5183627257078485,0.3244469103797425,0,1,108832000.0,0.45364536453645365,0.45443645083932854,2503000.0,0,0,37,457.0
2044,1230000.0,13.0,0.4360903840722853,0.0,0.0,0.0,0.44040247678018574,0.4694783573806881,0.40571030945850584,0.44281793229643185,0.46907216438869503,0.37737165958551677,0.41047292637935173,0,0,6080000.0,0.4568764568764569,0.44892221180880976,969000.0,0,0,36,623.0
2045,1470000.0,15.0,0.5065614987246854,0.0,0.0,0.0,0.44040247678018574,0.4539823008849557,0.46428416000978534,0.45475113122171945,0.4905583684264643,0.4658901691183491,0.45745399554685107,0,0,7130000.0,0.43488372093023253,0.44892221180880976,1455000.0,0,0,36,314.0
2046,200000.0,13.0,0.5065614987246854,82.40884820747522,114.68688024408848,605344.4272445821,0.45774647887323944,0.4336917562724873,0.4415584526838991,0.45045045045045046,0.4511627906899892,0.45192239757482366,0.37192363309077975,1,0,28960000.0,0.45364536453645365,0.47386172006745364,3555000.0,1,0,38,515.0
2047,120000.0,11.0,0.4375202018743684,0.0,0.0,605344.4272445821,0.44040247678018574,0.4129263913824057,0.4799991436755424,0.45475113122171945,0.3739186560656616,0.5217257015040757,0.36719335159199484,1,0,1571000.0,0.4568764568764569,0.47386172006745364,102000.0,1,1,39,373.0
2048,1100000.0,14.0,0.4615356204904945,0.0,0.0,0.0,0.44040247678018574,0.4129263913824057,0.3931036562142931,0.45475113122171945,0.4604834864076457,0.5183627257078485,0.4407909194105085,1,0,8933000.0,0.45364536453645365,0.44892221180880976,1420000.0,1,1,38,388.0
2049,5720000.0,13.0,0.4074136609653927,999.0,999.0,1230000.0,0.44040247678018574,0.4539823008849557,0.5056772402445142,0.44281793229643185,0.3739186560656616,0.4658901691183491,0.4425020459775707,0,0,32623000.0,0.4568764568764569,0.47386172006745364,5141000.0,0,0,34,526.0
2050,830000.0,12.0,0.4646406293882584,0.0,0.0,360000.0,0.44040247678018574,0.4129263913824057,0.3971634082048179,0.44281793229643185,0.4604834864076457,0.45677246944372973,0.44519311265006384,1,0,5732000.0,0.43488372093023253,0.39678284182305634,876000.0,1,0,37,312.0
2051,110000.0,13.0,0.4220779627191293,0.0,0.0,0.0,0.44040247678018574,0.4129263913824057,0.470084171924464,0.44281793229643185,0.46907216438869503,0.37737165958551677,0.46016463299084465,0,0,695000.0,0.43488372093023253,0.47386172006745364,106000.0,0,0,39,401.0
2052,780000.0,13.0,0.40004455157916113,0.0,0.0,500000.0,0.44040247678018574,0.4694783573806881,0.470084171924464,0.45475113122171945,0.5031846524456339,0.40235614355016347,0.4270121893767379,0,0,6005000.0,0.45364536453645365,0.45443645083932854,964000.0,0,0,39,396.0
2053,90000.0,11.0,0.4906797478948485,0.0,0.0,0.0,0.44040247678018574,0.4539823008849557,0.470084171924464,0.44281793229643185,0.4511627906899892,0.49482456551750875,0.4545481381730755,0,1,1157000.0,0.45364536453645365,0.44892221180880976,115000.0,0,0,37,332.0
2054,1340000.0,13.0,0.4220779627191293,0.0,0.0,0.0,0.45774647887323944,0.4539823008849557,0.4121240088339391,0.45433255269320844,0.493908884521716,0.4658901691183491,0.4375202018743684,1,0,11040000.0,0.4568764568764569,0.44892221180880976,1517000.0,1,1,38,499.0
2055,2560000.0,18.0,0.4646406293882584,0.0,0.0,0.0,0.44040247678018574,0.4539823008849557,0.5363528439845596,0.44281793229643185,0.43697478992002986,0.3680899177448659,0.4696533706380367,0,0,20172000.0,0.45364536453645365,0.45443645083932854,2600000.0,0,1,37,551.0
2056,140000.0,14.0,0.4220779627191293,0.0,0.0,0.0,0.468085106382978,0.4336917562724873,0.5257384019435941,0.44281793229643185,0.45890407585949666,0.4757214900689184,0.41047292637935173,0,0,1149000.0,0.4568764568764569,0.44892221180880976,114000.0,0,1,37,529.0
2057,190000.0,13.0,0.3928574872021717,215.0,215.0,300000.0,0.44040247678018574,0.4694783573806881,0.5363528439845596,0.45433255269320844,0.4604834864076457,0.4658901691183491,0.490206851056817,0,0,6602000.0,0.45364536453645365,0.47386172006745364,1244000.0,0,0,38,409.0
2058,1180000.0,10.0,0.45453917520963155,0.0,0.0,0.0,0.45774647887323944,0.4539823008849557,0.4485294151733482,0.45433255269320844,0.5031846524456339,0.4321363669380822,0.5157460113123283,0,0,8969000.0,0.45364536453645365,0.44892221180880976,1091000.0,0,0,37,500.0
2059,160000.0,14.0,0.4220779627191293,69.0,182.0,140000.0,0.45774647887323944,0.4539823008849557,0.4214287402257545,0.45045045045045046,0.4583333330136348,0.48077782044892603,0.42220278660777283,0,0,2959000.0,0.4568764568764569,0.45443645083932854,516000.0,0,0,40,337.0
2060,4560000.0,19.0,0.4498690306228219,0.0,30.0,450000.0,0.44040247678018574,0.4694783573806881,0.476615203163763,0.45475113122171945,0.414225941433284,0.3750074661878128,0.4545481381730755,1,0,33363000.0,0.45364536453645365,0.39678284182305634,5732000.0,1,1,33,337.0
2061,410000.0,15.0,0.45885149198403496,0.0,0.0,0.0,0.45774647887323944,0.4539823008849557,0.5069442053895509,0.45475113122171945,0.45864649596466484,0.46365822718746796,0.5363489679286931,0,1,3050000.0,0.43488372093023253,0.39678284182305634,445000.0,0,0,34,486.0
2062,5640000.0,19.0,0.4360903840722853,0.0,0.0,0.0,0.45774647887323944,0.4694783573806881,0.4268739712093834,0.45045045045045046,0.5031846524456339,0.3810650946770142,0.41047292637935173,0,0,26305000.0,0.4568764568764569,0.47386172006745364,5638000.0,0,0,33,503.0
2063,590000.0,13.0,0.4498690306228219,0.0,0.0,450000.0,0.45774647887323944,0.4694783573806881,0.5257384019435941,0.45045045045045046,0.44230917465915276,0.4395681403885853,0.49057865436532944,1,0,4106000.0,0.45364536453645365,0.45443645083932854,727000.0,1,0,35,386.0
2064,200000.0,14.0,0.35775698265868106,0.0,0.0,0.0,0.44040247678018574,0.4694783573806881,0.5069442053895509,0.45045045045045046,0.4583333330136348,0.40235614355016347,0.4200393611163291,0,0,7950000.0,0.43488372093023253,0.44892221180880976,1221000.0,0,0,38,701.0
2065,190000.0,12.0,0.45813033217197885,0.0,0.0,40000.0,0.44040247678018574,0.4129263913824057,0.4956486747857908,0.45433255269320844,0.417393662751422,0.3750074661878128,0.4278491036733748,0,0,3098000.0,0.45364536453645365,0.47386172006745364,526000.0,0,0,41,377.0
2066,510000.0,13.0,0.4360903840722853,118.0,118.0,20000.0,0.45774647887323944,0.4539823008849557,0.3442355460389141,0.45045045045045046,0.44230917465915276,0.4757214900689184,0.6100509010581558,1,0,22482000.0,0.43488372093023253,0.47386172006745364,3548000.0,1,1,40,455.0
2067,3070000.0,18.0,0.5628080317442733,0.0,0.0,0.0,0.45774647887323944,0.4694783573806881,0.4485294151733482,0.44281793229643185,0.414225941433284,0.4339650140059905,0.5363489679286931,0,1,20480000.0,0.43488372093023253,0.45443645083932854,3503000.0,0,0,36,613.0
2068,160000.0,16.0,0.40004455157916113,82.40884820747522,114.68688024408848,0.0,0.45774647887323944,0.4539823008849557,0.43902472242345825,0.45475113122171945,0.4511627906899892,0.5164278000280932,0.46016463299084465,0,0,85000.0,0.43488372093023253,0.44892221180880976,116000.0,0,1,37,574.0
2069,5600000.0,17.0,0.46341463401227523,0.0,0.0,0.0,0.44040247678018574,0.4336917562724873,0.5375745064065167,0.45475113122171945,0.45864649596466484,0.37737165958551677,0.4270121893767379,0,0,223323000.0,0.45364536453645365,0.44892221180880976,5406000.0,0,1,33,517.0
2070,200000.0,12.0,0.4615356204904945,0.0,30.0,1680000.0,0.44040247678018574,0.4129263913824057,0.43902472242345825,0.44281793229643185,0.5606727833398578,0.4395681403885853,0.4200393611163291,1,1,27383000.0,0.43488372093023253,0.47386172006745364,3134000.0,1,0,37,623.0
2071,180000.0,13.0,0.3928574872021717,0.0,0.0,0.0,0.44040247678018574,0.4129263913824057,0.44545497076419477,0.44281793229643185,0.417393662751422,0.4339650140059905,0.36641942856818427,0,0,2379000.0,0.45364536453645365,0.44892221180880976,309000.0,0,0,38,411.0
2072,880000.0,18.0,0.4646406293882584,82.40884820747522,114.68688024408848,0.0,0.44040247678018574,0.4694783573806881,0.4485294151733482,0.45475113122171945,0.3739186560656616,0.5183627257078485,0.47861847593310247,0,0,5200000.0,0.45364536453645365,0.47386172006745364,761000.0,0,0,33,467.0
2073,110000.0,10.0,0.471073469342046,0.0,0.0,0.0,0.45774647887323944,0.4129263913824057,0.3931036562142931,0.45433255269320844,0.4604834864076457,0.36975187045665187,0.5023579265365139,1,1,4110000.0,0.4568764568764569,0.45443645083932854,745000.0,1,0,37,397.0
2074,2590000.0,14.0,0.46341463401227523,0.0,0.0,0.0,0.45774647887323944,0.4539823008849557,0.40571030945850584,0.44281793229643185,0.414225941433284,0.4757214900689184,0.39551727687191446,0,0,67022000.0,0.45364536453645365,0.45443645083932854,2837000.0,0,0,37,581.0
2075,170000.0,14.0,0.40004455157916113,256.0,256.0,0.0,0.45774647887323944,0.4129263913824057,0.3931036562142931,0.45475113122171945,0.4230769551118841,0.5164278000280932,0.3270423716835601,1,1,3518000.0,0.45364536453645365,0.47386172006745364,399000.0,1,1,32,448.0
2076,200000.0,19.0,0.46341463401227523,999.0,999.0,1070000.0,0.44040247678018574,0.4694783573806881,0.4415584526838991,0.44281793229643185,0.45890407585949666,0.37737165958551677,0.5009630346757856,1,0,1153000.0,0.43488372093023253,0.45443645083932854,207000.0,1,0,35,445.0
2077,170000.0,12.0,0.4668770371178462,0.0,0.0,0.0,0.45774647887323944,0.4539823008849557,0.4214287402257545,0.45433255269320844,0.43697478992002986,0.4395681403885853,0.4014334059125707,0,0,1567000.0,0.45364536453645365,0.47386172006745364,198000.0,0,0,38,442.0
2078,610000.0,39.0,0.4468949699527549,0.0,0.0,605344.4272445821,0.44040247678018574,0.4336917562724873,0.5069442053895509,0.45433255269320844,0.417393662751422,0.40002703158873276,0.49646711594687815,0,0,1457000.0,0.4568764568764569,0.45443645083932854,554000.0,0,1,38,500.0
2079,170000.0,18.0,0.44387755113454985,82.40884820747522,114.68688024408848,605344.4272445821,0.45774647887323944,0.4694783573806881,0.470084171924464,0.45045045045045046,0.45864649596466484,0.4468949699527549,0.44519311265006384,1,0,912000.0,0.4568764568764569,0.44892221180880976,163000.0,1,0,35,348.0
2080,210000.0,12.0,0.4498690306228219,82.40884820747522,114.68688024408848,605344.4272445821,0.45774647887323944,0.4694783573806881,0.5069442053895509,0.45045045045045046,0.43697478992002986,0.3810650946770142,0.3270423716835601,1,0,1421000.0,0.45364536453645365,0.44892221180880976,200000.0,1,0,37,380.0
2081,210000.0,11.0,0.46341463401227523,0.0,0.0,0.0,0.44040247678018574,0.4694783573806881,0.4485294151733482,0.44281793229643185,0.3739186560656616,0.3750074661878128,0.40582917672392776,1,1,4757000.0,0.4568764568764569,0.47386172006745364,619000.0,1,0,36,341.0
2082,210000.0,16.0,0.4220779627191293,836.0,836.0,100000.0,0.44040247678018574,0.4539823008849557,0.4485294151733482,0.44281793229643185,0.4604834864076457,0.46365822718746796,0.5035331693654489,0,0,1194000.0,0.45364536453645365,0.45443645083932854,266000.0,0,0,36,411.0
2083,4180000.0,3.0,0.35775698265868106,0.0,0.0,0.0,0.45774647887323944,0.4539823008849557,0.5363528439845596,0.45475113122171945,0.46907216438869503,0.40002703158873276,0.4037095629016318,1,0,74934000.0,0.45364536453645365,0.44892221180880976,5205000.0,1,0,32,332.0
2084,130000.0,13.0,0.44387755113454985,82.40884820747522,114.68688024408848,0.0,0.44040247678018574,0.4694783573806881,0.4956486747857908,0.45045045045045046,0.43697478992002986,0.4658901691183491,0.4278491036733748,0,1,5436000.0,0.4568764568764569,0.44892221180880976,879000.0,0,0,36,476.0
2085,890000.0,13.0,0.4498690306228219,0.0,0.0,0.0,0.468085106382978,0.4694783573806881,0.30013565669860115,0.44281793229643185,0.5063919873437158,0.36975187045665187,0.3156771054360342,1,1,5202000.0,0.45364536453645365,0.45443645083932854,819000.0,1,0,38,601.0
2086,180000.0,11.0,0.45813033217197885,0.0,0.0,0.0,0.468085106382978,0.4539823008849557,0.38083308316558756,0.44281793229643185,0.5592064152301905,0.4658901691183491,0.4037095629016318,0,1,10007000.0,0.43488372093023253,0.44892221180880976,1454000.0,0,1,39,640.0
2087,160000.0,18.0,0.4646406293882584,0.0,0.0,0.0,0.45774647887323944,0.4129263913824057,0.4956486747857908,0.45045045045045046,0.46907216438869503,0.49482456551750875,0.5059471983688024,0,0,665000.0,0.45364536453645365,0.44892221180880976,184000.0,0,0,35,343.0
2088,180000.0,10.0,0.4646406293882584,0.0,0.0,0.0,0.44040247678018574,0.4694783573806881,0.4415584526838991,0.44281793229643185,0.4511627906899892,0.40235614355016347,0.5233562461236126,0,0,1024000.0,0.43488372093023253,0.45443645083932854,178000.0,0,0,36,348.0
2089,200000.0,14.0,0.4747378959928985,0.0,60.0,30000.0,0.45774647887323944,0.4129263913824057,0.36271363783177113,0.44281793229643185,0.4511627906899892,0.45331529430883266,0.41315158258670154,0,0,5956000.0,0.43488372093023253,0.44892221180880976,756000.0,0,0,36,459.0
2090,190000.0,11.0,0.4220779627191293,0.0,0.0,460000.0,0.468085106382978,0.4129263913824057,0.5069442053895509,0.44281793229643185,0.414225941433284,0.5164278000280932,0.49057865436532944,0,1,1505000.0,0.45364536453645365,0.47386172006745364,297000.0,0,0,38,617.0
2091,120000.0,11.0,0.471073469342046,0.0,0.0,0.0,0.44040247678018574,0.4539823008849557,0.44545497076419477,0.44281793229643185,0.46907216438869503,0.4658901691183491,0.45989425850057764,1,0,1451000.0,0.4568764568764569,0.44892221180880976,225000.0,1,0,36,422.0
2092,110000.0,11.0,0.3971634082048179,1163.0,1163.0,0.0,0.45774647887323944,0.4694783573806881,0.5363528439845596,0.45475113122171945,0.5063919873437158,0.41322952719822703,0.4545481381730755,0,1,924000.0,0.4568764568764569,0.44892221180880976,104000.0,0,1,37,488.0
2093,3220000.0,20.0,0.4747378959928985,0.0,0.0,950000.0,0.44040247678018574,0.4539823008849557,0.3931036562142931,0.45433255269320844,0.3541279498012266,0.43679650911494705,0.3244469103797425,1,1,101758000.0,0.45364536453645365,0.44892221180880976,3206000.0,1,1,41,512.0
2094,1510000.0,17.0,0.4844907454931315,0.0,0.0,120000.0,0.468085106382978,0.4336917562724873,0.46428416000978534,0.45475113122171945,0.4604834864076457,0.45192239757482366,0.490206851056817,0,0,9328000.0,0.4568764568764569,0.45443645083932854,1091000.0,0,1,34,459.0
2095,380000.0,11.0,0.4074136609653927,0.0,0.0,605344.4272445821,0.44040247678018574,0.4539823008849557,0.5069442053895509,0.45433255269320844,0.4583333330136348,0.43679650911494705,0.4771498533714657,0,0,7362000.0,0.45364536453645365,0.47386172006745364,418000.0,0,1,39,379.0
2096,190000.0,17.0,0.471073469342046,102.0,102.0,0.0,0.45774647887323944,0.4539823008849557,0.4214287402257545,0.44281793229643185,0.3739186560656616,0.41322952719822703,0.4696533706380367,0,0,1013000.0,0.4568764568764569,0.45443645083932854,171000.0,0,0,37,310.0
2097,980000.0,15.0,0.4906797478948485,0.0,0.0,0.0,0.45774647887323944,0.4694783573806881,0.4214287402257545,0.45475113122171945,0.46907216438869503,0.4321363669380822,0.4407909194105085,1,0,4557000.0,0.43488372093023253,0.44892221180880976,1076000.0,1,0,32,384.0
2098,3770000.0,15.0,0.4646406293882584,0.0,0.0,0.0,0.45774647887323944,0.4539823008849557,0.5363528439845596,0.45475113122171945,0.46907216438869503,0.4859069669135048,0.42117558521355203,0,0,15757000.0,0.4568764568764569,0.44892221180880976,3580000.0,0,0,34,407.0
2099,410000.0,13.0,0.46341463401227523,0.0,0.0,0.0,0.44040247678018574,0.4336917562724873,0.43902472242345825,0.45475113122171945,0.37758024313602523,0.43574970796090917,0.4332390300357073,1,0,6005000.0,0.45364536453645365,0.45443645083932854,2358000.0,1,1,35,699.0
2100,150000.0,10.0,0.4074136609653927,0.0,0.0,0.0,0.44040247678018574,0.4336917562724873,0.5375745064065167,0.44281793229643185,0.493908884521716,0.4757214900689184,0.4696533706380367,1,0,4541000.0,0.43488372093023253,0.45443645083932854,506000.0,1,0,37,331.0
2101,2740000.0,17.0,0.49269077310150705,0.0,0.0,0.0,0.45774647887323944,0.4694783573806881,0.4799991436755424,0.45475113122171945,0.4583333330136348,0.3810650946770142,0.4769970982233268,1,0,28448000.0,0.44758586022284785,0.39678284182305634,4483000.0,1,0,31,573.0
2102,4060000.0,15.0,0.43673114297615767,82.40884820747522,114.68688024408848,605344.4272445821,0.45774647887323944,0.4694783573806881,0.3971634082048179,0.44281793229643185,0.4835606203192975,0.4859069669135048,0.6100509010581558,0,1,58359000.0,0.43488372093023253,0.47386172006745364,4459000.0,0,0,33,351.0
2103,940000.0,16.0,0.43673114297615767,0.0,30.0,210000.0,0.45774647887323944,0.4694783573806881,0.3971634082048179,0.44281793229643185,0.4604834864076457,0.45192239757482366,0.3244469103797425,1,0,8577000.0,0.4568764568764569,0.44892221180880976,1923000.0,1,0,36,390.0
2104,110000.0,14.0,0.3928574872021717,0.0,0.0,60000.0,0.44040247678018574,0.4539823008849557,0.44545497076419477,0.44281793229643185,0.4468097890743483,0.5164278000280932,0.4653190175668822,1,1,841000.0,0.4568764568764569,0.39678284182305634,117000.0,1,0,37,366.0
2105,4820000.0,14.0,0.40004455157916113,1.0,46.0,750000.0,0.45774647887323944,0.4539823008849557,0.46428416000978534,0.45433255269320844,0.46907216438869503,0.45192239757482366,0.39551727687191446,1,0,20461000.0,0.45364536453645365,0.45443645083932854,4254000.0,1,0,32,446.0
2106,790000.0,24.0,0.4747378959928985,0.0,0.0,140000.0,0.45774647887323944,0.4539823008849557,0.470084171924464,0.44281793229643185,0.43096844666979034,0.40002703158873276,0.5134854957775883,1,0,7793000.0,0.43488372093023253,0.47386172006745364,2550000.0,1,1,40,416.0
2107,540000.0,10.0,0.4747378959928985,82.40884820747522,114.68688024408848,605344.4272445821,0.45774647887323944,0.4694783573806881,0.3442355460389141,0.45475113122171945,0.4511627906899892,0.5164278000280932,0.4332390300357073,0,0,4395000.0,0.45364536453645365,0.44892221180880976,578000.0,0,0,39,379.0
2108,1590000.0,18.0,0.4468949699527549,0.0,0.0,0.0,0.45774647887323944,0.4129263913824057,0.3442355460389141,0.45433255269320844,0.4687495951044435,0.48068087923257147,0.5233562461236126,0,0,8977000.0,0.45364536453645365,0.45443645083932854,2261000.0,0,0,35,446.0
2109,110000.0,15.0,0.471073469342046,0.0,0.0,0.0,0.44040247678018574,0.4694783573806881,0.470084171924464,0.45045045045045046,0.4687495951044435,0.4859069669135048,0.45200464380003236,0,0,530000.0,0.43488372093023253,0.39678284182305634,110000.0,0,1,37,421.0
2110,4270000.0,13.0,0.4646406293882584,0.0,0.0,1770000.0,0.44040247678018574,0.4336917562724873,0.38083308316558756,0.44281793229643185,0.43697478992002986,0.45331529430883266,0.41315158258670154,0,0,65383000.0,0.45364536453645365,0.45443645083932854,4170000.0,0,0,36,590.0
2111,170000.0,14.0,0.4774317289223725,0.0,0.0,0.0,0.44040247678018574,0.4539823008849557,0.3931036562142931,0.45045045045045046,0.43697478992002986,0.3721191346526487,0.4696533706380367,0,0,1197000.0,0.43488372093023253,0.45443645083932854,262000.0,0,0,36,574.0
2112,200000.0,14.0,0.4906797478948485,492.0,492.0,60000.0,0.45774647887323944,0.4539823008849557,0.5069442053895509,0.45475113122171945,0.4583333330136348,0.5217257015040757,0.3270423716835601,1,1,4374000.0,0.45364536453645365,0.47386172006745364,627000.0,1,0,37,393.0
2113,570000.0,10.0,0.44387755113454985,0.0,0.0,0.0,0.45774647887323944,0.4539823008849557,0.5257384019435941,0.45475113122171945,0.414225941433284,0.3721191346526487,0.41315158258670154,0,0,23681000.0,0.45364536453645365,0.45443645083932854,3204000.0,0,0,36,404.0
2114,2660000.0,11.0,0.4581005575150995,424.0,424.0,360000.0,0.44040247678018574,0.4129263913824057,0.3971634082048179,0.45045045045045046,0.45864649596466484,0.37737165958551677,0.49646711594687815,1,1,45292000.0,0.4568764568764569,0.47386172006745364,5443000.0,1,0,34,429.0
2115,190000.0,11.0,0.40004455157916113,304.0,304.0,110000.0,0.45774647887323944,0.4539823008849557,0.38083308316558756,0.45475113122171945,0.34356713843530684,0.37737165958551677,0.49646711594687815,0,0,3120000.0,0.4568764568764569,0.44892221180880976,487000.0,0,0,38,404.0
2116,840000.0,17.0,0.4668770371178462,0.0,0.0,0.0,0.44040247678018574,0.4694783573806881,0.46428416000978534,0.45475113122171945,0.4905583684264643,0.5217257015040757,0.46016463299084465,0,0,6777000.0,0.4568764568764569,0.39678284182305634,1245000.0,0,0,35,449.0
2117,2690000.0,4.0,0.44387755113454985,0.0,0.0,70000.0,0.44040247678018574,0.4694783573806881,0.5056772402445142,0.44281793229643185,0.4230769551118841,0.3810650946770142,0.5129506565271986,0,0,7574000.0,0.45364536453645365,0.45443645083932854,2199000.0,0,0,33,401.0
2118,190000.0,13.0,0.4278491036733748,0.0,0.0,605344.4272445821,0.468085106382978,0.4336917562724873,0.40571030945850584,0.45433255269320844,0.5031846524456339,0.4468949699527549,0.5157460113123283,0,0,2028000.0,0.45364536453645365,0.45443645083932854,399000.0,0,0,38,397.0
2119,190000.0,13.0,0.4360903840722853,1235.0,1235.0,680000.0,0.45774647887323944,0.4129263913824057,0.4415584526838991,0.45475113122171945,0.37758024313602523,0.49482456551750875,0.49141635626861524,0,1,2025000.0,0.4568764568764569,0.47386172006745364,271000.0,0,0,37,388.0
2120,540000.0,12.0,0.45813033217197885,0.0,0.0,990000.0,0.45774647887323944,0.4694783573806881,0.4485294151733482,0.45475113122171945,0.4687495951044435,0.531814720884261,0.41047292637935173,0,0,2938000.0,0.43488372093023253,0.47386172006745364,526000.0,0,1,38,414.0
2121,2730000.0,14.0,0.4844907454931315,82.40884820747522,114.68688024408848,605344.4272445821,0.44040247678018574,0.4539823008849557,0.44545497076419477,0.44281793229643185,0.414225941433284,0.37737165958551677,0.45745399554685107,0,1,87910000.0,0.43488372093023253,0.47386172006745364,2853000.0,0,0,38,708.0
2122,240000.0,18.0,0.44387755113454985,0.0,0.0,0.0,0.44040247678018574,0.4336917562724873,0.3971634082048179,0.45475113122171945,0.5031846524456339,0.36975187045665187,0.5220031427533425,0,0,1148000.0,0.4568764568764569,0.44892221180880976,239000.0,0,0,35,529.0
2123,540000.0,12.0,0.4581005575150995,0.0,0.0,0.0,0.45774647887323944,0.4336917562724873,0.46428416000978534,0.45475113122171945,0.43697478992002986,0.45192239757482366,0.3270423716835601,0,0,4353000.0,0.45364536453645365,0.39678284182305634,659000.0,0,1,33,413.0
2124,220000.0,14.0,0.4747378959928985,589.0,589.0,910000.0,0.45774647887323944,0.4539823008849557,0.5254093931718659,0.44281793229643185,0.417393662751422,0.40002703158873276,0.4270121893767379,0,0,1295000.0,0.45364536453645365,0.44892221180880976,223000.0,0,0,35,386.0
2125,1050000.0,14.0,0.4706709757445273,0.0,0.0,0.0,0.44040247678018574,0.4539823008849557,0.45200464380003236,0.44281793229643185,0.4687495951044435,0.3680899177448659,0.6100509010581558,1,1,6337000.0,0.45364536453645365,0.44892221180880976,1142000.0,1,0,35,557.0
2126,650000.0,13.0,0.4906797478948485,0.0,0.0,605344.4272445821,0.45774647887323944,0.4129263913824057,0.44545497076419477,0.45475113122171945,0.5031846524456339,0.4321363669380822,0.49646711594687815,1,0,3359000.0,0.43488372093023253,0.45443645083932854,584000.0,1,1,39,399.0
2127,1040000.0,14.0,0.471073469342046,3447.0,3447.0,820000.0,0.45774647887323944,0.4539823008849557,0.3900197525554698,0.44281793229643185,0.414225941433284,0.5071462083323844,0.41240204586511464,0,0,22157000.0,0.43488372093023253,0.44892221180880976,2475000.0,0,0,33,516.0
2128,170000.0,14.0,0.471073469342046,0.0,0.0,1180000.0,0.45774647887323944,0.4539823008849557,0.4485294151733482,0.44281793229643185,0.414225941433284,0.4395681403885853,0.4606736933325396,1,0,14561000.0,0.45364536453645365,0.47386172006745364,1817000.0,1,0,36,420.0
2129,190000.0,13.0,0.44387755113454985,0.0,0.0,0.0,0.44040247678018574,0.4539823008849557,0.5069442053895509,0.45433255269320844,0.45890407585949666,0.45331529430883266,0.5220031427533425,0,0,5781000.0,0.43488372093023253,0.45443645083932854,615000.0,0,0,37,514.0
2130,1810000.0,12.0,0.4498690306228219,0.0,0.0,0.0,0.44040247678018574,0.4539823008849557,0.41581515781000167,0.44281793229643185,0.43697478992002986,0.37737165958551677,0.5233562461236126,1,0,10625000.0,0.4568764568764569,0.44892221180880976,1607000.0,1,0,38,368.0
2131,230000.0,13.0,0.45885149198403496,29.0,90.0,390000.0,0.44040247678018574,0.4336917562724873,0.5069442053895509,0.45475113122171945,0.45864649596466484,0.4658901691183491,0.37192363309077975,0,0,2292000.0,0.43488372093023253,0.39678284182305634,285000.0,0,0,35,480.0
2132,380000.0,10.0,0.4278491036733748,0.0,0.0,0.0,0.44040247678018574,0.4336917562724873,0.5363528439845596,0.45475113122171945,0.5592064152301905,0.4757214900689184,0.4014334059125707,0,1,13539000.0,0.45364536453645365,0.44892221180880976,2076000.0,0,0,38,362.0
2133,740000.0,13.0,0.4498690306228219,0.0,0.0,0.0,0.44040247678018574,0.4539823008849557,0.4214287402257545,0.45475113122171945,0.45890407585949666,0.37737165958551677,0.49315734568265995,0,0,5822000.0,0.45364536453645365,0.44892221180880976,1242000.0,0,0,35,384.0
2134,80000.0,11.0,0.583862843505718,0.0,0.0,0.0,0.468085106382978,0.4694783573806881,0.5375745064065167,0.45475113122171945,0.44230917465915276,0.46721243412305624,0.44519311265006384,1,0,781000.0,0.45364536453645365,0.47386172006745364,94000.0,1,0,39,515.0
2135,2270000.0,14.0,0.583862843505718,0.0,0.0,0.0,0.468085106382978,0.4129263913824057,0.3931036562142931,0.44281793229643185,0.4511627906899892,0.3750074661878128,0.40526968668929697,1,0,82474000.0,0.4568764568764569,0.39678284182305634,2829000.0,1,0,39,415.0
2136,170000.0,12.0,0.4581005575150995,245.0,245.0,40000.0,0.44040247678018574,0.4539823008849557,0.43902472242345825,0.45433255269320844,0.4230769551118841,0.4444688960343153,0.4769970982233268,0,1,1999000.0,0.4568764568764569,0.39678284182305634,343000.0,0,0,37,408.0
2137,170000.0,13.0,0.4906797478948485,774.0,774.0,380000.0,0.45774647887323944,0.4129263913824057,0.5159288114711631,0.45045045045045046,0.37758024313602523,0.3810650946770142,0.37192363309077975,0,0,2852000.0,0.45364536453645365,0.39678284182305634,327000.0,0,0,36,404.0
2138,220000.0,12.0,0.4615356204904945,0.0,0.0,0.0,0.45774647887323944,0.4129263913824057,0.5069442053895509,0.45045045045045046,0.4230769551118841,0.5183627257078485,0.5009630346757856,0,1,2734000.0,0.45364536453645365,0.44892221180880976,489000.0,0,0,35,589.0
2139,1250000.0,13.0,0.43673114297615767,0.0,0.0,0.0,0.40000603415401237,0.4694783573806881,0.36271363783177113,0.45475113122171945,0.414225941433284,0.46721243412305624,0.40806474591452696,1,1,8486000.0,0.45364536453645365,0.47386172006745364,1168000.0,1,1,33,344.0
2140,170000.0,13.0,0.46341463401227523,0.0,0.0,0.0,0.44040247678018574,0.4539823008849557,0.5363528439845596,0.45433255269320844,0.43697478992002986,0.37737165958551677,0.4771498533714657,0,0,1253000.0,0.45364536453645365,0.44892221180880976,180000.0,0,0,36,476.0
2141,90000.0,13.0,0.4074136609653927,82.40884820747522,114.68688024408848,605344.4272445821,0.45774647887323944,0.4129263913824057,0.45782858909969404,0.45045045045045046,0.45864649596466484,0.5164278000280932,0.45745399554685107,0,0,929000.0,0.45364536453645365,0.39678284182305634,107000.0,0,0,37,362.0
2142,1590000.0,18.0,0.4844907454931315,0.0,0.0,810000.0,0.45774647887323944,0.4129263913824057,0.5257384019435941,0.45433255269320844,0.4230769551118841,0.40235614355016347,0.5030873748448164,1,0,6332000.0,0.4568764568764569,0.47386172006745364,1591000.0,1,0,37,488.0
2143,3200000.0,15.0,0.4581005575150995,0.0,0.0,0.0,0.45774647887323944,0.4539823008849557,0.44545497076419477,0.44281793229643185,0.4230769551118841,0.46721243412305624,0.5059471983688024,0,0,10459000.0,0.4568764568764569,0.47386172006745364,2675000.0,0,0,36,452.0
2144,4250000.0,18.0,0.4646406293882584,2.0,2.0,660000.0,0.44040247678018574,0.4539823008849557,0.5363528439845596,0.45475113122171945,0.46907216438869503,0.3680899177448659,0.490206851056817,0,1,18691000.0,0.43488372093023253,0.44892221180880976,5010000.0,0,0,36,480.0
2145,4470000.0,14.0,0.44387755113454985,0.0,0.0,0.0,0.44040247678018574,0.4539823008849557,0.476615203163763,0.45045045045045046,0.45864649596466484,0.45677246944372973,0.41315158258670154,0,0,27204000.0,0.45364536453645365,0.47386172006745364,4682000.0,0,0,36,430.0
2146,4920000.0,14.0,0.4074136609653927,0.0,0.0,0.0,0.44040247678018574,0.4129263913824057,0.3931036562142931,0.45475113122171945,0.43096844666979034,0.4339650140059905,0.423941142391273,1,0,88808000.0,0.45364536453645365,0.44892221180880976,4025000.0,1,0,35,383.0
2147,1180000.0,20.0,0.45885149198403496,0.0,0.0,0.0,0.468085106382978,0.4129263913824057,0.3442355460389141,0.44281793229643185,0.4687495951044435,0.5171573620994421,0.46629820821531875,0,1,7848000.0,0.43488372093023253,0.45443645083932854,2278000.0,0,0,39,599.0
2148,170000.0,13.0,0.4774317289223725,0.0,0.0,0.0,0.468085106382978,0.4539823008849557,0.4799991436755424,0.45475113122171945,0.3541279498012266,0.5164278000280932,0.4530944584075768,0,0,2256000.0,0.4568764568764569,0.45443645083932854,280000.0,0,0,36,412.0
2149,540000.0,10.0,0.4581005575150995,0.0,0.0,0.0,0.45774647887323944,0.4129263913824057,0.416387268320036,0.45433255269320844,0.43697478992002986,0.5164278000280932,0.47861847593310247,0,0,9843000.0,0.45364536453645365,0.47386172006745364,444000.0,0,1,36,469.0
2150,190000.0,11.0,0.4646406293882584,0.0,0.0,0.0,0.45774647887323944,0.4336917562724873,0.4214287402257545,0.44281793229643185,0.45864649596466484,0.5106758841242302,0.4545481381730755,0,0,1326000.0,0.45364536453645365,0.44892221180880976,198000.0,0,0,37,452.0
2151,180000.0,17.0,0.4581005575150995,169.0,169.0,80000.0,0.44040247678018574,0.4539823008849557,0.30013565669860115,0.4106715025408491,0.45864649596466484,0.4339650140059905,0.5134854957775883,0,1,1608000.0,0.45364536453645365,0.45443645083932854,227000.0,0,0,36,423.0
2152,80000.0,13.0,0.35775698265868106,0.0,0.0,0.0,0.45774647887323944,0.4694783573806881,0.3971634082048179,0.45475113122171945,0.43697478992002986,0.40002703158873276,0.46016463299084465,0,1,118000.0,0.4568764568764569,0.39678284182305634,194000.0,0,1,40,336.0
2153,220000.0,12.0,0.3971634082048179,0.0,0.0,0.0,0.468085106382978,0.4336917562724873,0.4485294151733482,0.45045045045045046,0.43096844666979034,0.4658901691183491,0.5129506565271986,1,0,2573000.0,0.43488372093023253,0.44892221180880976,262000.0,1,0,37,391.0
2154,200000.0,11.0,0.3971634082048179,0.0,0.0,605344.4272445821,0.44040247678018574,0.4694783573806881,0.4799991436755424,0.44281793229643185,0.4230769551118841,0.5491139021556548,0.4445473453127392,0,1,1832000.0,0.4568764568764569,0.45443645083932854,245000.0,0,0,38,421.0
2155,2660000.0,23.0,0.45885149198403496,0.0,0.0,0.0,0.44040247678018574,0.4539823008849557,0.4956486747857908,0.44281793229643185,0.4511627906899892,0.5071462083323844,0.4653190175668822,0,1,9455000.0,0.43488372093023253,0.47386172006745364,2895000.0,0,0,40,534.0
2156,200000.0,11.0,0.3892717187010617,0.0,0.0,0.0,0.40000603415401237,0.4539823008849557,0.4956486747857908,0.45045045045045046,0.4835606203192975,0.5171573620994421,0.44169753216105057,0,0,2520000.0,0.45364536453645365,0.44892221180880976,397000.0,0,1,36,574.0
2157,230000.0,12.0,0.43673114297615767,82.40884820747522,114.68688024408848,605344.4272445821,0.45774647887323944,0.4694783573806881,0.5257384019435941,0.44281793229643185,0.4468097890743483,0.4831631253007048,0.4270121893767379,1,0,12940000.0,0.45364536453645365,0.44892221180880976,2161000.0,1,0,38,673.0
2158,210000.0,13.0,0.4360903840722853,0.0,0.0,0.0,0.44040247678018574,0.4694783573806881,0.5257384019435941,0.45433255269320844,0.4468097890743483,0.5071462083323844,0.3580839468498659,0,0,1894000.0,0.4568764568764569,0.44892221180880976,270000.0,0,1,35,522.0
2159,2170000.0,13.0,0.40004455157916113,0.0,0.0,0.0,0.44040247678018574,0.4694783573806881,0.3971634082048179,0.45475113122171945,0.4604834864076457,0.5171573620994421,0.3244469103797425,0,0,8029000.0,0.43488372093023253,0.45443645083932854,1742000.0,0,0,34,487.0
2160,90000.0,14.0,0.471073469342046,0.0,0.0,0.0,0.45774647887323944,0.4539823008849557,0.4485294151733482,0.45475113122171945,0.417393662751422,0.46721243412305624,0.40201973495344345,0,1,582000.0,0.4568764568764569,0.44892221180880976,112000.0,0,0,37,415.0
2161,2370000.0,13.0,0.4074136609653927,319.0,319.0,60000.0,0.45774647887323944,0.4694783573806881,0.43902472242345825,0.45433255269320844,0.5031846524456339,0.4444688960343153,0.40201973495344345,0,1,12490000.0,0.43488372093023253,0.44892221180880976,2579000.0,0,0,35,638.0
2162,3320000.0,10.0,0.5628080317442733,0.0,0.0,605344.4272445821,0.44040247678018574,0.4539823008849557,0.38083308316558756,0.44281793229643185,0.4468097890743483,0.5164278000280932,0.46016463299084465,0,0,36278000.0,0.45364536453645365,0.47386172006745364,2677000.0,0,0,37,501.0
2163,130000.0,12.0,0.3971634082048179,0.0,0.0,0.0,0.45774647887323944,0.4129263913824057,0.4459232804790396,0.44281793229643185,0.4687495951044435,0.5164278000280932,0.4407909194105085,0,1,1191000.0,0.43488372093023253,0.44892221180880976,190000.0,0,0,35,422.0
2164,210000.0,14.0,0.4468949699527549,40.0,40.0,50000.0,0.45774647887323944,0.4539823008849557,0.3900197525554698,0.44281793229643185,0.5031846524456339,0.5183627257078485,0.42220278660777283,0,0,1180000.0,0.43488372093023253,0.44892221180880976,256000.0,0,0,37,408.0
2165,150000.0,14.0,0.3971634082048179,0.0,0.0,0.0,0.44040247678018574,0.4336917562724873,0.4956486747857908,0.45045045045045046,0.37758024313602523,0.4444688960343153,0.5220031427533425,0,0,13562000.0,0.45364536453645365,0.45443645083932854,185000.0,0,1,37,440.0
2166,420000.0,18.0,0.46341463401227523,0.0,0.0,0.0,0.45774647887323944,0.4539823008849557,0.36271363783177113,0.44281793229643185,0.4511627906899892,0.5171573620994421,0.39551727687191446,0,0,2046000.0,0.43488372093023253,0.47386172006745364,370000.0,0,1,36,475.0
2167,810000.0,16.0,0.45885149198403496,0.0,0.0,20000.0,0.44040247678018574,0.4539823008849557,0.43902472242345825,0.45045045045045046,0.4905583684264643,0.4444688960343153,0.45200464380003236,0,0,4248000.0,0.45364536453645365,0.44892221180880976,613000.0,0,1,34,406.0
2168,210000.0,11.0,0.4646406293882584,0.0,0.0,0.0,0.468085106382978,0.4694783573806881,0.3442355460389141,0.45433255269320844,0.43697478992002986,0.5217257015040757,0.37192363309077975,0,0,4825000.0,0.4568764568764569,0.39678284182305634,723000.0,0,0,36,365.0
2169,220000.0,14.0,0.4360903840722853,0.0,0.0,0.0,0.44040247678018574,0.4336917562724873,0.4268739712093834,0.45475113122171945,0.4511627906899892,0.4389077345532648,0.4543800115079512,0,0,1103000.0,0.43488372093023253,0.47386172006745364,246000.0,0,0,35,539.0
2170,180000.0,14.0,0.4360903840722853,128.0,128.0,0.0,0.44040247678018574,0.4539823008849557,0.5069442053895509,0.45475113122171945,0.4511627906899892,0.4339650140059905,0.4545481381730755,0,0,4389000.0,0.45364536453645365,0.45443645083932854,733000.0,0,0,39,345.0
2171,220000.0,11.0,0.46341463401227523,0.0,0.0,0.0,0.44040247678018574,0.4539823008849557,0.30013565669860115,0.45045045045045046,0.4468097890743483,0.37737165958551677,0.45989425850057764,0,1,1587000.0,0.43488372093023253,0.44892221180880976,183000.0,0,0,37,345.0
2172,180000.0,11.0,0.4747378959928985,0.0,0.0,0.0,0.44040247678018574,0.4129263913824057,0.4415584526838991,0.44281793229643185,0.4230769551118841,0.3721191346526487,0.5233562461236126,0,1,4750000.0,0.43488372093023253,0.39678284182305634,932000.0,0,0,37,294.0
2173,230000.0,10.0,0.4906797478948485,0.0,0.0,0.0,0.45774647887323944,0.4129263913824057,0.4214287402257545,0.45475113122171945,0.46907216438869503,0.46365822718746796,0.42117558521355203,0,0,1722000.0,0.43488372093023253,0.44892221180880976,177000.0,0,0,36,343.0
2174,740000.0,15.0,0.46341463401227523,82.40884820747522,114.68688024408848,0.0,0.44040247678018574,0.4129263913824057,0.4214287402257545,0.44281793229643185,0.45890407585949666,0.4395681403885853,0.41240204586511464,0,0,4436000.0,0.43488372093023253,0.44892221180880976,915000.0,0,0,33,594.0
2175,2750000.0,32.0,0.4615356204904945,0.0,63.0,4280000.0,0.44040247678018574,0.4539823008849557,0.4485294151733482,0.45475113122171945,0.4511627906899892,0.49482456551750875,0.41047292637935173,0,0,214471000.0,0.45364536453645365,0.47386172006745364,3531000.0,0,0,39,446.0
2176,980000.0,29.0,0.4581005575150995,0.0,0.0,605344.4272445821,0.40000603415401237,0.4539823008849557,0.3442355460389141,0.45475113122171945,0.4583333330136348,0.43679650911494705,0.4278491036733748,0,0,1169000.0,0.4568764568764569,0.44892221180880976,2540000.0,0,1,40,372.0
2177,960000.0,15.0,0.5065614987246854,0.0,0.0,0.0,0.44040247678018574,0.4336917562724873,0.3931036562142931,0.44281793229643185,0.45890407585949666,0.5183627257078485,0.45745399554685107,1,1,4955000.0,0.4568764568764569,0.47386172006745364,926000.0,1,0,36,493.0
2178,170000.0,13.0,0.4581005575150995,0.0,0.0,130000.0,0.44040247678018574,0.4694783573806881,0.4485294151733482,0.45433255269320844,0.414225941433284,0.36975187045665187,0.4270121893767379,0,1,5039000.0,0.45364536453645365,0.45443645083932854,528000.0,0,0,37,722.0
2179,220000.0,11.0,0.4360903840722853,0.0,0.0,0.0,0.44040247678018574,0.4336917562724873,0.5363528439845596,0.45433255269320844,0.4905583684264643,0.4757214900689184,0.4543800115079512,0,0,6246000.0,0.4568764568764569,0.45443645083932854,962000.0,0,0,36,322.0
2180,1710000.0,17.0,0.4074136609653927,0.0,180.0,1040000.0,0.44040247678018574,0.4539823008849557,0.4121240088339391,0.45475113122171945,0.45864649596466484,0.45677246944372973,0.5220031427533425,1,0,14566000.0,0.43488372093023253,0.44892221180880976,1463000.0,1,0,34,428.0
2181,150000.0,15.0,0.4581005575150995,82.40884820747522,114.68688024408848,0.0,0.468085106382978,0.4129263913824057,0.4214287402257545,0.45475113122171945,0.3541279498012266,0.40002703158873276,0.45745399554685107,0,0,1549000.0,0.45364536453645365,0.45443645083932854,314000.0,0,0,37,405.0
2182,170000.0,12.0,0.5065614987246854,0.0,0.0,20000.0,0.44040247678018574,0.4694783573806881,0.3931036562142931,0.44281793229643185,0.4468097890743483,0.3965552694677991,0.40201973495344345,0,1,2208000.0,0.4568764568764569,0.44892221180880976,427000.0,0,0,37,323.0
2183,200000.0,13.0,0.4646406293882584,0.0,0.0,50000.0,0.45774647887323944,0.4129263913824057,0.4956486747857908,0.44281793229643185,0.4905583684264643,0.5217257015040757,0.5023579265365139,1,0,2083000.0,0.43488372093023253,0.45443645083932854,338000.0,1,0,39,351.0
2184,170000.0,12.0,0.4844907454931315,0.0,0.0,0.0,0.44040247678018574,0.4129263913824057,0.3971634082048179,0.45045045045045046,0.43697478992002986,0.46721243412305624,0.40571030945850584,0,0,3386000.0,0.43488372093023253,0.44892221180880976,421000.0,0,0,35,728.0
2185,240000.0,10.0,0.4581005575150995,0.0,0.0,0.0,0.45774647887323944,0.4694783573806881,0.46428416000978534,0.44281793229643185,0.417393662751422,0.49482456551750875,0.4332390300357073,0,0,5777000.0,0.45364536453645365,0.45443645083932854,967000.0,0,0,36,498.0
2186,200000.0,3.0,0.4747378959928985,0.0,151.0,1020000.0,0.44040247678018574,0.4694783573806881,0.38083308316558756,0.44281793229643185,0.4687495951044435,0.3810650946770142,0.5157460113123283,0,1,4660000.0,0.43488372093023253,0.45443645083932854,1076000.0,0,0,41,366.0
2187,200000.0,14.0,0.583862843505718,161.0,161.0,70000.0,0.468085106382978,0.4694783573806881,0.4956486747857908,0.45475113122171945,0.4583333330136348,0.4339650140059905,0.5363323525802142,0,0,2275000.0,0.4568764568764569,0.47386172006745364,240000.0,0,0,41,393.0
2188,1000000.0,18.0,0.45453917520963155,22.0,22.0,590000.0,0.44040247678018574,0.4129263913824057,0.4485294151733482,0.44281793229643185,0.3739186560656616,0.3750074661878128,0.5363489679286931,0,1,9068000.0,0.45364536453645365,0.44892221180880976,972000.0,0,1,36,440.0
2189,470000.0,17.0,0.3971634082048179,0.0,0.0,0.0,0.44040247678018574,0.4539823008849557,0.45782858909969404,0.44281793229643185,0.4511627906899892,0.40235614355016347,0.41240204586511464,0,0,2010000.0,0.43488372093023253,0.44892221180880976,483000.0,0,1,35,445.0
2190,1980000.0,13.0,0.49269077310150705,0.0,0.0,0.0,0.44040247678018574,0.4129263913824057,0.3931036562142931,0.44281793229643185,0.4511627906899892,0.531814720884261,0.3580839468498659,0,1,37497000.0,0.45364536453645365,0.44892221180880976,4920000.0,0,0,35,501.0
2191,3360000.0,16.0,0.46341463401227523,0.0,0.0,0.0,0.44040247678018574,0.4694783573806881,0.43902472242345825,0.4106715025408491,0.5031846524456339,0.5071462083323844,0.3244469103797425,0,0,51011000.0,0.44758586022284785,0.47386172006745364,5906000.0,0,1,36,529.0
2192,400000.0,17.0,0.5065614987246854,0.0,0.0,0.0,0.468085106382978,0.4129263913824057,0.5165869667180779,0.45045045045045046,0.4835606203192975,0.3750074661878128,0.6100509010581558,0,0,2297000.0,0.43488372093023253,0.47386172006745364,310000.0,0,1,34,458.0
2193,210000.0,14.0,0.4747378959928985,0.0,0.0,0.0,0.44040247678018574,0.4694783573806881,0.36271363783177113,0.44281793229643185,0.3739186560656616,0.3795616337068332,0.4407909194105085,1,1,2294000.0,0.45364536453645365,0.39678284182305634,303000.0,1,1,35,546.0
2194,160000.0,13.0,0.3928574872021717,82.40884820747522,114.68688024408848,605344.4272445821,0.44040247678018574,0.4539823008849557,0.5257384019435941,0.44281793229643185,0.4604834864076457,0.49482456551750875,0.5363489679286931,0,0,3336000.0,0.45364536453645365,0.47386172006745364,511000.0,0,0,37,465.0
2195,230000.0,18.0,0.3892717187010617,0.0,0.0,0.0,0.45774647887323944,0.4539823008849557,0.5254093931718659,0.45045045045045046,0.43697478992002986,0.37737165958551677,0.469407833203183,0,1,1123000.0,0.45364536453645365,0.44892221180880976,224000.0,0,0,37,394.0
2196,190000.0,21.0,0.46341463401227523,0.0,0.0,1800000.0,0.45774647887323944,0.4129263913824057,0.4214287402257545,0.45433255269320844,0.4230769551118841,0.4395681403885853,0.3852241644482289,0,1,1003000.0,0.43488372093023253,0.44892221180880976,315000.0,0,1,39,486.0
2197,4300000.0,15.0,0.45885149198403496,0.0,0.0,450000.0,0.44040247678018574,0.4336917562724873,0.3442355460389141,0.44281793229643185,0.5031846524456339,0.5171573620994421,0.4407909194105085,1,0,147535000.0,0.45364536453645365,0.45443645083932854,5435000.0,1,0,35,439.0
2198,640000.0,17.0,0.45885149198403496,0.0,0.0,0.0,0.44040247678018574,0.4539823008849557,0.43902472242345825,0.45475113122171945,0.417393662751422,0.4757214900689184,0.45200464380003236,0,1,3512000.0,0.45364536453645365,0.44892221180880976,662000.0,0,1,32,335.0
2199,170000.0,13.0,0.4747378959928985,0.0,0.0,605344.4272445821,0.44040247678018574,0.4694783573806881,0.46428416000978534,0.45433255269320844,0.4835606203192975,0.4757214900689184,0.39896986903151255,0,1,3097000.0,0.45364536453645365,0.47386172006745364,426000.0,0,0,38,432.0
2200,140000.0,14.0,0.4844907454931315,0.0,0.0,0.0,0.44040247678018574,0.4694783573806881,0.5056772402445142,0.45045045045045046,0.4511627906899892,0.4859069669135048,0.4014334059125707,0,0,1253000.0,0.45364536453645365,0.45443645083932854,329000.0,0,0,37,449.0
2201,210000.0,10.0,0.45813033217197885,0.0,0.0,0.0,0.44040247678018574,0.4129263913824057,0.5159288114711631,0.44281793229643185,0.43697478992002986,0.49482456551750875,0.4014334059125707,0,0,21759000.0,0.43488372093023253,0.45443645083932854,2693000.0,0,0,37,749.0
2202,4460000.0,3.0,0.4220779627191293,0.0,0.0,0.0,0.44040247678018574,0.4336917562724873,0.4268739712093834,0.44281793229643185,0.4905583684264643,0.40002703158873276,0.49315734568265995,0,0,28227000.0,0.4568764568764569,0.44892221180880976,4335000.0,0,0,34,490.0
2203,160000.0,13.0,0.44387755113454985,0.0,0.0,605344.4272445821,0.45774647887323944,0.4539823008849557,0.43902472242345825,0.45045045045045046,0.4511627906899892,0.45192239757482366,0.5023579265365139,0,0,1954000.0,0.4568764568764569,0.47386172006745364,305000.0,0,0,38,438.0
2204,210000.0,12.0,0.46341463401227523,0.0,0.0,250000.0,0.44040247678018574,0.4694783573806881,0.5056772402445142,0.45045045045045046,0.43697478992002986,0.45677246944372973,0.36719335159199484,0,1,1397000.0,0.4568764568764569,0.44892221180880976,161000.0,0,0,36,363.0
2205,210000.0,14.0,0.4220779627191293,0.0,0.0,0.0,0.45774647887323944,0.4129263913824057,0.41581515781000167,0.44281793229643185,0.5031846524456339,0.41322952719822703,0.41047292637935173,1,0,5045000.0,0.43488372093023253,0.44892221180880976,635000.0,1,0,38,572.0
2206,1500000.0,17.0,0.5628080317442733,0.0,0.0,0.0,0.40000603415401237,0.4694783573806881,0.36271363783177113,0.45045045045045046,0.4687495951044435,0.3750074661878128,0.45745399554685107,1,0,11233000.0,0.43488372093023253,0.45443645083932854,2507000.0,1,1,36,413.0
2207,140000.0,13.0,0.583862843505718,0.0,0.0,605344.4272445821,0.45774647887323944,0.4694783573806881,0.4214287402257545,0.45433255269320844,0.46907216438869503,0.3721191346526487,0.423941142391273,0,0,1005000.0,0.45364536453645365,0.47386172006745364,154000.0,0,0,39,403.0
2208,160000.0,10.0,0.46341463401227523,561.0,561.0,450000.0,0.468085106382978,0.4336917562724873,0.30013565669860115,0.44281793229643185,0.4230769551118841,0.37737165958551677,0.44084111937285236,1,1,1504000.0,0.43488372093023253,0.45443645083932854,185000.0,1,0,37,629.0
2209,120000.0,13.0,0.4615356204904945,0.0,0.0,0.0,0.40000603415401237,0.4694783573806881,0.4214287402257545,0.44281793229643185,0.4687495951044435,0.46365822718746796,0.5009630346757856,0,0,929000.0,0.43488372093023253,0.47386172006745364,126000.0,0,1,37,525.0
2210,570000.0,10.0,0.45453917520963155,0.0,0.0,0.0,0.45774647887323944,0.4694783573806881,0.3971634082048179,0.45475113122171945,0.46907216438869503,0.5171573620994421,0.40201973495344345,0,0,3600000.0,0.4568764568764569,0.39678284182305634,552000.0,0,0,38,497.0
2211,3360000.0,5.0,0.4668770371178462,711.0,711.0,180000.0,0.45774647887323944,0.4539823008849557,0.30013565669860115,0.44281793229643185,0.45864649596466484,0.3965552694677991,0.4789986557881242,0,1,98647000.0,0.43488372093023253,0.39678284182305634,3542000.0,0,0,32,397.0
2212,2450000.0,24.0,0.4581005575150995,0.0,0.0,0.0,0.44040247678018574,0.4694783573806881,0.3971634082048179,0.45433255269320844,0.4230769551118841,0.45192239757482366,0.4545481381730755,0,0,28025000.0,0.45364536453645365,0.45443645083932854,3502000.0,0,0,39,482.0
2213,180000.0,13.0,0.3928574872021717,0.0,180.0,250000.0,0.45774647887323944,0.4694783573806881,0.3971634082048179,0.44281793229643185,0.4905583684264643,0.5164278000280932,0.3244469103797425,1,1,8146000.0,0.4568764568764569,0.45443645083932854,1188000.0,1,0,37,494.0
2214,210000.0,11.0,0.4220779627191293,0.0,0.0,10000.0,0.45774647887323944,0.4539823008849557,0.4799991436755424,0.45045045045045046,0.4583333330136348,0.3965552694677991,0.5220031427533425,0,0,2698000.0,0.45364536453645365,0.39678284182305634,310000.0,0,0,36,368.0
2215,430000.0,19.0,0.3971634082048179,0.0,0.0,0.0,0.44040247678018574,0.4129263913824057,0.44545497076419477,0.44281793229643185,0.4583333330136348,0.3680899177448659,0.4332390300357073,1,1,2364000.0,0.4568764568764569,0.44892221180880976,617000.0,1,1,36,387.0
2216,200000.0,13.0,0.5065614987246854,0.0,30.0,60000.0,0.44040247678018574,0.4129263913824057,0.4121240088339391,0.45433255269320844,0.4511627906899892,0.45192239757482366,0.4696533706380367,1,0,2099000.0,0.43488372093023253,0.45443645083932854,279000.0,1,1,34,344.0
2217,110000.0,13.0,0.5065614987246854,0.0,0.0,0.0,0.44040247678018574,0.4539823008849557,0.43902472242345825,0.44281793229643185,0.4230769551118841,0.3965552694677991,0.46016463299084465,0,0,691000.0,0.45364536453645365,0.44892221180880976,132000.0,0,0,37,448.0
2218,240000.0,10.0,0.583862843505718,350.0,350.0,540000.0,0.45774647887323944,0.4539823008849557,0.5254093931718659,0.45475113122171945,0.4511627906899892,0.4757214900689184,0.4278491036733748,0,0,1643000.0,0.45364536453645365,0.44892221180880976,252000.0,0,0,40,410.0
2219,2620000.0,10.0,0.3928574872021717,0.0,0.0,270000.0,0.45774647887323944,0.4694783573806881,0.36271363783177113,0.45475113122171945,0.5592064152301905,0.36975187045665187,0.4014334059125707,0,0,41647000.0,0.4568764568764569,0.47386172006745364,2479000.0,0,1,37,420.0
2220,1210000.0,13.0,0.4074136609653927,2380.0,2380.0,3760000.0,0.45774647887323944,0.4129263913824057,0.3931036562142931,0.45475113122171945,0.4604834864076457,0.3810650946770142,0.3270423716835601,1,0,9539000.0,0.4568764568764569,0.44892221180880976,1456000.0,1,0,37,521.0
2221,170000.0,13.0,0.46341463401227523,0.0,0.0,0.0,0.468085106382978,0.4694783573806881,0.4485294151733482,0.44281793229643185,0.37758024313602523,0.43679650911494705,0.4425020459775707,1,1,914000.0,0.43488372093023253,0.44892221180880976,247000.0,1,0,35,361.0
2222,110000.0,12.0,0.46341463401227523,0.0,167.0,40000.0,0.45774647887323944,0.4539823008849557,0.470084171924464,0.44281793229643185,0.4604834864076457,0.4339650140059905,0.4789986557881242,0,0,625000.0,0.43488372093023253,0.45443645083932854,100000.0,0,0,38,354.0
2223,220000.0,10.0,0.4646406293882584,6.0,30.0,50000.0,0.44040247678018574,0.4539823008849557,0.470084171924464,0.45475113122171945,0.417393662751422,0.3721191346526487,0.490206851056817,0,1,1894000.0,0.43488372093023253,0.44892221180880976,239000.0,0,0,36,319.0
2224,170000.0,11.0,0.4615356204904945,0.0,0.0,90000.0,0.45774647887323944,0.4129263913824057,0.5069442053895509,0.44281793229643185,0.43697478992002986,0.45192239757482366,0.41047292637935173,0,0,4327000.0,0.43488372093023253,0.47386172006745364,683000.0,0,0,39,491.0
2225,180000.0,11.0,0.46341463401227523,0.0,0.0,0.0,0.44040247678018574,0.4129263913824057,0.44545497076419477,0.45475113122171945,0.5315593642552221,0.5183627257078485,0.5030873748448164,0,0,1746000.0,0.4568764568764569,0.45443645083932854,193000.0,0,0,36,388.0
2226,190000.0,13.0,0.4498690306228219,0.0,0.0,0.0,0.44040247678018574,0.4539823008849557,0.5363528439845596,0.45475113122171945,0.4511627906899892,0.4395681403885853,0.490206851056817,0,0,1855000.0,0.45364536453645365,0.47386172006745364,212000.0,0,0,37,667.0
2227,160000.0,16.0,0.4615356204904945,0.0,0.0,70000.0,0.45774647887323944,0.4694783573806881,0.3931036562142931,0.44281793229643185,0.43697478992002986,0.43679650911494705,0.5363489679286931,0,0,1563000.0,0.43488372093023253,0.44892221180880976,286000.0,0,0,36,509.0
2228,230000.0,15.0,0.4581005575150995,0.0,180.0,10000.0,0.44040247678018574,0.4694783573806881,0.43902472242345825,0.45475113122171945,0.4687495951044435,0.5071462083323844,0.45900943855115717,0,0,1235000.0,0.45364536453645365,0.45443645083932854,229000.0,0,0,36,443.0
2229,200000.0,16.0,0.35775698265868106,0.0,0.0,0.0,0.44040247678018574,0.4694783573806881,0.5069442053895509,0.44281793229643185,0.4583333330136348,0.40235614355016347,0.5030873748448164,0,1,1464000.0,0.45364536453645365,0.44892221180880976,215000.0,0,0,36,446.0
2230,1640000.0,15.0,0.4581005575150995,0.0,60.0,1180000.0,0.468085106382978,0.4336917562724873,0.4485294151733482,0.45045045045045046,0.417393662751422,0.3750074661878128,0.47190419232428393,0,0,9392000.0,0.45364536453645365,0.47386172006745364,1870000.0,0,0,34,405.0
2231,220000.0,15.0,0.5628080317442733,0.0,0.0,0.0,0.44040247678018574,0.4694783573806881,0.5363528439845596,0.45045045045045046,0.4468097890743483,0.43679650911494705,0.5233562461236126,0,0,597000.0,0.43488372093023253,0.44892221180880976,184000.0,0,1,36,667.0
2232,200000.0,11.0,0.45813033217197885,276.0,276.0,140000.0,0.45774647887323944,0.4694783573806881,0.4459232804790396,0.44281793229643185,0.417393662751422,0.3750074661878128,0.49315734568265995,0,0,7799000.0,0.45364536453645365,0.47386172006745364,1408000.0,0,0,37,565.0
2233,220000.0,10.0,0.46341463401227523,0.0,0.0,0.0,0.40000603415401237,0.4694783573806881,0.3442355460389141,0.44281793229643185,0.4230769551118841,0.3965552694677991,0.5220031427533425,1,0,16909000.0,0.43488372093023253,0.47386172006745364,3201000.0,1,0,35,310.0
2234,80000.0,10.0,0.45885149198403496,0.0,60.0,20000.0,0.44040247678018574,0.4539823008849557,0.476615203163763,0.45433255269320844,0.4230769551118841,0.5164278000280932,0.46629820821531875,0,0,982000.0,0.45364536453645365,0.45443645083932854,115000.0,0,0,37,524.0
2235,200000.0,37.0,0.4706709757445273,0.0,0.0,0.0,0.45774647887323944,0.4539823008849557,0.44545497076419477,0.44281793229643185,0.4230769551118841,0.40235614355016347,0.45989425850057764,0,1,863000.0,0.45364536453645365,0.45443645083932854,181000.0,0,1,40,431.0
2236,220000.0,11.0,0.471073469342046,82.40884820747522,114.68688024408848,605344.4272445821,0.468085106382978,0.4694783573806881,0.36271363783177113,0.44281793229643185,0.4905583684264643,0.4859069669135048,0.39896986903151255,1,0,4945000.0,0.45364536453645365,0.47386172006745364,555000.0,1,1,36,454.0
2237,220000.0,14.0,0.4646406293882584,0.0,0.0,0.0,0.44040247678018574,0.4539823008849557,0.38083308316558756,0.44281793229643185,0.45890407585949666,0.4339650140059905,0.5157460113123283,0,0,28519000.0,0.4568764568764569,0.47386172006745364,4618000.0,0,0,37,323.0
2238,190000.0,18.0,0.40004455157916113,222.0,0.0,20000.0,0.44040247678018574,0.4129263913824057,0.4459232804790396,0.45045045045045046,0.5315593642552221,0.5106758841242302,0.42220278660777283,0,1,817000.0,0.43488372093023253,0.39678284182305634,179000.0,0,0,36,422.0
2239,160000.0,10.0,0.4220779627191293,0.0,0.0,0.0,0.44040247678018574,0.4694783573806881,0.46428416000978534,0.44281793229643185,0.493908884521716,0.49482456551750875,0.4106715025408491,0,0,1160000.0,0.4568764568764569,0.44892221180880976,212000.0,0,0,38,338.0
2240,220000.0,18.0,0.44387755113454985,0.0,360.0,10000.0,0.44040247678018574,0.4336917562724873,0.3900197525554698,0.45475113122171945,0.3739186560656616,0.40235614355016347,0.4037095629016318,0,0,1834000.0,0.4568764568764569,0.44892221180880976,345000.0,0,0,37,390.0
2241,3470000.0,15.0,0.4615356204904945,204.0,204.0,18030000.0,0.44040247678018574,0.4539823008849557,0.5257384019435941,0.45475113122171945,0.46907216438869503,0.5491139021556548,0.4139523428902476,1,0,15739000.0,0.43488372093023253,0.45443645083932854,3362000.0,1,1,35,652.0
2242,1110000.0,13.0,0.46341463401227523,82.40884820747522,114.68688024408848,605344.4272445821,0.44040247678018574,0.4129263913824057,0.5375745064065167,0.44281793229643185,0.37758024313602523,0.46365822718746796,0.41240204586511464,1,0,26766000.0,0.45364536453645365,0.47386172006745364,3266000.0,1,0,37,521.0
2243,200000.0,11.0,0.471073469342046,58.0,58.0,1210000.0,0.44040247678018574,0.4336917562724873,0.44545497076419477,0.45475113122171945,0.43096844666979034,0.5171573620994421,0.4653190175668822,1,1,4880000.0,0.45364536453645365,0.47386172006745364,713000.0,1,0,40,424.0
2244,210000.0,14.0,0.40004455157916113,231.0,449.0,30000.0,0.44040247678018574,0.4694783573806881,0.3971634082048179,0.45475113122171945,0.4835606203192975,0.41322952719822703,0.4994506452738054,0,1,1190000.0,0.4568764568764569,0.45443645083932854,266000.0,0,0,37,363.0
2245,160000.0,15.0,0.4747378959928985,0.0,0.0,10000.0,0.45774647887323944,0.4539823008849557,0.45782858909969404,0.44281793229643185,0.46907216438869503,0.45560844252904975,0.4606736933325396,0,0,1125000.0,0.43488372093023253,0.39678284182305634,192000.0,0,0,37,443.0
2246,1110000.0,13.0,0.4581005575150995,0.0,0.0,0.0,0.44040247678018574,0.4336917562724873,0.5056772402445142,0.45045045045045046,0.414225941433284,0.46721243412305624,0.48822655398093273,0,0,5372000.0,0.43488372093023253,0.45443645083932854,1164000.0,0,1,33,525.0
2247,5020000.0,18.0,0.40004455157916113,0.0,0.0,0.0,0.44040247678018574,0.4539823008849557,0.3442355460389141,0.45475113122171945,0.414225941433284,0.4395681403885853,0.3758582472222368,1,1,81907000.0,0.43488372093023253,0.44892221180880976,4193000.0,1,0,36,420.0
2248,460000.0,24.0,0.4668770371178462,82.40884820747522,114.68688024408848,605344.4272445821,0.44040247678018574,0.4336917562724873,0.4799991436755424,0.45475113122171945,0.417393662751422,0.41322952719822703,0.348329989309645,0,0,4273000.0,0.43488372093023253,0.45443645083932854,343000.0,0,1,41,488.0
2249,590000.0,13.0,0.4747378959928985,0.0,0.0,550000.0,0.44040247678018574,0.4694783573806881,0.45782858909969404,0.44281793229643185,0.414225941433284,0.45677246944372973,0.4530944584075768,0,1,3119000.0,0.4568764568764569,0.47386172006745364,454000.0,0,1,33,297.0
2250,250000.0,16.0,0.4581005575150995,0.0,0.0,160000.0,0.44040247678018574,0.4694783573806881,0.476615203163763,0.45045045045045046,0.493908884521716,0.4658901691183491,0.36641942856818427,0,1,1450000.0,0.45364536453645365,0.44892221180880976,227000.0,0,1,35,386.0
2251,510000.0,21.0,0.4747378959928985,0.0,0.0,160000.0,0.40000603415401237,0.4539823008849557,0.470084171924464,0.44281793229643185,0.4604834864076457,0.5164278000280932,0.45745399554685107,1,0,487000.0,0.43488372093023253,0.45443645083932854,1060000.0,1,1,39,415.0
2252,3390000.0,10.0,0.3971634082048179,0.0,0.0,0.0,0.45774647887323944,0.4129263913824057,0.416387268320036,0.45045045045045046,0.3739186560656616,0.40235614355016347,0.40201973495344345,0,0,50745000.0,0.4568764568764569,0.39678284182305634,2914000.0,0,0,37,421.0
2253,3400000.0,11.0,0.4747378959928985,0.0,0.0,605344.4272445821,0.45774647887323944,0.4539823008849557,0.4214287402257545,0.44281793229643185,0.45864649596466484,0.5491139021556548,0.45989425850057764,1,1,75046000.0,0.45364536453645365,0.45443645083932854,2495000.0,1,0,39,480.0
2254,130000.0,13.0,0.4615356204904945,0.0,0.0,370000.0,0.44040247678018574,0.4539823008849557,0.5069442053895509,0.45475113122171945,0.4583333330136348,0.4859069669135048,0.49315734568265995,0,0,914000.0,0.43488372093023253,0.47386172006745364,100000.0,0,0,37,610.0
2255,690000.0,3.0,0.471073469342046,0.0,0.0,0.0,0.45774647887323944,0.4129263913824057,0.43902472242345825,0.45045045045045046,0.37758024313602523,0.45331529430883266,0.41240204586511464,1,0,3437000.0,0.4568764568764569,0.44892221180880976,708000.0,1,1,34,453.0
2256,200000.0,10.0,0.4581005575150995,82.40884820747522,114.68688024408848,605344.4272445821,0.44040247678018574,0.4539823008849557,0.5056772402445142,0.44281793229643185,0.4687495951044435,0.3965552694677991,0.4545481381730755,1,0,8050000.0,0.45364536453645365,0.45443645083932854,949000.0,1,0,38,488.0
2257,2550000.0,14.0,0.44387755113454985,0.0,0.0,0.0,0.45774647887323944,0.4694783573806881,0.3900197525554698,0.45475113122171945,0.5315593642552221,0.36975187045665187,0.4696533706380367,0,0,17147000.0,0.43488372093023253,0.44892221180880976,2824000.0,0,1,33,612.0
2258,220000.0,7.0,0.5065614987246854,0.0,0.0,605344.4272445821,0.45774647887323944,0.4539823008849557,0.3900197525554698,0.45475113122171945,0.3739186560656616,0.5171573620994421,0.46016463299084465,0,0,10351000.0,0.45364536453645365,0.44892221180880976,177000.0,0,1,40,327.0
2259,130000.0,12.0,0.4581005575150995,0.0,0.0,0.0,0.44040247678018574,0.4539823008849557,0.5056772402445142,0.45045045045045046,0.4230769551118841,0.5217257015040757,0.45989425850057764,0,1,1155000.0,0.45364536453645365,0.47386172006745364,129000.0,0,0,37,680.0
2260,170000.0,11.0,0.46341463401227523,0.0,0.0,0.0,0.45774647887323944,0.4129263913824057,0.4799991436755424,0.45475113122171945,0.4468097890743483,0.3965552694677991,0.36641942856818427,0,0,1717000.0,0.45364536453645365,0.47386172006745364,159000.0,0,1,34,329.0
2261,220000.0,18.0,0.3928574872021717,82.40884820747522,114.68688024408848,0.0,0.44040247678018574,0.4336917562724873,0.3900197525554698,0.45433255269320844,0.5031846524456339,0.4395681403885853,0.49315734568265995,0,0,4301000.0,0.4568764568764569,0.44892221180880976,223000.0,0,1,34,599.0
2262,170000.0,15.0,0.4581005575150995,0.0,0.0,0.0,0.44040247678018574,0.4336917562724873,0.5069442053895509,0.45475113122171945,0.5031846524456339,0.45331529430883266,0.3580839468498659,0,1,673000.0,0.4568764568764569,0.44892221180880976,152000.0,0,0,37,362.0
2263,1030000.0,11.0,0.46341463401227523,0.0,0.0,60000.0,0.468085106382978,0.4336917562724873,0.4459232804790396,0.44281793229643185,0.46907216438869503,0.45331529430883266,0.45200464380003236,0,0,30378000.0,0.4568764568764569,0.44892221180880976,4215000.0,0,0,34,523.0
2264,2690000.0,3.0,0.44387755113454985,82.40884820747522,114.68688024408848,0.0,0.45774647887323944,0.4336917562724873,0.5254093931718659,0.44281793229643185,0.45864649596466484,0.4757214900689184,0.46016463299084465,0,0,837000.0,0.45364536453645365,0.39678284182305634,2451000.0,0,1,33,474.0
2265,180000.0,12.0,0.4360903840722853,100.0,100.0,20000.0,0.44040247678018574,0.4539823008849557,0.470084171924464,0.45433255269320844,0.4583333330136348,0.3965552694677991,0.39896986903151255,0,0,1966000.0,0.4568764568764569,0.45443645083932854,250000.0,0,0,40,408.0
2266,2700000.0,15.0,0.45453917520963155,0.0,0.0,0.0,0.45774647887323944,0.4694783573806881,0.5375745064065167,0.44281793229643185,0.4687495951044435,0.45331529430883266,0.45745399554685107,0,1,29888000.0,0.4568764568764569,0.45443645083932854,5764000.0,0,0,34,412.0
2267,3580000.0,10.0,0.3928574872021717,0.0,0.0,340000.0,0.45774647887323944,0.4694783573806881,0.5257384019435941,0.44281793229643185,0.4511627906899892,0.531814720884261,0.44169753216105057,0,0,11934000.0,0.45364536453645365,0.47386172006745364,3530000.0,0,1,37,507.0
2268,990000.0,11.0,0.3971634082048179,0.0,0.0,0.0,0.45774647887323944,0.4539823008849557,0.5363528439845596,0.45433255269320844,0.44230917465915276,0.5164278000280932,0.5220031427533425,0,0,911000.0,0.45364536453645365,0.45443645083932854,1051000.0,0,1,38,407.0
2269,230000.0,14.0,0.4844907454931315,355.0,360.0,60000.0,0.45774647887323944,0.4539823008849557,0.5069442053895509,0.44281793229643185,0.4230769551118841,0.45677246944372973,0.45989425850057764,1,0,14086000.0,0.45364536453645365,0.45443645083932854,1783000.0,1,0,37,460.0
2270,210000.0,15.0,0.4581005575150995,0.0,0.0,0.0,0.45774647887323944,0.4694783573806881,0.45782858909969404,0.44281793229643185,0.45890407585949666,0.37737165958551677,0.5035331693654489,0,0,986000.0,0.4568764568764569,0.45443645083932854,220000.0,0,0,36,324.0
2271,90000.0,13.0,0.44387755113454985,0.0,0.0,0.0,0.45774647887323944,0.4129263913824057,0.4956486747857908,0.45045045045045046,0.46907216438869503,0.4757214900689184,0.45745399554685107,1,0,63866000.0,0.4568764568764569,0.45443645083932854,3501000.0,1,0,37,389.0
2272,350000.0,13.0,0.3928574872021717,0.0,0.0,0.0,0.40000603415401237,0.4694783573806881,0.5069442053895509,0.44281793229643185,0.46907216438869503,0.4321363669380822,0.49057865436532944,0,0,2101000.0,0.45364536453645365,0.39678284182305634,407000.0,0,1,35,518.0
2273,180000.0,14.0,0.4498690306228219,885.0,885.0,130000.0,0.44040247678018574,0.4694783573806881,0.43902472242345825,0.45045045045045046,0.45890407585949666,0.46721243412305624,0.36719335159199484,1,0,2041000.0,0.43488372093023253,0.45443645083932854,254000.0,1,0,37,466.89744512414535
2274,230000.0,17.0,0.46341463401227523,0.0,0.0,10000.0,0.44040247678018574,0.4694783573806881,0.44545497076419477,0.44281793229643185,0.414225941433284,0.5183627257078485,0.40526968668929697,0,0,1596000.0,0.45364536453645365,0.39678284182305634,307000.0,0,0,36,444.0
2275,550000.0,12.0,0.4360903840722853,0.0,0.0,820000.0,0.45774647887323944,0.4129263913824057,0.5363528439845596,0.44281793229643185,0.4230769551118841,0.531814720884261,0.4543800115079512,0,0,676000.0,0.43488372093023253,0.45443645083932854,1269000.0,0,1,38,466.89744512414535
2276,450000.0,36.0,0.46341463401227523,0.0,0.0,605344.4272445821,0.44040247678018574,0.4129263913824057,0.5069442053895509,0.45045045045045046,0.45864649596466484,0.4339650140059905,0.4696533706380367,0,1,890000.0,0.4568764568764569,0.45443645083932854,313000.0,0,1,40,461.0
2277,1640000.0,12.0,0.4074136609653927,82.40884820747522,114.68688024408848,605344.4272445821,0.468085106382978,0.4694783573806881,0.5257384019435941,0.45475113122171945,0.5592064152301905,0.36975187045665187,0.40582917672392776,0,0,54670000.0,0.4568764568764569,0.44892221180880976,5014000.0,0,0,36,720.0
2278,510000.0,13.0,0.471073469342046,82.40884820747522,114.68688024408848,605344.4272445821,0.44040247678018574,0.4694783573806881,0.4485294151733482,0.45475113122171945,0.414225941433284,0.4444688960343153,0.48822655398093273,0,1,8263000.0,0.4568764568764569,0.44892221180880976,1487000.0,0,0,38,336.0
2279,140000.0,18.0,0.583862843505718,0.0,0.0,0.0,0.40000603415401237,0.4694783573806881,0.5069442053895509,0.45433255269320844,0.43697478992002986,0.4444688960343153,0.42220278660777283,0,0,519000.0,0.4568764568764569,0.44892221180880976,111000.0,0,1,35,386.0
2280,200000.0,10.0,0.4498690306228219,149.0,180.0,60000.0,0.40000603415401237,0.4539823008849557,0.38083308316558756,0.45433255269320844,0.43697478992002986,0.45560844252904975,0.4696533706380367,0,0,1658000.0,0.45364536453645365,0.44892221180880976,230000.0,0,0,37,444.0
2281,1630000.0,12.0,0.4074136609653927,0.0,0.0,0.0,0.468085106382978,0.4129263913824057,0.43902472242345825,0.44281793229643185,0.4511627906899892,0.41322952719822703,0.383357340467756,0,1,16439000.0,0.45364536453645365,0.44892221180880976,2142000.0,0,0,38,452.0
2282,470000.0,18.0,0.471073469342046,0.0,0.0,670000.0,0.44040247678018574,0.4129263913824057,0.5254093931718659,0.45475113122171945,0.4511627906899892,0.4321363669380822,0.41240204586511464,0,0,6029000.0,0.4568764568764569,0.47386172006745364,569000.0,0,1,36,464.0
2283,3420000.0,15.0,0.3928574872021717,0.0,0.0,110000.0,0.44040247678018574,0.4694783573806881,0.5254093931718659,0.45045045045045046,0.4511627906899892,0.4395681403885853,0.4696533706380367,0,0,16427000.0,0.45364536453645365,0.47386172006745364,2552000.0,0,0,34,763.0
2284,230000.0,11.0,0.4375202018743684,0.0,0.0,0.0,0.44040247678018574,0.4539823008849557,0.5363528439845596,0.45433255269320844,0.414225941433284,0.36975187045665187,0.3244469103797425,0,0,3151000.0,0.43488372093023253,0.45443645083932854,422000.0,0,0,36,614.0
2285,2770000.0,16.0,0.43673114297615767,0.0,0.0,80000.0,0.44040247678018574,0.4129263913824057,0.40571030945850584,0.45475113122171945,0.4583333330136348,0.43679650911494705,0.4037095629016318,1,1,59479000.0,0.45364536453645365,0.47386172006745364,2692000.0,1,0,32,790.0
2286,2080000.0,10.0,0.3971634082048179,82.40884820747522,114.68688024408848,605344.4272445821,0.45774647887323944,0.4539823008849557,0.3931036562142931,0.44281793229643185,0.5031846524456339,0.3810650946770142,0.3758582472222368,0,0,40652000.0,0.4568764568764569,0.45443645083932854,3592000.0,0,0,38,747.0
2287,230000.0,10.0,0.4747378959928985,0.0,0.0,605344.4272445821,0.45774647887323944,0.4539823008849557,0.3931036562142931,0.45475113122171945,0.43096844666979034,0.49482456551750875,0.44519311265006384,0,0,11818000.0,0.4568764568764569,0.44892221180880976,2203000.0,0,0,37,341.0
2288,2070000.0,26.0,0.4220779627191293,0.0,0.0,605344.4272445821,0.45774647887323944,0.4694783573806881,0.5375745064065167,0.45475113122171945,0.4511627906899892,0.4859069669135048,0.5030873748448164,0,0,13883000.0,0.45364536453645365,0.47386172006745364,3427000.0,0,0,39,774.0
2289,130000.0,14.0,0.46341463401227523,0.0,0.0,0.0,0.45774647887323944,0.4694783573806881,0.46428416000978534,0.44281793229643185,0.44230917465915276,0.5491139021556548,0.4014334059125707,1,0,656000.0,0.4568764568764569,0.47386172006745364,128000.0,1,0,37,571.0
2290,3870000.0,13.0,0.5065614987246854,0.0,0.0,0.0,0.45774647887323944,0.4129263913824057,0.4799991436755424,0.44281793229643185,0.417393662751422,0.4757214900689184,0.36641942856818427,1,0,13037000.0,0.45364536453645365,0.44892221180880976,3831000.0,1,0,33,622.0
2291,2780000.0,16.0,0.44387755113454985,0.0,0.0,0.0,0.45774647887323944,0.4539823008849557,0.5056772402445142,0.44281793229643185,0.46907216438869503,0.4395681403885853,0.4425020459775707,0,0,15309000.0,0.4568764568764569,0.44892221180880976,2966000.0,0,0,38,634.0
2292,180000.0,19.0,0.4581005575150995,0.0,0.0,310000.0,0.45774647887323944,0.4694783573806881,0.4415584526838991,0.44281793229643185,0.4687495951044435,0.3750074661878128,0.4425020459775707,1,0,1410000.0,0.45364536453645365,0.44892221180880976,266000.0,1,0,35,527.0
2293,190000.0,19.0,0.4906797478948485,0.0,0.0,60000.0,0.45774647887323944,0.4694783573806881,0.4415584526838991,0.45045045045045046,0.37758024313602523,0.5171573620994421,0.39551727687191446,0,0,2160000.0,0.45364536453645365,0.44892221180880976,264000.0,0,0,37,530.0
2294,1750000.0,19.0,0.3971634082048179,82.40884820747522,114.68688024408848,0.0,0.45774647887323944,0.4539823008849557,0.5056772402445142,0.44281793229643185,0.43697478992002986,0.3750074661878128,0.42220278660777283,1,0,9249000.0,0.43488372093023253,0.39678284182305634,1705000.0,1,0,32,707.0
2295,200000.0,10.0,0.4581005575150995,0.0,0.0,0.0,0.45774647887323944,0.4694783573806881,0.44545497076419477,0.45045045045045046,0.5315593642552221,0.40002703158873276,0.490206851056817,0,0,1364000.0,0.4568764568764569,0.44892221180880976,179000.0,0,0,36,351.0
2296,370000.0,38.0,0.49269077310150705,0.0,0.0,0.0,0.45774647887323944,0.4539823008849557,0.5069442053895509,0.44281793229643185,0.43096844666979034,0.45331529430883266,0.39896986903151255,1,0,891000.0,0.45364536453645365,0.39678284182305634,362000.0,1,0,39,392.0
2297,180000.0,13.0,0.471073469342046,0.0,0.0,0.0,0.45774647887323944,0.4539823008849557,0.5257384019435941,0.45475113122171945,0.4687495951044435,0.4339650140059905,0.5023579265365139,0,1,3792000.0,0.43488372093023253,0.45443645083932854,586000.0,0,0,36,315.0
2298,180000.0,14.0,0.4615356204904945,0.0,0.0,0.0,0.45774647887323944,0.4539823008849557,0.43902472242345825,0.45045045045045046,0.4511627906899892,0.45192239757482366,0.4505327389584535,0,0,847000.0,0.45364536453645365,0.44892221180880976,139000.0,0,0,35,370.0
2299,150000.0,14.0,0.4646406293882584,0.0,0.0,0.0,0.44040247678018574,0.4694783573806881,0.476615203163763,0.44281793229643185,0.4687495951044435,0.36975187045665187,0.4278491036733748,1,0,2513000.0,0.4568764568764569,0.45443645083932854,323000.0,1,0,35,366.0
2300,5070000.0,14.0,0.4615356204904945,0.0,0.0,1870000.0,0.44040247678018574,0.4539823008849557,0.5056772402445142,0.45475113122171945,0.44230917465915276,0.4389077345532648,0.44519311265006384,1,0,523819000.0,0.45364536453645365,0.47386172006745364,4556000.0,1,0,33,466.89744512414535
2301,150000.0,18.0,0.3928574872021717,0.0,180.0,10000.0,0.44040247678018574,0.4694783573806881,0.3442355460389141,0.45045045045045046,0.5606727833398578,0.46721243412305624,0.4545481381730755,0,1,940000.0,0.43488372093023253,0.45443645083932854,184000.0,0,0,37,419.0
2302,140000.0,14.0,0.4581005575150995,0.0,0.0,10000.0,0.45774647887323944,0.4694783573806881,0.5056772402445142,0.45433255269320844,0.4905583684264643,0.5164278000280932,0.45989425850057764,0,0,1009000.0,0.43488372093023253,0.44892221180880976,147000.0,0,0,36,466.89744512414535
2303,2470000.0,10.0,0.4615356204904945,0.0,0.0,0.0,0.44040247678018574,0.4539823008849557,0.4485294151733482,0.45433255269320844,0.43697478992002986,0.40235614355016347,0.42220278660777283,1,0,446000.0,0.4568764568764569,0.45443645083932854,2260000.0,1,1,39,435.0
2304,210000.0,13.0,0.4581005575150995,999.0,999.0,1870000.0,0.44040247678018574,0.4539823008849557,0.5257384019435941,0.4106715025408491,0.4511627906899892,0.5164278000280932,0.4407909194105085,0,1,5560000.0,0.45364536453645365,0.45443645083932854,907000.0,0,0,36,432.0
2305,5530000.0,19.0,0.471073469342046,0.0,0.0,1200000.0,0.44040247678018574,0.4694783573806881,0.4799991436755424,0.45045045045045046,0.4604834864076457,0.40235614355016347,0.37192363309077975,0,0,64726000.0,0.45364536453645365,0.45443645083932854,5427000.0,0,0,34,618.0
2306,220000.0,10.0,0.4844907454931315,0.0,0.0,0.0,0.44040247678018574,0.4336917562724873,0.5159288114711631,0.45045045045045046,0.43697478992002986,0.46365822718746796,0.4771498533714657,0,0,2829000.0,0.45364536453645365,0.45443645083932854,309000.0,0,1,37,610.0
2307,190000.0,13.0,0.4220779627191293,0.0,0.0,605344.4272445821,0.45774647887323944,0.4129263913824057,0.3442355460389141,0.45045045045045046,0.417393662751422,0.40235614355016347,0.4270121893767379,0,0,10857000.0,0.43488372093023253,0.44892221180880976,1337000.0,0,0,38,334.0
2308,160000.0,12.0,0.4360903840722853,0.0,0.0,605344.4272445821,0.44040247678018574,0.4539823008849557,0.4956486747857908,0.45433255269320844,0.4583333330136348,0.5176283236840944,0.5035331693654489,0,0,1055000.0,0.45364536453645365,0.39678284182305634,145000.0,0,1,39,438.0
2309,2290000.0,11.0,0.4220779627191293,0.0,0.0,605344.4272445821,0.45774647887323944,0.4694783573806881,0.3931036562142931,0.44281793229643185,0.417393662751422,0.5217257015040757,0.4332390300357073,0,0,10266000.0,0.45364536453645365,0.44892221180880976,2060000.0,0,1,38,432.0
2310,1280000.0,5.0,0.3971634082048179,0.0,0.0,0.0,0.44040247678018574,0.4694783573806881,0.3442355460389141,0.45475113122171945,0.4905583684264643,0.45192239757482366,0.4543800115079512,0,0,7602000.0,0.4568764568764569,0.45443645083932854,2000000.0,0,0,32,413.0
2311,470000.0,14.0,0.3928574872021717,82.40884820747522,114.68688024408848,605344.4272445821,0.45774647887323944,0.4336917562724873,0.4415584526838991,0.45475113122171945,0.4511627906899892,0.46721243412305624,0.5220031427533425,0,1,3298000.0,0.45364536453645365,0.45443645083932854,427000.0,0,0,38,422.0
2312,2330000.0,14.0,0.45885149198403496,82.40884820747522,114.68688024408848,0.0,0.44040247678018574,0.4539823008849557,0.5257384019435941,0.45475113122171945,0.414225941433284,0.5164278000280932,0.44084111937285236,0,0,13285000.0,0.45364536453645365,0.47386172006745364,2075000.0,0,0,33,366.0
2313,780000.0,14.0,0.46341463401227523,0.0,0.0,0.0,0.45774647887323944,0.4694783573806881,0.4956486747857908,0.44281793229643185,0.414225941433284,0.49482456551750875,0.490206851056817,0,0,4152000.0,0.43488372093023253,0.44892221180880976,884000.0,0,0,36,427.0
2314,220000.0,12.0,0.4646406293882584,0.0,0.0,0.0,0.44040247678018574,0.4694783573806881,0.3442355460389141,0.45045045045045046,0.46907216438869503,0.43574970796090917,0.37192363309077975,0,0,2417000.0,0.45364536453645365,0.44892221180880976,385000.0,0,0,38,523.0
2315,210000.0,14.0,0.35775698265868106,0.0,0.0,0.0,0.44040247678018574,0.4694783573806881,0.476615203163763,0.45475113122171945,0.4468097890743483,0.46721243412305624,0.4696533706380367,0,1,826000.0,0.45364536453645365,0.44892221180880976,161000.0,0,1,37,392.0
2316,830000.0,27.0,0.45885149198403496,0.0,0.0,0.0,0.468085106382978,0.4539823008849557,0.45200464380003236,0.44281793229643185,0.45864649596466484,0.3810650946770142,0.4626438500979087,1,0,3644000.0,0.4568764568764569,0.39678284182305634,848000.0,1,1,40,382.0
2317,110000.0,11.0,0.4906797478948485,999.0,999.0,420000.0,0.468085106382978,0.4539823008849557,0.5159288114711631,0.44281793229643185,0.46907216438869503,0.5164278000280932,0.44084111937285236,0,0,1081000.0,0.43488372093023253,0.47386172006745364,151000.0,0,0,38,479.0
2318,370000.0,10.0,0.4747378959928985,0.0,0.0,0.0,0.45774647887323944,0.4539823008849557,0.5363528439845596,0.44281793229643185,0.45864649596466484,0.40002703158873276,0.41240204586511464,1,1,18868000.0,0.43488372093023253,0.47386172006745364,383000.0,1,1,39,600.0
2319,220000.0,11.0,0.46341463401227523,0.0,0.0,0.0,0.44040247678018574,0.4694783573806881,0.3931036562142931,0.45475113122171945,0.3739186560656616,0.37737165958551677,0.41047292637935173,0,0,2301000.0,0.43488372093023253,0.45443645083932854,241000.0,0,0,37,379.0
2320,5950000.0,14.0,0.46341463401227523,0.0,0.0,0.0,0.45774647887323944,0.4539823008849557,0.5165869667180779,0.44281793229643185,0.4687495951044435,0.49482456551750875,0.49141635626861524,0,1,33596000.0,0.43488372093023253,0.45443645083932854,5655000.0,0,0,36,487.0
2321,120000.0,10.0,0.40004455157916113,82.40884820747522,114.68688024408848,605344.4272445821,0.45774647887323944,0.4129263913824057,0.5254093931718659,0.44281793229643185,0.37758024313602523,0.4444688960343153,0.49646711594687815,0,0,969000.0,0.43488372093023253,0.45443645083932854,114000.0,0,0,37,363.0
2322,280000.0,18.0,0.4844907454931315,0.0,0.0,60000.0,0.44040247678018574,0.4129263913824057,0.4415584526838991,0.45475113122171945,0.43697478992002986,0.45677246944372973,0.45200464380003236,1,1,976000.0,0.45364536453645365,0.47386172006745364,265000.0,1,0,35,462.0
2323,860000.0,26.0,0.44387755113454985,0.0,0.0,605344.4272445821,0.44040247678018574,0.4694783573806881,0.5069442053895509,0.44281793229643185,0.43697478992002986,0.5164278000280932,0.3270423716835601,0,1,9681000.0,0.45364536453645365,0.39678284182305634,1941000.0,0,1,39,635.0
2324,1820000.0,43.0,0.4581005575150995,0.0,0.0,605344.4272445821,0.45774647887323944,0.4694783573806881,0.4459232804790396,0.44281793229643185,0.43697478992002986,0.46365822718746796,0.4270121893767379,0,1,4833000.0,0.4568764568764569,0.44892221180880976,1537000.0,0,1,38,571.0
2325,1160000.0,11.0,0.4844907454931315,0.0,0.0,0.0,0.45774647887323944,0.4694783573806881,0.43902472242345825,0.45475113122171945,0.46907216438869503,0.4757214900689184,0.4425020459775707,0,0,8748000.0,0.43488372093023253,0.47386172006745364,1321000.0,0,0,38,417.0
2326,3530000.0,11.0,0.45813033217197885,0.0,0.0,0.0,0.45774647887323944,0.4129263913824057,0.3931036562142931,0.45475113122171945,0.43697478992002986,0.43679650911494705,0.3758582472222368,0,0,28252000.0,0.43488372093023253,0.45443645083932854,2836000.0,0,1,38,427.0
2327,3480000.0,18.0,0.5065614987246854,0.0,0.0,0.0,0.44040247678018574,0.4336917562724873,0.416387268320036,0.44281793229643185,0.5063919873437158,0.3680899177448659,0.39896986903151255,0,0,14346000.0,0.4568764568764569,0.45443645083932854,2890000.0,0,0,35,318.0
2328,100000.0,13.0,0.40004455157916113,0.0,0.0,0.0,0.45774647887323944,0.4694783573806881,0.5375745064065167,0.44281793229643185,0.43697478992002986,0.45677246944372973,0.39896986903151255,0,0,888000.0,0.45364536453645365,0.45443645083932854,125000.0,0,0,36,550.0
2329,1580000.0,15.0,0.44387755113454985,999.0,999.0,4940000.0,0.45774647887323944,0.4129263913824057,0.38083308316558756,0.44281793229643185,0.37758024313602523,0.4395681403885853,0.3244469103797425,0,1,7935000.0,0.45364536453645365,0.45443645083932854,1160000.0,0,1,36,754.0
2330,110000.0,13.0,0.4278491036733748,1249.0,1249.0,220000.0,0.45774647887323944,0.4539823008849557,0.5069442053895509,0.44281793229643185,0.4583333330136348,0.48077782044892603,0.4425020459775707,1,0,1906000.0,0.45364536453645365,0.47386172006745364,325000.0,1,0,38,442.0
2331,2540000.0,18.0,0.46341463401227523,0.0,0.0,0.0,0.44040247678018574,0.4129263913824057,0.470084171924464,0.44281793229643185,0.4835606203192975,0.3750074661878128,0.4037095629016318,0,0,22653000.0,0.4568764568764569,0.45443645083932854,3319000.0,0,0,37,542.0
2332,720000.0,16.0,0.4646406293882584,0.0,0.0,0.0,0.45774647887323944,0.4539823008849557,0.44545497076419477,0.45045045045045046,0.5063919873437158,0.48068087923257147,0.5129506565271986,0,0,5448000.0,0.4568764568764569,0.44892221180880976,971000.0,0,1,33,473.0
2333,170000.0,10.0,0.4220779627191293,1069.0,1069.0,370000.0,0.45774647887323944,0.4539823008849557,0.5363528439845596,0.45475113122171945,0.4230769551118841,0.46365822718746796,0.31886873294614065,0,1,3641000.0,0.4568764568764569,0.45443645083932854,682000.0,0,0,38,466.89744512414535
2334,3820000.0,13.0,0.4074136609653927,0.0,0.0,3910000.0,0.44040247678018574,0.4694783573806881,0.470084171924464,0.45433255269320844,0.4583333330136348,0.4757214900689184,0.41047292637935173,1,0,50797000.0,0.45364536453645365,0.44892221180880976,5929000.0,1,0,35,567.0
2335,180000.0,10.0,0.4074136609653927,0.0,0.0,0.0,0.45774647887323944,0.4539823008849557,0.4214287402257545,0.45475113122171945,0.3739186560656616,0.5164278000280932,0.45745399554685107,0,0,25970000.0,0.45364536453645365,0.45443645083932854,3587000.0,0,0,37,479.0
2336,150000.0,18.0,0.4278491036733748,795.0,795.0,360000.0,0.44040247678018574,0.4539823008849557,0.4415584526838991,0.44281793229643185,0.4230769551118841,0.4444688960343153,0.5247762159801056,0,0,994000.0,0.43488372093023253,0.47386172006745364,249000.0,0,0,36,456.0
2337,460000.0,18.0,0.44387755113454985,0.0,0.0,0.0,0.44040247678018574,0.4539823008849557,0.5069442053895509,0.45475113122171945,0.43096844666979034,0.4658901691183491,0.4425020459775707,0,0,2960000.0,0.4568764568764569,0.39678284182305634,473000.0,0,1,33,639.0
2338,190000.0,11.0,0.3928574872021717,0.0,0.0,0.0,0.44040247678018574,0.4539823008849557,0.5069442053895509,0.45475113122171945,0.4604834864076457,0.5164278000280932,0.41240204586511464,0,0,1728000.0,0.43488372093023253,0.39678284182305634,256000.0,0,0,37,348.0
2339,110000.0,10.0,0.3971634082048179,0.0,0.0,40000.0,0.44040247678018574,0.4129263913824057,0.41581515781000167,0.45475113122171945,0.37758024313602523,0.4658901691183491,0.45200464380003236,0,1,4247000.0,0.43488372093023253,0.44892221180880976,739000.0,0,0,37,422.0
2340,240000.0,14.0,0.4615356204904945,0.0,0.0,0.0,0.44040247678018574,0.4539823008849557,0.44545497076419477,0.44281793229643185,0.3739186560656616,0.49482456551750875,0.6100509010581558,0,0,2301000.0,0.4568764568764569,0.45443645083932854,462000.0,0,0,37,437.0
2341,1380000.0,12.0,0.35775698265868106,0.0,0.0,0.0,0.44040247678018574,0.4336917562724873,0.5159288114711631,0.44281793229643185,0.43697478992002986,0.3750074661878128,0.39896986903151255,1,0,10817000.0,0.45364536453645365,0.39678284182305634,1457000.0,1,0,38,466.89744512414535
2342,230000.0,13.0,0.4074136609653927,0.0,0.0,0.0,0.44040247678018574,0.4539823008849557,0.43902472242345825,0.45475113122171945,0.4905583684264643,0.3810650946770142,0.44519311265006384,0,1,967000.0,0.4568764568764569,0.44892221180880976,181000.0,0,1,36,390.0
2343,670000.0,12.0,0.4498690306228219,0.0,0.0,0.0,0.45774647887323944,0.4539823008849557,0.4485294151733482,0.44281793229643185,0.44230917465915276,0.37737165958551677,0.4037095629016318,0,0,4864000.0,0.4568764568764569,0.47386172006745364,629000.0,0,0,37,356.0
2344,230000.0,10.0,0.4646406293882584,0.0,0.0,8850000.0,0.45774647887323944,0.4539823008849557,0.46428416000978534,0.45475113122171945,0.45864649596466484,0.5106758841242302,0.49646711594687815,1,0,2189000.0,0.43488372093023253,0.47386172006745364,370000.0,1,0,37,506.0
2345,170000.0,14.0,0.4375202018743684,0.0,0.0,0.0,0.468085106382978,0.4694783573806881,0.476615203163763,0.45433255269320844,0.3739186560656616,0.37737165958551677,0.348329989309645,0,1,26435000.0,0.45364536453645365,0.44892221180880976,3472000.0,0,0,36,364.0
2346,3570000.0,15.0,0.44387755113454985,0.0,0.0,0.0,0.45774647887323944,0.4694783573806881,0.4485294151733482,0.44281793229643185,0.44230917465915276,0.379712180659019,0.4696533706380367,0,0,22305000.0,0.43488372093023253,0.39678284182305634,3861000.0,0,0,33,466.89744512414535
2347,230000.0,16.0,0.4774317289223725,82.40884820747522,114.68688024408848,605344.4272445821,0.45774647887323944,0.4539823008849557,0.3971634082048179,0.4106715025408491,0.4230769551118841,0.5106758841242302,0.4425020459775707,0,0,1107000.0,0.45364536453645365,0.44892221180880976,207000.0,0,0,36,545.0
2348,1010000.0,17.0,0.46341463401227523,82.40884820747522,114.68688024408848,0.0,0.468085106382978,0.4539823008849557,0.46428416000978534,0.45475113122171945,0.45864649596466484,0.36975187045665187,0.4278491036733748,0,0,4701000.0,0.43488372093023253,0.45443645083932854,997000.0,0,0,32,395.0
2349,5340000.0,18.0,0.4074136609653927,0.0,0.0,1210000.0,0.45774647887323944,0.4694783573806881,0.43902472242345825,0.45045045045045046,0.46907216438869503,0.4859069669135048,0.4278491036733748,0,1,21297000.0,0.45364536453645365,0.44892221180880976,5444000.0,0,0,34,578.0
2350,4030000.0,4.0,0.471073469342046,0.0,0.0,5050000.0,0.44040247678018574,0.4336917562724873,0.5363528439845596,0.45433255269320844,0.46907216438869503,0.4321363669380822,0.39551727687191446,1,0,18103000.0,0.43488372093023253,0.47386172006745364,5983000.0,1,0,32,469.0
2351,170000.0,13.0,0.49269077310150705,0.0,0.0,0.0,0.44040247678018574,0.4129263913824057,0.5363528439845596,0.45475113122171945,0.4511627906899892,0.4321363669380822,0.40582917672392776,0,1,8732000.0,0.45364536453645365,0.45443645083932854,1168000.0,0,0,37,307.0
2352,820000.0,13.0,0.46341463401227523,0.0,0.0,410000.0,0.44040247678018574,0.4129263913824057,0.476615203163763,0.44281793229643185,0.46907216438869503,0.4444688960343153,0.49646711594687815,0,0,4470000.0,0.4568764568764569,0.44892221180880976,787000.0,0,1,33,497.0
2353,150000.0,14.0,0.4360903840722853,0.0,0.0,0.0,0.44040247678018574,0.4539823008849557,0.3931036562142931,0.44281793229643185,0.3739186560656616,0.5217257015040757,0.4332390300357073,0,1,1218000.0,0.4568764568764569,0.44892221180880976,152000.0,0,1,37,511.0
2354,120000.0,15.0,0.4747378959928985,0.0,0.0,0.0,0.45774647887323944,0.4539823008849557,0.5254093931718659,0.45475113122171945,0.4468097890743483,0.45331529430883266,0.44519311265006384,0,0,670000.0,0.45364536453645365,0.44892221180880976,103000.0,0,0,36,417.0
2355,2080000.0,16.0,0.37392616919315497,43.0,43.0,570000.0,0.468085106382978,0.4539823008849557,0.4268739712093834,0.45045045045045046,0.43096844666979034,0.49482456551750875,0.3580839468498659,1,1,12049000.0,0.45364536453645365,0.47386172006745364,2199000.0,1,0,36,599.0
2356,240000.0,22.0,0.5628080317442733,0.0,0.0,0.0,0.45774647887323944,0.4539823008849557,0.4268739712093834,0.45045045045045046,0.43697478992002986,0.36975187045665187,0.4270121893767379,0,1,804000.0,0.45364536453645365,0.45443645083932854,261000.0,0,0,41,588.0
2357,100000.0,11.0,0.583862843505718,0.0,0.0,50000.0,0.44040247678018574,0.4129263913824057,0.5363528439845596,0.44281793229643185,0.414225941433284,0.49482456551750875,0.49197879045806026,1,0,1610000.0,0.45364536453645365,0.45443645083932854,249000.0,1,1,37,333.0
2358,290000.0,14.0,0.4615356204904945,0.0,0.0,0.0,0.45774647887323944,0.4539823008849557,0.4214287402257545,0.44281793229643185,0.45864649596466484,0.4757214900689184,0.36719335159199484,0,0,1728000.0,0.43488372093023253,0.39678284182305634,255000.0,0,0,35,556.0
2359,510000.0,16.0,0.49269077310150705,0.0,0.0,200000.0,0.45774647887323944,0.4129263913824057,0.5257384019435941,0.45475113122171945,0.4511627906899892,0.3680899177448659,0.42220278660777283,0,0,5498000.0,0.45364536453645365,0.44892221180880976,409000.0,0,0,35,345.0
2360,110000.0,12.0,0.4581005575150995,0.0,0.0,0.0,0.45774647887323944,0.4694783573806881,0.4956486747857908,0.44281793229643185,0.4583333330136348,0.40235614355016347,0.5233562461236126,0,1,4820000.0,0.45364536453645365,0.47386172006745364,746000.0,0,0,36,466.89744512414535
2361,110000.0,19.0,0.44387755113454985,0.0,0.0,0.0,0.44040247678018574,0.4129263913824057,0.5165869667180779,0.45433255269320844,0.45864649596466484,0.4339650140059905,0.31886873294614065,0,0,604000.0,0.45364536453645365,0.47386172006745364,120000.0,0,0,36,495.0
2362,160000.0,10.0,0.4906797478948485,82.40884820747522,114.68688024408848,605344.4272445821,0.45774647887323944,0.4539823008849557,0.4799991436755424,0.45433255269320844,0.43697478992002986,0.5164278000280932,0.39896986903151255,0,0,2988000.0,0.4568764568764569,0.44892221180880976,422000.0,0,0,36,454.0
2363,740000.0,19.0,0.3971634082048179,0.0,0.0,0.0,0.44040247678018574,0.4539823008849557,0.5056772402445142,0.45475113122171945,0.43697478992002986,0.4130722746472325,0.42220278660777283,0,0,6834000.0,0.4568764568764569,0.47386172006745364,1189000.0,0,1,32,466.89744512414535
2364,570000.0,13.0,0.4615356204904945,0.0,0.0,605344.4272445821,0.45774647887323944,0.4129263913824057,0.4459232804790396,0.45433255269320844,0.46907216438869503,0.4658901691183491,0.44169753216105057,0,0,4590000.0,0.4568764568764569,0.47386172006745364,666000.0,0,0,37,360.0
2365,2990000.0,18.0,0.4747378959928985,0.0,0.0,0.0,0.44040247678018574,0.4539823008849557,0.4121240088339391,0.45475113122171945,0.43697478992002986,0.45192239757482366,0.4696533706380367,0,0,16171000.0,0.4568764568764569,0.47386172006745364,4291000.0,0,0,36,522.0
2366,2950000.0,31.0,0.4278491036733748,0.0,2.0,530000.0,0.45774647887323944,0.4694783573806881,0.470084171924464,0.44281793229643185,0.417393662751422,0.5071462083323844,0.36719335159199484,1,0,4959000.0,0.45364536453645365,0.44892221180880976,3212000.0,1,1,40,571.0
2367,780000.0,14.0,0.40004455157916113,36.0,36.0,80000.0,0.45774647887323944,0.4129263913824057,0.4415584526838991,0.44281793229643185,0.45864649596466484,0.37737165958551677,0.39896986903151255,1,0,4173000.0,0.45364536453645365,0.45443645083932854,681000.0,1,1,33,351.0
2368,130000.0,17.0,0.4581005575150995,0.0,0.0,0.0,0.44040247678018574,0.4539823008849557,0.470084171924464,0.45475113122171945,0.5592064152301905,0.40002703158873276,0.36641942856818427,0,0,700000.0,0.45364536453645365,0.45443645083932854,99000.0,0,1,36,506.0
2369,170000.0,13.0,0.4074136609653927,61.0,120.0,40000.0,0.45774647887323944,0.4694783573806881,0.5257384019435941,0.45475113122171945,0.44230917465915276,0.5164278000280932,0.49141635626861524,0,0,1710000.0,0.4568764568764569,0.47386172006745364,310000.0,0,0,38,509.0
2370,100000.0,11.0,0.4615356204904945,0.0,21.0,20000.0,0.44040247678018574,0.4129263913824057,0.3900197525554698,0.44281793229643185,0.5592064152301905,0.4658901691183491,0.48822655398093273,1,0,831000.0,0.43488372093023253,0.47386172006745364,91000.0,1,0,40,380.0
2371,170000.0,14.0,0.4615356204904945,0.0,180.0,50000.0,0.44040247678018574,0.4694783573806881,0.4485294151733482,0.45045045045045046,0.4511627906899892,0.49482456551750875,0.49646711594687815,0,0,3296000.0,0.45364536453645365,0.44892221180880976,591000.0,0,0,36,371.0
2372,700000.0,10.0,0.4220779627191293,102.0,102.0,990000.0,0.45774647887323944,0.4539823008849557,0.3931036562142931,0.45433255269320844,0.5031846524456339,0.3810650946770142,0.5035331693654489,0,0,539000.0,0.45364536453645365,0.45443645083932854,1213000.0,0,1,37,430.0
2373,2230000.0,20.0,0.46341463401227523,0.0,0.0,605344.4272445821,0.45774647887323944,0.4129263913824057,0.470084171924464,0.4106715025408491,0.45890407585949666,0.45331529430883266,0.423941142391273,0,1,12741000.0,0.43488372093023253,0.45443645083932854,2908000.0,0,0,38,494.0
2374,830000.0,16.0,0.44387755113454985,0.0,0.0,0.0,0.44040247678018574,0.4129263913824057,0.3971634082048179,0.44281793229643185,0.493908884521716,0.4859069669135048,0.490206851056817,1,1,3599000.0,0.4568764568764569,0.39678284182305634,563000.0,1,0,34,516.0
2375,110000.0,18.0,0.4220779627191293,0.0,0.0,0.0,0.44040247678018574,0.4129263913824057,0.36271363783177113,0.44281793229643185,0.43697478992002986,0.4395681403885853,0.40201973495344345,0,0,675000.0,0.4568764568764569,0.45443645083932854,118000.0,0,0,37,402.0
2376,220000.0,11.0,0.4668770371178462,0.0,0.0,0.0,0.468085106382978,0.4129263913824057,0.30013565669860115,0.45433255269320844,0.46907216438869503,0.46365822718746796,0.3270423716835601,0,1,7068000.0,0.43488372093023253,0.47386172006745364,1347000.0,0,0,37,548.0
2377,90000.0,12.0,0.43673114297615767,94.0,94.0,150000.0,0.45774647887323944,0.4129263913824057,0.5056772402445142,0.45045045045045046,0.3541279498012266,0.46721243412305624,0.5582615046868826,0,0,945000.0,0.43488372093023253,0.45443645083932854,126000.0,0,0,35,421.0
2378,110000.0,12.0,0.46341463401227523,0.0,0.0,70000.0,0.44040247678018574,0.4539823008849557,0.4214287402257545,0.44281793229643185,0.43697478992002986,0.45192239757482366,0.6100509010581558,1,1,2738000.0,0.45364536453645365,0.44892221180880976,338000.0,1,0,37,414.0
2379,80000.0,11.0,0.583862843505718,82.40884820747522,114.68688024408848,605344.4272445821,0.45774647887323944,0.4694783573806881,0.4485294151733482,0.45045045045045046,0.37758024313602523,0.3965552694677991,0.5023579265365139,0,1,736000.0,0.43488372093023253,0.45443645083932854,90000.0,0,0,37,565.0
2380,190000.0,13.0,0.49269077310150705,999.0,999.0,210000.0,0.45774647887323944,0.4539823008849557,0.46428416000978534,0.45045045045045046,0.44230917465915276,0.41322952719822703,0.39551727687191446,0,0,6264000.0,0.4568764568764569,0.47386172006745364,943000.0,0,0,38,581.0
2381,2930000.0,14.0,0.44387755113454985,0.0,0.0,0.0,0.44040247678018574,0.4539823008849557,0.4268739712093834,0.44281793229643185,0.417393662751422,0.43679650911494705,0.4653190175668822,0,0,22422000.0,0.4568764568764569,0.39678284182305634,2971000.0,0,1,39,466.89744512414535
2382,1950000.0,14.0,0.4906797478948485,0.0,0.0,1040000.0,0.44040247678018574,0.4694783573806881,0.46428416000978534,0.45475113122171945,0.4468097890743483,0.4395681403885853,0.49646711594687815,0,0,10780000.0,0.45364536453645365,0.45443645083932854,1872000.0,0,1,37,429.0
2383,230000.0,10.0,0.4615356204904945,0.0,0.0,0.0,0.44040247678018574,0.4694783573806881,0.44545497076419477,0.45475113122171945,0.493908884521716,0.36975187045665187,0.4407909194105085,0,0,5568000.0,0.4568764568764569,0.39678284182305634,774000.0,0,0,38,466.89744512414535
2384,900000.0,4.0,0.45453917520963155,0.0,0.0,8670000.0,0.40000603415401237,0.4694783573806881,0.4956486747857908,0.45433255269320844,0.45890407585949666,0.5164278000280932,0.49315734568265995,0,1,18814000.0,0.45364536453645365,0.44892221180880976,3773000.0,0,0,33,568.0
2385,160000.0,13.0,0.3892717187010617,172.0,172.0,40000.0,0.45774647887323944,0.4539823008849557,0.476615203163763,0.44281793229643185,0.46907216438869503,0.5071462083323844,0.4278491036733748,1,1,1231000.0,0.45364536453645365,0.44892221180880976,209000.0,1,0,37,350.0
2386,200000.0,11.0,0.5628080317442733,0.0,0.0,0.0,0.44040247678018574,0.4539823008849557,0.4214287402257545,0.44281793229643185,0.4468097890743483,0.4444688960343153,0.5363489679286931,0,0,5099000.0,0.4568764568764569,0.44892221180880976,626000.0,0,0,37,419.0
2387,170000.0,12.0,0.4360903840722853,999.0,999.0,190000.0,0.45774647887323944,0.4129263913824057,0.38083308316558756,0.44281793229643185,0.43697478992002986,0.5164278000280932,0.3580839468498659,1,0,4266000.0,0.43488372093023253,0.45443645083932854,216000.0,1,1,40,467.0
2388,170000.0,10.0,0.4906797478948485,0.0,0.0,605344.4272445821,0.45774647887323944,0.4694783573806881,0.4415584526838991,0.45475113122171945,0.43697478992002986,0.5164278000280932,0.4543800115079512,1,0,12495000.0,0.45364536453645365,0.44892221180880976,1495000.0,1,0,37,399.0
2389,240000.0,19.0,0.4074136609653927,0.0,0.0,0.0,0.45774647887323944,0.4694783573806881,0.4214287402257545,0.44281793229643185,0.4604834864076457,0.5183627257078485,0.41315158258670154,0,0,1049000.0,0.45364536453645365,0.47386172006745364,212000.0,0,0,36,382.0
2390,320000.0,12.0,0.471073469342046,0.0,0.0,0.0,0.44040247678018574,0.4539823008849557,0.30013565669860115,0.4106715025408491,0.4583333330136348,0.4321363669380822,0.4106715025408491,0,0,24092000.0,0.43488372093023253,0.45443645083932854,4096000.0,0,0,34,483.0
2391,170000.0,6.0,0.4581005575150995,450.0,450.0,10000.0,0.44040247678018574,0.4539823008849557,0.5257384019435941,0.44281793229643185,0.34356713843530684,0.46721243412305624,0.45745399554685107,1,0,56000.0,0.45364536453645365,0.45443645083932854,186000.0,1,1,41,353.0
2392,2030000.0,16.0,0.471073469342046,0.0,0.0,0.0,0.44040247678018574,0.4694783573806881,0.5257384019435941,0.45475113122171945,0.4905583684264643,0.4339650140059905,0.43179497331840055,1,0,9429000.0,0.44758586022284785,0.45443645083932854,1941000.0,1,1,35,458.0
2393,170000.0,12.0,0.5065614987246854,0.0,0.0,80000.0,0.45774647887323944,0.4694783573806881,0.4214287402257545,0.45475113122171945,0.4583333330136348,0.4395681403885853,0.5009630346757856,1,0,6733000.0,0.4568764568764569,0.44892221180880976,1399000.0,1,0,39,470.0
2394,4350000.0,14.0,0.45453917520963155,0.0,0.0,0.0,0.45774647887323944,0.4539823008849557,0.5056772402445142,0.45475113122171945,0.45864649596466484,0.3965552694677991,0.40806474591452696,0,0,74086000.0,0.45364536453645365,0.44892221180880976,4471000.0,0,0,34,499.0
2395,100000.0,10.0,0.4581005575150995,396.0,396.0,60000.0,0.44040247678018574,0.4539823008849557,0.4268739712093834,0.45045045045045046,0.43096844666979034,0.3810650946770142,0.40582917672392776,0,0,873000.0,0.45364536453645365,0.44892221180880976,92000.0,0,0,37,698.0
2396,2360000.0,14.0,0.44387755113454985,0.0,0.0,510000.0,0.44040247678018574,0.4129263913824057,0.4415584526838991,0.45475113122171945,0.45890407585949666,0.40002703158873276,0.49057865436532944,0,0,12607000.0,0.43488372093023253,0.45443645083932854,2664000.0,0,0,34,502.0
2397,570000.0,11.0,0.4360903840722853,0.0,0.0,0.0,0.45774647887323944,0.4694783573806881,0.3442355460389141,0.45475113122171945,0.44230917465915276,0.40002703158873276,0.4332390300357073,0,0,74981000.0,0.45364536453645365,0.44892221180880976,2658000.0,0,0,39,426.0
2398,100000.0,16.0,0.4747378959928985,0.0,0.0,0.0,0.468085106382978,0.4694783573806881,0.5165869667180779,0.45475113122171945,0.46907216438869503,0.43679650911494705,0.45745399554685107,0,0,717000.0,0.43488372093023253,0.47386172006745364,102000.0,0,0,36,401.0
2399,210000.0,3.0,0.5065614987246854,144.0,144.0,70000.0,0.44040247678018574,0.4129263913824057,0.43902472242345825,0.44281793229643185,0.493908884521716,0.37737165958551677,0.4332390300357073,1,0,2639000.0,0.45364536453645365,0.45443645083932854,547000.0,1,0,40,621.0
2400,2010000.0,3.0,0.471073469342046,0.0,0.0,0.0,0.45774647887323944,0.4694783573806881,0.5257384019435941,0.44281793229643185,0.43697478992002986,0.531814720884261,0.5485893972844256,0,0,8795000.0,0.45364536453645365,0.44892221180880976,2129000.0,0,0,34,484.0
2401,230000.0,14.0,0.3971634082048179,0.0,360.0,0.0,0.44040247678018574,0.4694783573806881,0.476615203163763,0.4106715025408491,0.46907216438869503,0.36975187045665187,0.490206851056817,0,0,40533000.0,0.4568764568764569,0.44892221180880976,4144000.0,0,0,35,496.0
2402,220000.0,10.0,0.4844907454931315,0.0,0.0,40000.0,0.44040247678018574,0.4336917562724873,0.5069442053895509,0.45045045045045046,0.46907216438869503,0.3750074661878128,0.44084111937285236,0,1,25977000.0,0.45364536453645365,0.47386172006745364,3533000.0,0,0,35,360.0
2403,130000.0,12.0,0.4844907454931315,0.0,0.0,0.0,0.468085106382978,0.4539823008849557,0.44545497076419477,0.45475113122171945,0.46907216438869503,0.5106758841242302,0.42220278660777283,1,0,1666000.0,0.45364536453645365,0.47386172006745364,159000.0,1,1,37,336.0
2404,220000.0,15.0,0.44387755113454985,0.0,0.0,0.0,0.45774647887323944,0.4336917562724873,0.470084171924464,0.45045045045045046,0.45890407585949666,0.45560844252904975,0.5035331693654489,0,0,794000.0,0.45364536453645365,0.44892221180880976,206000.0,0,0,36,511.0
2405,110000.0,16.0,0.4844907454931315,0.0,0.0,0.0,0.45774647887323944,0.4694783573806881,0.5165869667180779,0.44281793229643185,0.45864649596466484,0.3721191346526487,0.5035331693654489,0,1,753000.0,0.43488372093023253,0.44892221180880976,123000.0,0,0,38,301.0
2406,230000.0,14.0,0.5628080317442733,0.0,0.0,350000.0,0.45774647887323944,0.4694783573806881,0.43902472242345825,0.44281793229643185,0.4230769551118841,0.3810650946770142,0.39551727687191446,1,0,13340000.0,0.45364536453645365,0.47386172006745364,1656000.0,1,0,38,418.0
2407,4790000.0,15.0,0.4074136609653927,0.0,0.0,0.0,0.45774647887323944,0.4539823008849557,0.5257384019435941,0.44281793229643185,0.45890407585949666,0.4658901691183491,0.46629820821531875,0,0,34788000.0,0.43488372093023253,0.47386172006745364,4523000.0,0,0,34,387.0
2408,160000.0,11.0,0.4498690306228219,0.0,0.0,0.0,0.44040247678018574,0.4539823008849557,0.3931036562142931,0.45475113122171945,0.4905583684264643,0.5164278000280932,0.49315734568265995,1,0,3210000.0,0.43488372093023253,0.44892221180880976,448000.0,1,0,35,315.0
2409,3030000.0,17.0,0.4646406293882584,0.0,0.0,0.0,0.44040247678018574,0.4539823008849557,0.4214287402257545,0.45433255269320844,0.3739186560656616,0.531814720884261,0.5157460113123283,0,1,14831000.0,0.4568764568764569,0.45443645083932854,2430000.0,0,1,38,412.0
2410,90000.0,14.0,0.3971634082048179,82.40884820747522,114.68688024408848,0.0,0.45774647887323944,0.4539823008849557,0.4268739712093834,0.45433255269320844,0.37758024313602523,0.40235614355016347,0.3244469103797425,1,0,5592000.0,0.4568764568764569,0.45443645083932854,824000.0,1,0,33,377.0
2411,110000.0,12.0,0.4278491036733748,0.0,0.0,0.0,0.44040247678018574,0.4539823008849557,0.4268739712093834,0.44281793229643185,0.5031846524456339,0.43679650911494705,0.44084111937285236,0,1,1156000.0,0.45364536453645365,0.45443645083932854,108000.0,0,0,37,659.0
2412,170000.0,10.0,0.4615356204904945,0.0,30.0,150000.0,0.45774647887323944,0.4694783573806881,0.4956486747857908,0.45045045045045046,0.5031846524456339,0.3721191346526487,0.39551727687191446,1,0,12767000.0,0.43488372093023253,0.45443645083932854,2203000.0,1,0,36,394.0
2413,2390000.0,14.0,0.43673114297615767,82.40884820747522,114.68688024408848,0.0,0.44040247678018574,0.4336917562724873,0.5363528439845596,0.45475113122171945,0.493908884521716,0.3965552694677991,0.49315734568265995,0,1,11491000.0,0.4568764568764569,0.47386172006745364,1950000.0,0,0,32,542.0
2414,190000.0,10.0,0.4906797478948485,0.0,0.0,0.0,0.44040247678018574,0.4129263913824057,0.5254093931718659,0.45433255269320844,0.3739186560656616,0.40235614355016347,0.36576674063800674,0,0,3013000.0,0.45364536453645365,0.44892221180880976,437000.0,0,0,38,532.0
2415,2750000.0,14.0,0.4360903840722853,0.0,0.0,0.0,0.44040247678018574,0.4539823008849557,0.5363528439845596,0.44281793229643185,0.4230769551118841,0.4444688960343153,0.41240204586511464,0,1,19331000.0,0.45364536453645365,0.45443645083932854,2880000.0,0,1,33,605.0
2416,4990000.0,17.0,0.4646406293882584,0.0,0.0,0.0,0.45774647887323944,0.4694783573806881,0.5056772402445142,0.44281793229643185,0.4583333330136348,0.40002703158873276,0.5157460113123283,0,0,35498000.0,0.4568764568764569,0.45443645083932854,4966000.0,0,0,35,551.0
2417,160000.0,14.0,0.45453917520963155,0.0,0.0,0.0,0.45774647887323944,0.4129263913824057,0.4121240088339391,0.44281793229643185,0.46907216438869503,0.5183627257078485,0.5233562461236126,0,1,2782000.0,0.45364536453645365,0.44892221180880976,552000.0,0,0,36,365.0
2418,880000.0,11.0,0.4747378959928985,0.0,0.0,150000.0,0.45774647887323944,0.4129263913824057,0.30013565669860115,0.45475113122171945,0.4511627906899892,0.40235614355016347,0.4278491036733748,1,1,15933000.0,0.43488372093023253,0.45443645083932854,2641000.0,1,0,37,410.0
2419,90000.0,14.0,0.37392616919315497,0.0,0.0,0.0,0.45774647887323944,0.4694783573806881,0.5159288114711631,0.45475113122171945,0.4583333330136348,0.46721243412305624,0.5035331693654489,0,0,698000.0,0.45364536453645365,0.45443645083932854,119000.0,0,1,37,321.0
2420,2760000.0,20.0,0.471073469342046,0.0,0.0,1010000.0,0.44040247678018574,0.4336917562724873,0.46428416000978534,0.45045045045045046,0.3739186560656616,0.5106758841242302,0.4543800115079512,0,0,18508000.0,0.43488372093023253,0.39678284182305634,3499000.0,0,0,39,519.0
2421,150000.0,14.0,0.4646406293882584,0.0,0.0,0.0,0.40000603415401237,0.4694783573806881,0.4956486747857908,0.44281793229643185,0.4835606203192975,0.43574970796090917,0.5157460113123283,1,0,1179000.0,0.45364536453645365,0.45443645083932854,117000.0,1,0,39,388.0
2422,190000.0,14.0,0.4498690306228219,0.0,0.0,605344.4272445821,0.45774647887323944,0.4539823008849557,0.4214287402257545,0.45433255269320844,0.45864649596466484,0.5217257015040757,0.42117558521355203,0,0,3998000.0,0.4568764568764569,0.47386172006745364,484000.0,0,0,38,651.0
2423,200000.0,11.0,0.5628080317442733,0.0,0.0,0.0,0.45774647887323944,0.4539823008849557,0.3442355460389141,0.45045045045045046,0.4835606203192975,0.5176283236840944,0.5363489679286931,0,1,1120000.0,0.43488372093023253,0.45443645083932854,174000.0,0,0,36,696.0
2424,680000.0,18.0,0.3928574872021717,0.0,0.0,90000.0,0.44040247678018574,0.4539823008849557,0.3931036562142931,0.45475113122171945,0.46907216438869503,0.46721243412305624,0.42117558521355203,1,0,4669000.0,0.45364536453645365,0.44892221180880976,996000.0,1,0,36,414.0
2425,270000.0,13.0,0.44387755113454985,0.0,0.0,0.0,0.45774647887323944,0.4539823008849557,0.5257384019435941,0.45433255269320844,0.414225941433284,0.40235614355016347,0.39896986903151255,0,0,3176000.0,0.45364536453645365,0.47386172006745364,311000.0,0,1,37,382.0
2426,840000.0,14.0,0.4906797478948485,0.0,0.0,720000.0,0.45774647887323944,0.4539823008849557,0.4268739712093834,0.44281793229643185,0.414225941433284,0.43679650911494705,0.31886873294614065,1,0,7369000.0,0.4568764568764569,0.45443645083932854,755000.0,1,1,38,401.0
2427,140000.0,13.0,0.4220779627191293,82.40884820747522,114.68688024408848,605344.4272445821,0.44040247678018574,0.4129263913824057,0.36271363783177113,0.45045045045045046,0.4230769551118841,0.48068087923257147,0.40571030945850584,0,0,934000.0,0.43488372093023253,0.44892221180880976,146000.0,0,0,36,357.0
2428,110000.0,14.0,0.44387755113454985,0.0,0.0,0.0,0.45774647887323944,0.4539823008849557,0.5056772402445142,0.44281793229643185,0.414225941433284,0.3965552694677991,0.44084111937285236,0,0,4238000.0,0.45364536453645365,0.45443645083932854,622000.0,0,0,37,606.0
2429,1000000.0,17.0,0.3928574872021717,82.40884820747522,114.68688024408848,0.0,0.44040247678018574,0.4539823008849557,0.43902472242345825,0.45433255269320844,0.46907216438869503,0.5071462083323844,0.4106715025408491,1,0,6725000.0,0.43488372093023253,0.44892221180880976,963000.0,1,0,33,581.0
2430,210000.0,10.0,0.4220779627191293,673.0,673.0,12430000.0,0.45774647887323944,0.4539823008849557,0.5254093931718659,0.45045045045045046,0.4687495951044435,0.4395681403885853,0.4375202018743684,1,0,2244000.0,0.43488372093023253,0.44892221180880976,294000.0,1,0,37,466.89744512414535
2431,140000.0,12.0,0.45453917520963155,0.0,0.0,605344.4272445821,0.45774647887323944,0.4694783573806881,0.4799991436755424,0.45045045045045046,0.44230917465915276,0.3965552694677991,0.5009630346757856,1,0,2248000.0,0.4568764568764569,0.45443645083932854,118000.0,1,1,40,469.0
2432,160000.0,11.0,0.3928574872021717,0.0,0.0,40000.0,0.45774647887323944,0.4694783573806881,0.4214287402257545,0.45475113122171945,0.45890407585949666,0.43679650911494705,0.4332390300357073,1,0,974000.0,0.45364536453645365,0.45443645083932854,167000.0,1,0,37,345.0
2433,3410000.0,15.0,0.4615356204904945,0.0,0.0,0.0,0.44040247678018574,0.4694783573806881,0.5069442053895509,0.44281793229643185,0.3541279498012266,0.4468949699527549,0.5247762159801056,0,0,14025000.0,0.45364536453645365,0.45443645083932854,3038000.0,0,0,33,379.0
2434,100000.0,13.0,0.583862843505718,0.0,0.0,0.0,0.44040247678018574,0.4129263913824057,0.46428416000978534,0.44281793229643185,0.45890407585949666,0.5183627257078485,0.4270121893767379,1,0,678000.0,0.45364536453645365,0.45443645083932854,89000.0,1,1,36,466.89744512414535
2435,3090000.0,19.0,0.4646406293882584,0.0,0.0,120000.0,0.45774647887323944,0.4129263913824057,0.476615203163763,0.45475113122171945,0.46907216438869503,0.4757214900689184,0.46629820821531875,0,1,28379000.0,0.4568764568764569,0.45443645083932854,2586000.0,0,0,36,417.0
2436,180000.0,11.0,0.4615356204904945,0.0,60.0,30000.0,0.468085106382978,0.4694783573806881,0.4799991436755424,0.45475113122171945,0.46907216438869503,0.45677246944372973,0.5485893972844256,0,0,1911000.0,0.4568764568764569,0.45443645083932854,213000.0,0,0,36,567.0
2437,3590000.0,10.0,0.46341463401227523,0.0,0.0,0.0,0.44040247678018574,0.4539823008849557,0.3931036562142931,0.45475113122171945,0.37758024313602523,0.3750074661878128,0.44084111937285236,1,0,115856000.0,0.43488372093023253,0.45443645083932854,2452000.0,1,0,38,662.0
2438,180000.0,12.0,0.4498690306228219,0.0,0.0,0.0,0.45774647887323944,0.4694783573806881,0.3931036562142931,0.45045045045045046,0.43697478992002986,0.37737165958551677,0.40582917672392776,0,0,2674000.0,0.45364536453645365,0.39678284182305634,406000.0,0,0,41,621.0
2439,170000.0,12.0,0.4668770371178462,204.0,204.0,90000.0,0.44040247678018574,0.4539823008849557,0.3971634082048179,0.45475113122171945,0.44230917465915276,0.48068087923257147,0.5030873748448164,1,0,4496000.0,0.45364536453645365,0.45443645083932854,678000.0,1,0,38,421.0
2440,200000.0,11.0,0.4220779627191293,717.0,717.0,100000.0,0.45774647887323944,0.4336917562724873,0.4485294151733482,0.45475113122171945,0.414225941433284,0.40235614355016347,0.5363489679286931,1,0,1492000.0,0.45364536453645365,0.44892221180880976,181000.0,1,0,39,527.0
2441,280000.0,16.0,0.471073469342046,0.0,0.0,0.0,0.45774647887323944,0.4539823008849557,0.3971634082048179,0.45475113122171945,0.4468097890743483,0.43679650911494705,0.5134854957775883,1,0,1380000.0,0.4568764568764569,0.44892221180880976,231000.0,1,1,35,388.0
2442,230000.0,14.0,0.3928574872021717,0.0,0.0,400000.0,0.44040247678018574,0.4694783573806881,0.5375745064065167,0.45475113122171945,0.4230769551118841,0.3750074661878128,0.37192363309077975,0,1,3360000.0,0.43488372093023253,0.45443645083932854,268000.0,0,0,35,391.0
2443,2060000.0,13.0,0.3928574872021717,0.0,0.0,1480000.0,0.45774647887323944,0.4694783573806881,0.40571030945850584,0.45045045045045046,0.43096844666979034,0.3795616337068332,0.40526968668929697,1,0,8575000.0,0.45364536453645365,0.47386172006745364,1666000.0,1,1,34,309.0
2444,100000.0,13.0,0.4844907454931315,0.0,360.0,10000.0,0.45774647887323944,0.4694783573806881,0.4214287402257545,0.45475113122171945,0.4583333330136348,0.5164278000280932,0.5363489679286931,0,0,595000.0,0.45364536453645365,0.45443645083932854,104000.0,0,0,37,309.0
2445,3100000.0,6.0,0.4074136609653927,1.0,0.0,0.0,0.468085106382978,0.4129263913824057,0.4799991436755424,0.45045045045045046,0.4905583684264643,0.3965552694677991,0.3270423716835601,1,0,16941000.0,0.45364536453645365,0.45443645083932854,2485000.0,1,1,40,462.0
2446,5350000.0,17.0,0.4360903840722853,0.0,0.0,0.0,0.44040247678018574,0.4539823008849557,0.5159288114711631,0.44281793229643185,0.46907216438869503,0.4658901691183491,0.4332390300357073,1,0,55647000.0,0.45364536453645365,0.45443645083932854,5377000.0,1,0,35,444.0
2447,3370000.0,19.0,0.3928574872021717,0.0,0.0,0.0,0.468085106382978,0.4694783573806881,0.5363528439845596,0.45045045045045046,0.45864649596466484,0.4339650140059905,0.5485893972844256,0,0,78454000.0,0.45364536453645365,0.45443645083932854,2425000.0,0,0,36,480.0
2448,200000.0,11.0,0.4668770371178462,0.0,0.0,0.0,0.44040247678018574,0.4539823008849557,0.4415584526838991,0.45475113122171945,0.4230769551118841,0.40235614355016347,0.45745399554685107,0,0,1524000.0,0.45364536453645365,0.44892221180880976,195000.0,0,0,37,325.0
2449,1470000.0,39.0,0.40004455157916113,0.0,0.0,160000.0,0.45774647887323944,0.4129263913824057,0.3900197525554698,0.45475113122171945,0.37758024313602523,0.49482456551750875,0.4505327389584535,1,1,5140000.0,0.4568764568764569,0.45443645083932854,2698000.0,1,1,39,406.0
2450,150000.0,14.0,0.4615356204904945,0.0,0.0,605344.4272445821,0.468085106382978,0.4539823008849557,0.4799991436755424,0.45045045045045046,0.4511627906899892,0.5183627257078485,0.423941142391273,0,0,2687000.0,0.45364536453645365,0.45443645083932854,369000.0,0,1,38,328.0
2451,200000.0,11.0,0.4074136609653927,0.0,0.0,0.0,0.44040247678018574,0.4129263913824057,0.5363528439845596,0.45475113122171945,0.5031846524456339,0.5171573620994421,0.5582615046868826,0,0,1278000.0,0.4568764568764569,0.47386172006745364,165000.0,0,0,36,459.0
2452,210000.0,13.0,0.43673114297615767,0.0,0.0,0.0,0.45774647887323944,0.4694783573806881,0.40571030945850584,0.44281793229643185,0.4687495951044435,0.40235614355016347,0.37192363309077975,0,0,11392000.0,0.43488372093023253,0.44892221180880976,1444000.0,0,0,37,357.0
2453,200000.0,12.0,0.4375202018743684,0.0,0.0,0.0,0.45774647887323944,0.4129263913824057,0.4268739712093834,0.44281793229643185,0.5592064152301905,0.4389077345532648,0.4545481381730755,1,1,1462000.0,0.45364536453645365,0.44892221180880976,187000.0,1,0,41,334.0
2454,190000.0,11.0,0.45885149198403496,1191.0,1191.0,40000.0,0.45774647887323944,0.4336917562724873,0.3900197525554698,0.44281793229643185,0.414225941433284,0.5071462083323844,0.46016463299084465,0,0,1841000.0,0.43488372093023253,0.44892221180880976,282000.0,0,0,39,426.0
2455,600000.0,13.0,0.44387755113454985,82.40884820747522,114.68688024408848,605344.4272445821,0.45774647887323944,0.4694783573806881,0.4121240088339391,0.45475113122171945,0.46907216438869503,0.5164278000280932,0.4653190175668822,0,0,3802000.0,0.43488372093023253,0.39678284182305634,736000.0,0,0,36,409.0
2456,350000.0,18.0,0.4646406293882584,32.0,32.0,1050000.0,0.44040247678018574,0.4539823008849557,0.4956486747857908,0.45475113122171945,0.45890407585949666,0.4321363669380822,0.49315734568265995,1,1,2246000.0,0.45364536453645365,0.44892221180880976,449000.0,1,1,33,558.0
2457,170000.0,10.0,0.3892717187010617,0.0,0.0,0.0,0.44040247678018574,0.4694783573806881,0.5257384019435941,0.44281793229643185,0.414225941433284,0.4859069669135048,0.3758582472222368,0,1,481000.0,0.43488372093023253,0.47386172006745364,336000.0,0,1,34,514.0
2458,160000.0,3.0,0.4646406293882584,0.0,0.0,0.0,0.45774647887323944,0.4336917562724873,0.4956486747857908,0.44281793229643185,0.45890407585949666,0.531814720884261,0.4530944584075768,0,0,1165000.0,0.43488372093023253,0.47386172006745364,174000.0,0,1,41,462.0
2459,130000.0,13.0,0.5065614987246854,0.0,0.0,3460000.0,0.468085106382978,0.4694783573806881,0.3931036562142931,0.45475113122171945,0.414225941433284,0.4321363669380822,0.3758582472222368,1,1,859000.0,0.45364536453645365,0.44892221180880976,115000.0,1,1,35,485.0
2460,2520000.0,17.0,0.35775698265868106,0.0,0.0,0.0,0.44040247678018574,0.4539823008849557,0.43902472242345825,0.44281793229643185,0.4905583684264643,0.48077782044892603,0.4106715025408491,0,0,17150000.0,0.4568764568764569,0.44892221180880976,2986000.0,0,0,36,367.0
2461,200000.0,10.0,0.4360903840722853,108.0,108.0,10000.0,0.44040247678018574,0.4539823008849557,0.41581515781000167,0.45475113122171945,0.46907216438869503,0.43679650911494705,0.4014334059125707,0,0,7654000.0,0.45364536453645365,0.44892221180880976,1015000.0,0,0,37,344.0
2462,220000.0,13.0,0.43673114297615767,0.0,0.0,30000.0,0.45774647887323944,0.4336917562724873,0.46428416000978534,0.45475113122171945,0.45890407585949666,0.49482456551750875,0.4332390300357073,0,1,1791000.0,0.45364536453645365,0.47386172006745364,220000.0,0,0,36,497.0
2463,2320000.0,13.0,0.40004455157916113,0.0,0.0,4700000.0,0.45774647887323944,0.4539823008849557,0.5375745064065167,0.45475113122171945,0.37758024313602523,0.4831631253007048,0.5009630346757856,0,1,42493000.0,0.43488372093023253,0.39678284182305634,3269000.0,0,0,32,519.0
2464,1790000.0,27.0,0.46341463401227523,93.0,0.0,4110000.0,0.45774647887323944,0.4694783573806881,0.46428416000978534,0.44281793229643185,0.493908884521716,0.5071462083323844,0.4106715025408491,1,0,10480000.0,0.4568764568764569,0.45443645083932854,2149000.0,1,1,40,529.0
2465,410000.0,18.0,0.4074136609653927,82.40884820747522,114.68688024408848,605344.4272445821,0.44040247678018574,0.4539823008849557,0.5254093931718659,0.44281793229643185,0.414225941433284,0.45192239757482366,0.3758582472222368,0,0,2811000.0,0.43488372093023253,0.44892221180880976,516000.0,0,0,35,564.0
2466,600000.0,14.0,0.4646406293882584,0.0,0.0,0.0,0.45774647887323944,0.4539823008849557,0.5056772402445142,0.45475113122171945,0.37758024313602523,0.5071462083323844,0.47190419232428393,0,0,15145000.0,0.43488372093023253,0.45443645083932854,2128000.0,0,0,39,642.0
2467,240000.0,10.0,0.4844907454931315,0.0,0.0,20000.0,0.45774647887323944,0.4539823008849557,0.4214287402257545,0.44281793229643185,0.4511627906899892,0.5491139021556548,0.4375202018743684,0,1,1677000.0,0.43488372093023253,0.47386172006745364,269000.0,0,0,38,370.0
2468,180000.0,14.0,0.4360903840722853,0.0,0.0,605344.4272445821,0.44040247678018574,0.4539823008849557,0.4956486747857908,0.45045045045045046,0.414225941433284,0.5171573620994421,0.3156771054360342,0,1,1434000.0,0.45364536453645365,0.45443645083932854,234000.0,0,0,37,385.0
2469,100000.0,12.0,0.45885149198403496,612.0,612.0,110000.0,0.45774647887323944,0.4694783573806881,0.5254093931718659,0.45475113122171945,0.45890407585949666,0.48068087923257147,0.348329989309645,0,0,1674000.0,0.45364536453645365,0.39678284182305634,227000.0,0,0,35,511.0
2470,210000.0,12.0,0.46341463401227523,1474.0,1474.0,280000.0,0.45774647887323944,0.4539823008849557,0.36271363783177113,0.44281793229643185,0.45864649596466484,0.46721243412305624,0.36641942856818427,1,0,410000.0,0.4568764568764569,0.45443645083932854,249000.0,1,1,35,547.0
2471,240000.0,17.0,0.4906797478948485,0.0,0.0,40000.0,0.45774647887323944,0.4336917562724873,0.4485294151733482,0.45433255269320844,0.37758024313602523,0.45192239757482366,0.5035331693654489,0,0,952000.0,0.44758586022284785,0.44892221180880976,232000.0,0,0,36,587.0
2472,100000.0,15.0,0.46341463401227523,0.0,0.0,0.0,0.44040247678018574,0.4539823008849557,0.43902472242345825,0.44281793229643185,0.5606727833398578,0.5171573620994421,0.5233562461236126,0,0,58000.0,0.45364536453645365,0.45443645083932854,104000.0,0,1,38,452.0
2473,240000.0,10.0,0.4706709757445273,0.0,0.0,605344.4272445821,0.45774647887323944,0.4336917562724873,0.5254093931718659,0.44281793229643185,0.414225941433284,0.4757214900689184,0.46629820821531875,0,0,4311000.0,0.45364536453645365,0.47386172006745364,526000.0,0,0,38,435.0
2474,100000.0,10.0,0.3971634082048179,0.0,180.0,250000.0,0.45774647887323944,0.4539823008849557,0.470084171924464,0.44281793229643185,0.5063919873437158,0.5164278000280932,0.42604008664425413,0,0,1361000.0,0.43488372093023253,0.45443645083932854,213000.0,0,0,35,402.0
2475,3140000.0,12.0,0.471073469342046,0.0,0.0,3170000.0,0.45774647887323944,0.4694783573806881,0.416387268320036,0.45475113122171945,0.4583333330136348,0.37737165958551677,0.4407909194105085,1,0,25914000.0,0.4568764568764569,0.44892221180880976,2432000.0,1,0,40,654.0
2476,4020000.0,17.0,0.4360903840722853,0.0,0.0,0.0,0.468085106382978,0.4539823008849557,0.4485294151733482,0.44281793229643185,0.43697478992002986,0.45331529430883266,0.49141635626861524,0,1,40028000.0,0.43488372093023253,0.45443645083932854,5698000.0,0,0,35,542.0
2477,110000.0,15.0,0.4774317289223725,0.0,0.0,640000.0,0.45774647887323944,0.4694783573806881,0.476615203163763,0.44281793229643185,0.4583333330136348,0.5071462083323844,0.5157460113123283,1,1,1114000.0,0.4568764568764569,0.45443645083932854,103000.0,1,1,37,436.0
2478,200000.0,10.0,0.3928574872021717,999.0,999.0,80000.0,0.468085106382978,0.4336917562724873,0.4214287402257545,0.45045045045045046,0.417393662751422,0.40002703158873276,0.39551727687191446,0,0,1821000.0,0.4568764568764569,0.45443645083932854,285000.0,0,0,35,615.0
2479,1190000.0,21.0,0.4074136609653927,0.0,0.0,0.0,0.44040247678018574,0.4539823008849557,0.5257384019435941,0.44281793229643185,0.4583333330136348,0.5071462083323844,0.39896986903151255,0,0,4969000.0,0.43488372093023253,0.44892221180880976,1996000.0,0,0,39,547.0
2480,90000.0,11.0,0.4360903840722853,366.0,366.0,30000.0,0.45774647887323944,0.4694783573806881,0.4485294151733482,0.45433255269320844,0.414225941433284,0.3750074661878128,0.41315158258670154,1,0,14337000.0,0.43488372093023253,0.44892221180880976,2114000.0,1,0,39,504.0
2481,150000.0,29.0,0.4220779627191293,0.0,0.0,0.0,0.45774647887323944,0.4539823008849557,0.476615203163763,0.44281793229643185,0.46907216438869503,0.3810650946770142,0.4789986557881242,0,0,544000.0,0.45364536453645365,0.47386172006745364,181000.0,0,0,40,611.0
2482,180000.0,18.0,0.46341463401227523,82.40884820747522,114.68688024408848,605344.4272445821,0.40000603415401237,0.4539823008849557,0.5257384019435941,0.45433255269320844,0.46907216438869503,0.36975187045665187,0.49646711594687815,0,1,1380000.0,0.43488372093023253,0.45443645083932854,345000.0,0,0,36,331.0
2483,210000.0,11.0,0.44387755113454985,0.0,0.0,0.0,0.45774647887323944,0.4539823008849557,0.3931036562142931,0.45475113122171945,0.4230769551118841,0.3721191346526487,0.47190419232428393,0,1,2614000.0,0.45364536453645365,0.44892221180880976,559000.0,0,0,37,376.0
2484,230000.0,12.0,0.44387755113454985,0.0,0.0,0.0,0.44040247678018574,0.4539823008849557,0.43902472242345825,0.45475113122171945,0.4511627906899892,0.45677246944372973,0.469407833203183,1,0,14907000.0,0.43488372093023253,0.45443645083932854,1983000.0,1,0,37,397.0
2485,2640000.0,4.0,0.40004455157916113,82.40884820747522,114.68688024408848,0.0,0.468085106382978,0.4694783573806881,0.4214287402257545,0.44281793229643185,0.4230769551118841,0.4395681403885853,0.3270423716835601,0,0,14399000.0,0.4568764568764569,0.45443645083932854,3520000.0,0,0,31,349.0
2486,2590000.0,16.0,0.46341463401227523,0.0,0.0,0.0,0.45774647887323944,0.4694783573806881,0.30013565669860115,0.45045045045045046,0.45890407585949666,0.46721243412305624,0.490206851056817,1,0,12675000.0,0.45364536453645365,0.44892221180880976,3528000.0,1,1,36,361.0
2487,820000.0,15.0,0.4220779627191293,305.0,305.0,20000.0,0.468085106382978,0.4539823008849557,0.5165869667180779,0.45433255269320844,0.5606727833398578,0.45560844252904975,0.37349412684595773,1,0,4127000.0,0.43488372093023253,0.44892221180880976,1029000.0,1,0,34,398.0
2488,1080000.0,14.0,0.4668770371178462,0.0,23.0,510000.0,0.44040247678018574,0.4694783573806881,0.3442355460389141,0.45475113122171945,0.4687495951044435,0.40002703158873276,0.469407833203183,1,0,80200000.0,0.43488372093023253,0.44892221180880976,2774000.0,1,0,37,409.0
2489,160000.0,3.0,0.46341463401227523,121.0,0.0,0.0,0.45774647887323944,0.4694783573806881,0.36271363783177113,0.45475113122171945,0.4583333330136348,0.5071462083323844,0.40582917672392776,0,0,2463000.0,0.4568764568764569,0.44892221180880976,144000.0,0,1,40,673.0
2490,4070000.0,16.0,0.5065614987246854,0.0,0.0,440000.0,0.45774647887323944,0.4129263913824057,0.3931036562142931,0.45475113122171945,0.44230917465915276,0.45331529430883266,0.41047292637935173,0,0,118063000.0,0.4568764568764569,0.44892221180880976,4238000.0,0,0,35,649.0
2491,450000.0,26.0,0.4220779627191293,0.0,0.0,0.0,0.44040247678018574,0.4336917562724873,0.43902472242345825,0.45045045045045046,0.5031846524456339,0.49482456551750875,0.44519311265006384,0,0,1962000.0,0.4568764568764569,0.45443645083932854,1278000.0,0,1,40,388.0
2492,2810000.0,14.0,0.44387755113454985,0.0,0.0,0.0,0.44040247678018574,0.4129263913824057,0.3900197525554698,0.44281793229643185,0.4583333330136348,0.43679650911494705,0.45989425850057764,0,0,103529000.0,0.45364536453645365,0.45443645083932854,3193000.0,0,0,33,668.0
2493,3750000.0,15.0,0.44387755113454985,0.0,0.0,9030000.0,0.44040247678018574,0.4336917562724873,0.4121240088339391,0.45475113122171945,0.45890407585949666,0.37737165958551677,0.41240204586511464,0,0,1818000.0,0.45364536453645365,0.47386172006745364,4783000.0,0,1,32,560.0
2494,1660000.0,12.0,0.3971634082048179,0.0,0.0,0.0,0.45774647887323944,0.4539823008849557,0.5254093931718659,0.44281793229643185,0.4905583684264643,0.43679650911494705,0.4425020459775707,0,0,14585000.0,0.4568764568764569,0.39678284182305634,2019000.0,0,0,33,546.0
2495,140000.0,3.0,0.4646406293882584,153.0,153.0,20000.0,0.45774647887323944,0.4336917562724873,0.4485294151733482,0.45045045045045046,0.4835606203192975,0.36975187045665187,0.5030873748448164,0,0,71000.0,0.44758586022284785,0.47386172006745364,102000.0,0,1,41,463.0
2496,1680000.0,17.0,0.5065614987246854,0.0,0.0,0.0,0.45774647887323944,0.4129263913824057,0.45200464380003236,0.45475113122171945,0.4604834864076457,0.46365822718746796,0.40526968668929697,1,0,7842000.0,0.45364536453645365,0.44892221180880976,1630000.0,1,1,35,362.0
2497,3410000.0,18.0,0.4360903840722853,82.40884820747522,114.68688024408848,605344.4272445821,0.45774647887323944,0.4129263913824057,0.3900197525554698,0.45045045045045046,0.5031846524456339,0.4444688960343153,0.47190419232428393,1,0,37745000.0,0.43488372093023253,0.45443645083932854,5051000.0,1,0,36,423.0
2498,90000.0,14.0,0.40004455157916113,0.0,360.0,50000.0,0.45774647887323944,0.4694783573806881,0.5375745064065167,0.44281793229643185,0.46907216438869503,0.45192239757482366,0.45989425850057764,0,1,771000.0,0.45364536453645365,0.45443645083932854,121000.0,0,0,38,380.0
2499,520000.0,16.0,0.4646406293882584,82.40884820747522,114.68688024408848,605344.4272445821,0.44040247678018574,0.4694783573806881,0.5069442053895509,0.44281793229643185,0.4905583684264643,0.5217257015040757,0.46629820821531875,0,0,2333000.0,0.45364536453645365,0.47386172006745364,622000.0,0,0,37,531.0
2500,220000.0,14.0,0.49269077310150705,0.0,0.0,0.0,0.468085106382978,0.4694783573806881,0.470084171924464,0.45475113122171945,0.3739186560656616,0.4389077345532648,0.5602211136196202,1,1,1578000.0,0.4568764568764569,0.47386172006745364,239000.0,1,1,37,399.0
2501,160000.0,13.0,0.4581005575150995,0.0,0.0,0.0,0.45774647887323944,0.4694783573806881,0.5159288114711631,0.45045045045045046,0.44230917465915276,0.37737165958551677,0.3244469103797425,0,1,2277000.0,0.43488372093023253,0.39678284182305634,287000.0,0,0,37,378.0
2502,860000.0,15.0,0.3928574872021717,136.0,180.0,20000.0,0.44040247678018574,0.4694783573806881,0.36271363783177113,0.45045045045045046,0.4583333330136348,0.5071462083323844,0.3244469103797425,0,0,151000.0,0.4568764568764569,0.44892221180880976,744000.0,0,1,36,564.0
2503,3350000.0,27.0,0.46341463401227523,0.0,0.0,0.0,0.44040247678018574,0.4539823008849557,0.3931036562142931,0.44281793229643185,0.4511627906899892,0.3810650946770142,0.4545481381730755,1,1,284541000.0,0.4568764568764569,0.44892221180880976,2660000.0,1,1,41,603.0
2504,950000.0,14.0,0.40004455157916113,0.0,0.0,0.0,0.45774647887323944,0.4694783573806881,0.45782858909969404,0.45433255269320844,0.4511627906899892,0.36975187045665187,0.5602211136196202,1,1,8399000.0,0.45364536453645365,0.44892221180880976,1242000.0,1,0,38,422.0
2505,210000.0,19.0,0.471073469342046,0.0,0.0,0.0,0.44040247678018574,0.4694783573806881,0.3971634082048179,0.45475113122171945,0.414225941433284,0.5164278000280932,0.4696533706380367,0,1,1131000.0,0.43488372093023253,0.45443645083932854,214000.0,0,0,37,407.0
2506,80000.0,12.0,0.4615356204904945,0.0,0.0,0.0,0.44040247678018574,0.4129263913824057,0.4505327389584535,0.44281793229643185,0.4687495951044435,0.531814720884261,0.45200464380003236,0,0,841000.0,0.4568764568764569,0.45443645083932854,110000.0,0,0,37,743.0
2507,1180000.0,18.0,0.4498690306228219,14.0,14.0,400000.0,0.45774647887323944,0.4539823008849557,0.4956486747857908,0.44281793229643185,0.46907216438869503,0.3750074661878128,0.3758582472222368,1,0,6548000.0,0.43488372093023253,0.47386172006745364,937000.0,1,0,33,362.0
2508,140000.0,14.0,0.4646406293882584,0.0,0.0,30000.0,0.44040247678018574,0.4539823008849557,0.3971634082048179,0.45433255269320844,0.4468097890743483,0.5106758841242302,0.4653190175668822,0,0,1122000.0,0.45364536453645365,0.45443645083932854,168000.0,0,0,37,342.0
2509,1190000.0,18.0,0.4278491036733748,253.0,253.0,790000.0,0.468085106382978,0.4539823008849557,0.5363528439845596,0.44281793229643185,0.5606727833398578,0.5106758841242302,0.5129506565271986,0,0,4937000.0,0.43488372093023253,0.44892221180880976,1213000.0,0,1,31,454.0
2510,4610000.0,16.0,0.4844907454931315,562.0,562.0,0.0,0.44040247678018574,0.4336917562724873,0.476615203163763,0.45433255269320844,0.414225941433284,0.46365822718746796,0.4270121893767379,0,0,41270000.0,0.45364536453645365,0.44892221180880976,5324000.0,0,1,35,575.0
2511,2720000.0,11.0,0.44387755113454985,0.0,0.0,0.0,0.40000603415401237,0.4539823008849557,0.4485294151733482,0.45475113122171945,0.4583333330136348,0.40002703158873276,0.5030873748448164,0,0,24361000.0,0.4568764568764569,0.44892221180880976,2789000.0,0,0,37,466.89744512414535
2512,180000.0,14.0,0.4375202018743684,553.0,553.0,160000.0,0.45774647887323944,0.4539823008849557,0.5257384019435941,0.44281793229643185,0.44230917465915276,0.4339650140059905,0.5009630346757856,1,0,2169000.0,0.4568764568764569,0.45443645083932854,323000.0,1,0,36,418.0
2513,110000.0,12.0,0.471073469342046,0.0,0.0,50000.0,0.468085106382978,0.4539823008849557,0.5056772402445142,0.45475113122171945,0.4511627906899892,0.4321363669380822,0.44084111937285236,1,1,2386000.0,0.45364536453645365,0.44892221180880976,307000.0,1,0,37,379.0
2514,2890000.0,16.0,0.4220779627191293,82.40884820747522,114.68688024408848,605344.4272445821,0.468085106382978,0.4694783573806881,0.46428416000978534,0.45433255269320844,0.46907216438869503,0.4321363669380822,0.40806474591452696,0,1,25457000.0,0.45364536453645365,0.45443645083932854,4287000.0,0,1,34,405.0
2515,430000.0,17.0,0.3971634082048179,0.0,0.0,0.0,0.45774647887323944,0.4129263913824057,0.44545497076419477,0.45433255269320844,0.43697478992002986,0.46721243412305624,0.490206851056817,0,0,3250000.0,0.4568764568764569,0.44892221180880976,510000.0,0,1,34,412.0
2516,1170000.0,3.0,0.35775698265868106,0.0,0.0,0.0,0.45774647887323944,0.4694783573806881,0.4415584526838991,0.44281793229643185,0.46907216438869503,0.45192239757482366,0.3758582472222368,0,0,6597000.0,0.45364536453645365,0.47386172006745364,1188000.0,0,1,34,359.0
2517,2990000.0,40.0,0.46341463401227523,0.0,0.0,0.0,0.40000603415401237,0.4539823008849557,0.44545497076419477,0.45475113122171945,0.5592064152301905,0.4444688960343153,0.42220278660777283,1,0,16143000.0,0.43488372093023253,0.44892221180880976,3280000.0,1,0,40,740.0
2518,130000.0,14.0,0.4220779627191293,0.0,0.0,20000.0,0.45774647887323944,0.4129263913824057,0.4415584526838991,0.44281793229643185,0.45864649596466484,0.4658901691183491,0.4332390300357073,1,1,883000.0,0.4568764568764569,0.39678284182305634,106000.0,1,1,37,314.0
2519,2630000.0,35.0,0.46341463401227523,0.0,0.0,0.0,0.44040247678018574,0.4129263913824057,0.3900197525554698,0.45433255269320844,0.4511627906899892,0.45677246944372973,0.4771498533714657,0,0,7232000.0,0.4568764568764569,0.47386172006745364,3497000.0,0,1,39,404.0
2520,2810000.0,11.0,0.4074136609653927,0.0,0.0,0.0,0.44040247678018574,0.4694783573806881,0.30013565669860115,0.44281793229643185,0.4468097890743483,0.4321363669380822,0.5157460113123283,0,0,30487000.0,0.45364536453645365,0.45443645083932854,3582000.0,0,1,36,442.0
2521,190000.0,13.0,0.5065614987246854,0.0,0.0,0.0,0.45774647887323944,0.4694783573806881,0.43902472242345825,0.45475113122171945,0.414225941433284,0.5164278000280932,0.5485893972844256,0,0,3494000.0,0.43488372093023253,0.47386172006745364,546000.0,0,0,36,362.0
2522,2570000.0,12.0,0.4646406293882584,13.0,13.0,640000.0,0.44040247678018574,0.4539823008849557,0.46428416000978534,0.45433255269320844,0.37758024313602523,0.3810650946770142,0.48822655398093273,1,0,29431000.0,0.4568764568764569,0.39678284182305634,3246000.0,1,0,37,534.0
2523,110000.0,17.0,0.49269077310150705,0.0,0.0,0.0,0.45774647887323944,0.4336917562724873,0.4956486747857908,0.45475113122171945,0.417393662751422,0.5217257015040757,0.4771498533714657,0,0,1036000.0,0.45364536453645365,0.45443645083932854,219000.0,0,0,37,378.0
2524,220000.0,11.0,0.35775698265868106,666.0,666.0,220000.0,0.44040247678018574,0.4539823008849557,0.3971634082048179,0.45475113122171945,0.493908884521716,0.5164278000280932,0.42117558521355203,1,1,1915000.0,0.43488372093023253,0.45443645083932854,173000.0,1,0,37,469.0
2525,200000.0,13.0,0.44387755113454985,0.0,0.0,0.0,0.44040247678018574,0.4539823008849557,0.30013565669860115,0.45475113122171945,0.4583333330136348,0.49482456551750875,0.39896986903151255,0,0,1927000.0,0.4568764568764569,0.47386172006745364,236000.0,0,0,40,530.0
2526,700000.0,14.0,0.4646406293882584,0.0,0.0,130000.0,0.468085106382978,0.4539823008849557,0.3900197525554698,0.45433255269320844,0.4511627906899892,0.3750074661878128,0.3156771054360342,1,0,3005000.0,0.4568764568764569,0.44892221180880976,499000.0,1,0,33,421.0
2527,1450000.0,3.0,0.583862843505718,0.0,0.0,0.0,0.44040247678018574,0.4336917562724873,0.3971634082048179,0.44281793229643185,0.4835606203192975,0.45677246944372973,0.48822655398093273,0,0,10342000.0,0.45364536453645365,0.45443645083932854,1798000.0,0,0,34,532.0
2528,510000.0,16.0,0.4774317289223725,0.0,0.0,0.0,0.44040247678018574,0.4694783573806881,0.38083308316558756,0.45475113122171945,0.414225941433284,0.5183627257078485,0.40526968668929697,0,0,5970000.0,0.43488372093023253,0.45443645083932854,613000.0,0,1,32,581.0
2529,4000000.0,18.0,0.583862843505718,0.0,0.0,0.0,0.45774647887323944,0.4539823008849557,0.470084171924464,0.45475113122171945,0.46907216438869503,0.49482456551750875,0.4037095629016318,0,0,122461000.0,0.43488372093023253,0.47386172006745364,5328000.0,0,0,36,506.0
2530,200000.0,14.0,0.4220779627191293,0.0,0.0,20000.0,0.45774647887323944,0.4694783573806881,0.5159288114711631,0.45475113122171945,0.37758024313602523,0.4658901691183491,0.49315734568265995,0,0,1576000.0,0.45364536453645365,0.45443645083932854,216000.0,0,0,36,419.0
2531,4730000.0,17.0,0.44387755113454985,0.0,0.0,0.0,0.44040247678018574,0.4539823008849557,0.4799991436755424,0.45475113122171945,0.45864649596466484,0.5164278000280932,0.4037095629016318,0,0,87098000.0,0.45364536453645365,0.47386172006745364,5500000.0,0,1,34,406.0
2532,350000.0,14.0,0.4360903840722853,0.0,0.0,420000.0,0.468085106382978,0.4694783573806881,0.5069442053895509,0.44281793229643185,0.46907216438869503,0.3680899177448659,0.47190419232428393,0,1,1119000.0,0.45364536453645365,0.39678284182305634,310000.0,0,1,39,397.0
2533,170000.0,12.0,0.3971634082048179,159.0,159.0,50000.0,0.45774647887323944,0.4539823008849557,0.5159288114711631,0.45045045045045046,0.493908884521716,0.4831631253007048,0.4200393611163291,0,1,2897000.0,0.43488372093023253,0.47386172006745364,438000.0,0,0,36,325.0
2534,890000.0,13.0,0.44387755113454985,82.40884820747522,114.68688024408848,605344.4272445821,0.45774647887323944,0.4539823008849557,0.3931036562142931,0.45045045045045046,0.3541279498012266,0.3750074661878128,0.4696533706380367,0,0,4076000.0,0.45364536453645365,0.39678284182305634,911000.0,0,0,36,617.0
2535,670000.0,24.0,0.3971634082048179,0.0,0.0,0.0,0.44040247678018574,0.4539823008849557,0.5069442053895509,0.45475113122171945,0.37758024313602523,0.3965552694677991,0.5602211136196202,1,1,4850000.0,0.43488372093023253,0.45443645083932854,1733000.0,1,0,39,457.0
2536,850000.0,15.0,0.4581005575150995,380.0,380.0,160000.0,0.44040247678018574,0.4336917562724873,0.44545497076419477,0.45475113122171945,0.4905583684264643,0.4444688960343153,0.46016463299084465,0,0,4062000.0,0.43488372093023253,0.44892221180880976,636000.0,0,1,36,377.0
2537,200000.0,14.0,0.45453917520963155,0.0,0.0,0.0,0.44040247678018574,0.4694783573806881,0.3442355460389141,0.44281793229643185,0.44230917465915276,0.40235614355016347,0.3156771054360342,0,1,6540000.0,0.4568764568764569,0.39678284182305634,1021000.0,0,0,38,430.0
2538,370000.0,13.0,0.45813033217197885,0.0,0.0,20000.0,0.44040247678018574,0.4694783573806881,0.5069442053895509,0.45045045045045046,0.34356713843530684,0.4757214900689184,0.31886873294614065,0,1,2312000.0,0.45364536453645365,0.44892221180880976,472000.0,0,1,36,419.0
2539,640000.0,17.0,0.4706709757445273,0.0,0.0,0.0,0.45774647887323944,0.4539823008849557,0.4415584526838991,0.45475113122171945,0.4230769551118841,0.4444688960343153,0.5247762159801056,1,1,2445000.0,0.43488372093023253,0.44892221180880976,588000.0,1,0,37,370.0
2540,1420000.0,19.0,0.471073469342046,0.0,0.0,210000.0,0.45774647887323944,0.4539823008849557,0.44545497076419477,0.45045045045045046,0.3541279498012266,0.4757214900689184,0.5035331693654489,0,1,8585000.0,0.43488372093023253,0.44892221180880976,2677000.0,0,1,39,342.0
2541,900000.0,13.0,0.3971634082048179,0.0,30.0,120000.0,0.40000603415401237,0.4694783573806881,0.44545497076419477,0.45045045045045046,0.4583333330136348,0.3965552694677991,0.379712180659019,1,0,17239000.0,0.45364536453645365,0.45443645083932854,782000.0,1,1,34,414.0
2542,850000.0,19.0,0.4774317289223725,0.0,0.0,0.0,0.45774647887323944,0.4539823008849557,0.3442355460389141,0.45475113122171945,0.44230917465915276,0.48077782044892603,0.4545481381730755,0,0,5073000.0,0.43488372093023253,0.45443645083932854,1137000.0,0,1,34,385.0
2543,3290000.0,17.0,0.4906797478948485,999.0,999.0,90000.0,0.44040247678018574,0.4336917562724873,0.4799991436755424,0.45475113122171945,0.3739186560656616,0.46365822718746796,0.5157460113123283,0,0,171183000.0,0.4568764568764569,0.45443645083932854,5716000.0,0,0,34,414.0
2544,1630000.0,18.0,0.3971634082048179,0.0,0.0,2010000.0,0.45774647887323944,0.4539823008849557,0.5257384019435941,0.45475113122171945,0.5592064152301905,0.45192239757482366,0.4545481381730755,0,0,16998000.0,0.45364536453645365,0.39678284182305634,3856000.0,0,0,34,589.0
2545,230000.0,19.0,0.4706709757445273,0.0,0.0,0.0,0.468085106382978,0.4129263913824057,0.5363528439845596,0.45475113122171945,0.3739186560656616,0.45331529430883266,0.3244469103797425,0,1,997000.0,0.43488372093023253,0.44892221180880976,232000.0,0,0,36,322.0
2546,3250000.0,14.0,0.583862843505718,0.0,0.0,0.0,0.45774647887323944,0.4129263913824057,0.3971634082048179,0.45475113122171945,0.43697478992002986,0.3810650946770142,0.31886873294614065,0,0,16130000.0,0.45364536453645365,0.44892221180880976,3189000.0,0,0,33,413.0
2547,4700000.0,11.0,0.4646406293882584,0.0,0.0,10640000.0,0.44040247678018574,0.4539823008849557,0.38083308316558756,0.44281793229643185,0.4604834864076457,0.4658901691183491,0.4425020459775707,0,0,104601000.0,0.43488372093023253,0.45443645083932854,5454000.0,0,0,36,600.0
2548,3870000.0,14.0,0.471073469342046,82.40884820747522,114.68688024408848,605344.4272445821,0.44040247678018574,0.4539823008849557,0.4485294151733482,0.45475113122171945,0.5606727833398578,0.45192239757482366,0.47681005690163497,1,0,31263000.0,0.45364536453645365,0.39678284182305634,5965000.0,1,0,35,520.0
2549,160000.0,12.0,0.4581005575150995,0.0,0.0,0.0,0.45774647887323944,0.4539823008849557,0.5254093931718659,0.45045045045045046,0.44230917465915276,0.46721243412305624,0.42220278660777283,1,0,1664000.0,0.4568764568764569,0.44892221180880976,210000.0,1,0,38,391.0
2550,140000.0,13.0,0.4646406293882584,0.0,0.0,605344.4272445821,0.468085106382978,0.4539823008849557,0.46428416000978534,0.44281793229643185,0.4687495951044435,0.45677246944372973,0.49141635626861524,0,0,1636000.0,0.4568764568764569,0.45443645083932854,102000.0,0,1,38,329.0
2551,230000.0,13.0,0.46341463401227523,128.0,128.0,70000.0,0.45774647887323944,0.4539823008849557,0.3931036562142931,0.45475113122171945,0.4511627906899892,0.4859069669135048,0.4769970982233268,0,1,1757000.0,0.45364536453645365,0.47386172006745364,256000.0,0,0,40,403.0
2552,3460000.0,14.0,0.45453917520963155,82.40884820747522,114.68688024408848,0.0,0.44040247678018574,0.4694783573806881,0.5375745064065167,0.45475113122171945,0.46907216438869503,0.3721191346526487,0.379712180659019,0,0,21943000.0,0.43488372093023253,0.44892221180880976,2866000.0,0,1,32,538.0
2553,130000.0,11.0,0.4278491036733748,0.0,120.0,60000.0,0.44040247678018574,0.4336917562724873,0.3971634082048179,0.44281793229643185,0.4511627906899892,0.45677246944372973,0.4270121893767379,0,0,1024000.0,0.45364536453645365,0.39678284182305634,122000.0,0,0,36,361.0
2554,4640000.0,14.0,0.3928574872021717,0.0,0.0,380000.0,0.44040247678018574,0.4539823008849557,0.46428416000978534,0.44281793229643185,0.37758024313602523,0.4658901691183491,0.46016463299084465,1,1,85502000.0,0.4568764568764569,0.44892221180880976,5677000.0,1,0,34,365.0
2555,3050000.0,26.0,0.45885149198403496,0.0,0.0,480000.0,0.468085106382978,0.4129263913824057,0.36271363783177113,0.45045045045045046,0.4835606203192975,0.4757214900689184,0.4530944584075768,1,1,48283000.0,0.43488372093023253,0.47386172006745364,3592000.0,1,0,40,681.0
2556,160000.0,11.0,0.45453917520963155,0.0,0.0,605344.4272445821,0.44040247678018574,0.4694783573806881,0.5165869667180779,0.45045045045045046,0.4687495951044435,0.5071462083323844,0.4530944584075768,0,0,3905000.0,0.43488372093023253,0.47386172006745364,378000.0,0,1,38,570.0
2557,1700000.0,12.0,0.471073469342046,0.0,0.0,0.0,0.45774647887323944,0.4129263913824057,0.5254093931718659,0.44281793229643185,0.417393662751422,0.4130722746472325,0.36576674063800674,1,0,88369000.0,0.43488372093023253,0.47386172006745364,3351000.0,1,0,36,592.0
2558,210000.0,13.0,0.46341463401227523,82.40884820747522,114.68688024408848,605344.4272445821,0.45774647887323944,0.4694783573806881,0.4956486747857908,0.45475113122171945,0.5031846524456339,0.5071462083323844,0.5220031427533425,0,1,2575000.0,0.45364536453645365,0.44892221180880976,397000.0,0,0,39,354.0
2559,180000.0,12.0,0.471073469342046,82.40884820747522,114.68688024408848,605344.4272445821,0.45774647887323944,0.4694783573806881,0.5069442053895509,0.45045045045045046,0.417393662751422,0.3750074661878128,0.5081959184294307,0,1,2165000.0,0.45364536453645365,0.44892221180880976,342000.0,0,0,38,432.0
2560,2400000.0,3.0,0.3928574872021717,0.0,0.0,40000.0,0.44040247678018574,0.4129263913824057,0.5159288114711631,0.44281793229643185,0.414225941433284,0.37737165958551677,0.31886873294614065,1,0,11988000.0,0.43488372093023253,0.44892221180880976,1837000.0,1,1,33,466.89744512414535
2561,1970000.0,13.0,0.4646406293882584,82.40884820747522,114.68688024408848,605344.4272445821,0.468085106382978,0.4539823008849557,0.4485294151733482,0.44281793229643185,0.4468097890743483,0.3750074661878128,0.49141635626861524,0,0,11912000.0,0.43488372093023253,0.45443645083932854,2238000.0,0,0,36,487.0
2562,130000.0,19.0,0.4074136609653927,791.0,791.0,10000.0,0.44040247678018574,0.4129263913824057,0.4121240088339391,0.44281793229643185,0.44230917465915276,0.37737165958551677,0.490206851056817,1,1,4956000.0,0.45364536453645365,0.45443645083932854,120000.0,1,1,37,367.0
2563,3230000.0,15.0,0.4706709757445273,82.40884820747522,114.68688024408848,0.0,0.44040247678018574,0.4694783573806881,0.4485294151733482,0.45433255269320844,0.46907216438869503,0.3965552694677991,0.44519311265006384,0,1,18107000.0,0.45364536453645365,0.39678284182305634,4176000.0,0,0,35,558.0
2564,230000.0,13.0,0.5628080317442733,0.0,90.0,40000.0,0.45774647887323944,0.4539823008849557,0.5363528439845596,0.45475113122171945,0.44230917465915276,0.3750074661878128,0.5057373501577225,0,0,18107000.0,0.43488372093023253,0.47386172006745364,2406000.0,0,0,37,467.0
2565,80000.0,14.0,0.44387755113454985,0.0,0.0,0.0,0.45774647887323944,0.4129263913824057,0.45782858909969404,0.45045045045045046,0.493908884521716,0.4757214900689184,0.5363489679286931,0,1,1336000.0,0.45364536453645365,0.39678284182305634,190000.0,0,1,36,562.0
2566,160000.0,13.0,0.44387755113454985,0.0,0.0,0.0,0.44040247678018574,0.4129263913824057,0.5069442053895509,0.44281793229643185,0.417393662751422,0.379712180659019,0.490206851056817,0,1,1294000.0,0.4568764568764569,0.44892221180880976,195000.0,0,0,37,511.0
2567,120000.0,14.0,0.35775698265868106,0.0,0.0,0.0,0.45774647887323944,0.4694783573806881,0.43902472242345825,0.44281793229643185,0.417393662751422,0.46721243412305624,0.3156771054360342,0,0,256000.0,0.4568764568764569,0.44892221180880976,125000.0,0,1,41,370.0
2568,2100000.0,11.0,0.43673114297615767,0.0,0.0,120000.0,0.44040247678018574,0.4694783573806881,0.4485294151733482,0.45475113122171945,0.4468097890743483,0.40002703158873276,0.41047292637935173,0,0,25499000.0,0.43488372093023253,0.39678284182305634,2940000.0,0,0,38,498.0
2569,1790000.0,10.0,0.43673114297615767,0.0,0.0,0.0,0.44040247678018574,0.4129263913824057,0.5165869667180779,0.44281793229643185,0.45864649596466484,0.3810650946770142,0.36576674063800674,0,0,20739000.0,0.43488372093023253,0.39678284182305634,2924000.0,0,0,37,514.0
2570,1120000.0,14.0,0.471073469342046,0.0,0.0,0.0,0.45774647887323944,0.4539823008849557,0.44545497076419477,0.45475113122171945,0.5031846524456339,0.43679650911494705,0.46629820821531875,0,0,9540000.0,0.45364536453645365,0.45443645083932854,1301000.0,0,1,37,431.0
2571,3510000.0,35.0,0.4581005575150995,0.0,0.0,0.0,0.45774647887323944,0.4694783573806881,0.36271363783177113,0.44281793229643185,0.4230769551118841,0.36975187045665187,0.4014334059125707,1,1,21176000.0,0.43488372093023253,0.44892221180880976,3030000.0,1,0,39,556.0
2572,840000.0,14.0,0.4646406293882584,0.0,0.0,1010000.0,0.45774647887323944,0.4129263913824057,0.4121240088339391,0.45433255269320844,0.45864649596466484,0.36975187045665187,0.45989425850057764,0,0,5864000.0,0.4568764568764569,0.44892221180880976,1049000.0,0,0,36,506.0
2573,310000.0,11.0,0.3971634082048179,82.40884820747522,114.68688024408848,605344.4272445821,0.45774647887323944,0.4694783573806881,0.3931036562142931,0.45045045045045046,0.45890407585949666,0.4444688960343153,0.423941142391273,1,1,1871000.0,0.43488372093023253,0.47386172006745364,307000.0,1,0,38,483.0
2574,170000.0,13.0,0.4747378959928985,0.0,0.0,60000.0,0.40000603415401237,0.4539823008849557,0.3900197525554698,0.45475113122171945,0.5063919873437158,0.4395681403885853,0.4994506452738054,1,0,15530000.0,0.4568764568764569,0.45443645083932854,2127000.0,1,0,39,366.0
2575,180000.0,17.0,0.35775698265868106,0.0,0.0,70000.0,0.45774647887323944,0.4336917562724873,0.4214287402257545,0.44281793229643185,0.4687495951044435,0.45192239757482366,0.6100509010581558,0,0,800000.0,0.4568764568764569,0.47386172006745364,158000.0,0,1,36,492.0
2576,90000.0,13.0,0.44387755113454985,0.0,30.0,60000.0,0.44040247678018574,0.4539823008849557,0.30013565669860115,0.45045045045045046,0.43697478992002986,0.5164278000280932,0.40571030945850584,1,0,25015000.0,0.4568764568764569,0.47386172006745364,3481000.0,1,0,36,358.0
2577,910000.0,10.0,0.4646406293882584,0.0,0.0,3010000.0,0.44040247678018574,0.4539823008849557,0.4214287402257545,0.45433255269320844,0.45864649596466484,0.3680899177448659,0.45989425850057764,0,1,15930000.0,0.43488372093023253,0.44892221180880976,2724000.0,0,0,37,557.0
2578,220000.0,16.0,0.4747378959928985,0.0,0.0,0.0,0.44040247678018574,0.4694783573806881,0.4956486747857908,0.44281793229643185,0.4687495951044435,0.5171573620994421,0.4530944584075768,0,0,1201000.0,0.45364536453645365,0.44892221180880976,226000.0,0,0,36,425.0
2579,110000.0,12.0,0.4615356204904945,82.40884820747522,114.68688024408848,605344.4272445821,0.45774647887323944,0.4539823008849557,0.4799991436755424,0.45475113122171945,0.4687495951044435,0.3750074661878128,0.423941142391273,0,0,1090000.0,0.4568764568764569,0.45443645083932854,126000.0,0,0,37,481.0
2580,480000.0,19.0,0.45885149198403496,0.0,0.0,0.0,0.468085106382978,0.4539823008849557,0.5069442053895509,0.45475113122171945,0.4230769551118841,0.4321363669380822,0.42220278660777283,0,0,2438000.0,0.45364536453645365,0.45443645083932854,441000.0,0,0,34,381.0
2581,2580000.0,12.0,0.4747378959928985,0.0,0.0,0.0,0.45774647887323944,0.4129263913824057,0.4485294151733482,0.44281793229643185,0.34356713843530684,0.48077782044892603,0.5023579265365139,0,1,19780000.0,0.45364536453645365,0.45443645083932854,3109000.0,0,0,40,388.0
2582,210000.0,16.0,0.4747378959928985,0.0,0.0,960000.0,0.45774647887323944,0.4694783573806881,0.4485294151733482,0.44281793229643185,0.4230769551118841,0.4831631253007048,0.40806474591452696,0,0,1336000.0,0.45364536453645365,0.39678284182305634,214000.0,0,1,34,617.0
2583,230000.0,15.0,0.4220779627191293,246.0,246.0,40000.0,0.44040247678018574,0.4539823008849557,0.3900197525554698,0.44281793229643185,0.37758024313602523,0.4339650140059905,0.4545481381730755,1,0,1613000.0,0.43488372093023253,0.44892221180880976,270000.0,1,1,35,686.0
2584,2440000.0,11.0,0.4074136609653927,0.0,0.0,0.0,0.45774647887323944,0.4539823008849557,0.4485294151733482,0.44281793229643185,0.3739186560656616,0.5071462083323844,0.5233562461236126,0,0,22213000.0,0.4568764568764569,0.45443645083932854,3135000.0,0,0,36,350.0
2585,680000.0,19.0,0.4581005575150995,0.0,0.0,0.0,0.44040247678018574,0.4694783573806881,0.36271363783177113,0.45475113122171945,0.5031846524456339,0.40235614355016347,0.4375202018743684,0,0,3295000.0,0.45364536453645365,0.44892221180880976,753000.0,0,1,38,438.0
2586,980000.0,32.0,0.40004455157916113,0.0,0.0,0.0,0.468085106382978,0.4129263913824057,0.476615203163763,0.45475113122171945,0.5063919873437158,0.5071462083323844,0.4425020459775707,1,0,1823000.0,0.4568764568764569,0.44892221180880976,982000.0,1,0,39,423.0
2587,200000.0,15.0,0.49269077310150705,0.0,0.0,0.0,0.468085106382978,0.4336917562724873,0.44545497076419477,0.45475113122171945,0.43697478992002986,0.5106758841242302,0.5059471983688024,1,0,1151000.0,0.45364536453645365,0.44892221180880976,240000.0,1,0,37,370.0
2588,490000.0,12.0,0.471073469342046,0.0,0.0,0.0,0.45774647887323944,0.4539823008849557,0.5375745064065167,0.45475113122171945,0.414225941433284,0.40002703158873276,0.41240204586511464,0,1,23281000.0,0.4568764568764569,0.44892221180880976,4452000.0,0,0,37,485.0
2589,210000.0,15.0,0.4646406293882584,0.0,0.0,0.0,0.44040247678018574,0.4129263913824057,0.4214287402257545,0.44281793229643185,0.4905583684264643,0.5164278000280932,0.3244469103797425,0,0,942000.0,0.45364536453645365,0.45443645083932854,245000.0,0,1,36,457.0
2590,90000.0,12.0,0.45453917520963155,2.0,30.0,60000.0,0.44040247678018574,0.4539823008849557,0.4121240088339391,0.44281793229643185,0.46907216438869503,0.5217257015040757,0.46629820821531875,0,0,1690000.0,0.4568764568764569,0.44892221180880976,211000.0,0,0,37,474.0
2591,230000.0,14.0,0.4646406293882584,1286.0,11.0,120000.0,0.468085106382978,0.4539823008849557,0.38083308316558756,0.45433255269320844,0.4230769551118841,0.5071462083323844,0.47861847593310247,1,1,1739000.0,0.43488372093023253,0.45443645083932854,205000.0,1,0,38,529.0
2592,550000.0,15.0,0.4581005575150995,0.0,0.0,0.0,0.44040247678018574,0.4539823008849557,0.46428416000978534,0.45045045045045046,0.4604834864076457,0.41322952719822703,0.348329989309645,0,0,2596000.0,0.4568764568764569,0.44892221180880976,438000.0,0,0,32,476.0
2593,100000.0,12.0,0.4646406293882584,0.0,0.0,0.0,0.44040247678018574,0.4539823008849557,0.5363528439845596,0.44281793229643185,0.46907216438869503,0.531814720884261,0.36576674063800674,0,0,3474000.0,0.43488372093023253,0.45443645083932854,563000.0,0,0,38,424.0
2594,160000.0,12.0,0.4844907454931315,0.0,0.0,20000.0,0.45774647887323944,0.4539823008849557,0.30013565669860115,0.45475113122171945,0.4511627906899892,0.45560844252904975,0.5023579265365139,0,0,28038000.0,0.4568764568764569,0.47386172006745364,4214000.0,0,0,36,384.0
2595,170000.0,11.0,0.4581005575150995,0.0,0.0,10000.0,0.44040247678018574,0.4694783573806881,0.46428416000978534,0.45475113122171945,0.43697478992002986,0.4658901691183491,0.5233562461236126,1,0,6044000.0,0.4568764568764569,0.44892221180880976,801000.0,1,0,36,418.0
2596,200000.0,14.0,0.4646406293882584,12.0,68.0,1750000.0,0.468085106382978,0.4694783573806881,0.3900197525554698,0.44281793229643185,0.4905583684264643,0.5217257015040757,0.3244469103797425,1,0,4552000.0,0.45364536453645365,0.44892221180880976,685000.0,1,0,38,438.0
2597,1500000.0,18.0,0.5065614987246854,0.0,0.0,0.0,0.45774647887323944,0.4539823008849557,0.3900197525554698,0.45475113122171945,0.4511627906899892,0.43679650911494705,0.4696533706380367,0,0,7011000.0,0.45364536453645365,0.44892221180880976,1586000.0,0,1,35,413.0
2598,2890000.0,11.0,0.471073469342046,0.0,0.0,0.0,0.44040247678018574,0.4539823008849557,0.3931036562142931,0.44281793229643185,0.46907216438869503,0.3810650946770142,0.5134854957775883,1,0,16430000.0,0.43488372093023253,0.45443645083932854,2648000.0,1,0,37,505.0
2599,1150000.0,13.0,0.4360903840722853,469.0,469.0,40000.0,0.44040247678018574,0.4694783573806881,0.5159288114711631,0.44281793229643185,0.4905583684264643,0.45677246944372973,0.46629820821531875,1,1,5270000.0,0.4568764568764569,0.44892221180880976,1224000.0,1,1,34,466.89744512414535
2600,1590000.0,11.0,0.45453917520963155,0.0,0.0,0.0,0.45774647887323944,0.4539823008849557,0.45782858909969404,0.45475113122171945,0.3541279498012266,0.4339650140059905,0.40582917672392776,0,0,8366000.0,0.4568764568764569,0.44892221180880976,1696000.0,0,0,40,418.0
2601,220000.0,13.0,0.471073469342046,0.0,0.0,0.0,0.45774647887323944,0.4539823008849557,0.470084171924464,0.45475113122171945,0.46907216438869503,0.4757214900689184,0.5009630346757856,0,0,3107000.0,0.45364536453645365,0.45443645083932854,308000.0,0,1,36,410.0
2602,640000.0,13.0,0.3928574872021717,0.0,0.0,0.0,0.44040247678018574,0.4539823008849557,0.3971634082048179,0.45433255269320844,0.4511627906899892,0.4658901691183491,0.4653190175668822,0,1,3781000.0,0.43488372093023253,0.44892221180880976,825000.0,0,1,33,580.0
2603,170000.0,18.0,0.4646406293882584,0.0,0.0,0.0,0.44040247678018574,0.4129263913824057,0.3442355460389141,0.45045045045045046,0.34356713843530684,0.43574970796090917,0.45200464380003236,0,0,1119000.0,0.45364536453645365,0.39678284182305634,281000.0,0,0,35,440.0
2604,700000.0,12.0,0.4278491036733748,0.0,0.0,900000.0,0.44040247678018574,0.4129263913824057,0.4214287402257545,0.45433255269320844,0.3541279498012266,0.45192239757482366,0.46016463299084465,1,0,23428000.0,0.45364536453645365,0.45443645083932854,3213000.0,1,0,35,407.0
2605,1080000.0,17.0,0.471073469342046,0.0,0.0,0.0,0.45774647887323944,0.4694783573806881,0.36271363783177113,0.45475113122171945,0.5031846524456339,0.40002703158873276,0.3758582472222368,0,0,71930000.0,0.44758586022284785,0.39678284182305634,1029000.0,0,1,36,435.0
2606,210000.0,12.0,0.4278491036733748,999.0,999.0,400000.0,0.45774647887323944,0.4129263913824057,0.44545497076419477,0.45475113122171945,0.44230917465915276,0.5217257015040757,0.490206851056817,0,1,1813000.0,0.45364536453645365,0.45443645083932854,272000.0,0,0,37,401.0
2607,170000.0,13.0,0.4360903840722853,82.40884820747522,114.68688024408848,605344.4272445821,0.468085106382978,0.4539823008849557,0.3442355460389141,0.45045045045045046,0.4230769551118841,0.4658901691183491,0.4606736933325396,0,1,955000.0,0.4568764568764569,0.45443645083932854,176000.0,0,0,36,416.0
2608,2580000.0,14.0,0.46341463401227523,0.0,0.0,5290000.0,0.45774647887323944,0.4336917562724873,0.38083308316558756,0.45045045045045046,0.4511627906899892,0.45677246944372973,0.423941142391273,0,1,22095000.0,0.4568764568764569,0.45443645083932854,3714000.0,0,1,36,603.0
2609,220000.0,12.0,0.46341463401227523,63.0,0.0,10000.0,0.44040247678018574,0.4336917562724873,0.3931036562142931,0.45475113122171945,0.37758024313602523,0.40002703158873276,0.49646711594687815,1,0,536000.0,0.4568764568764569,0.44892221180880976,227000.0,1,1,36,494.0
2610,170000.0,14.0,0.43673114297615767,0.0,0.0,0.0,0.468085106382978,0.4336917562724873,0.470084171924464,0.45475113122171945,0.3739186560656616,0.4757214900689184,0.4530944584075768,0,0,8272000.0,0.45364536453645365,0.44892221180880976,939000.0,0,0,38,323.0
2611,610000.0,16.0,0.46341463401227523,0.0,0.0,170000.0,0.468085106382978,0.4694783573806881,0.3442355460389141,0.45475113122171945,0.46907216438869503,0.40235614355016347,0.4425020459775707,1,0,4491000.0,0.45364536453645365,0.44892221180880976,748000.0,1,1,33,432.0
2612,1070000.0,3.0,0.3892717187010617,0.0,0.0,0.0,0.45774647887323944,0.4129263913824057,0.36271363783177113,0.44281793229643185,0.4905583684264643,0.4658901691183491,0.3244469103797425,1,0,108279000.0,0.4568764568764569,0.45443645083932854,5817000.0,1,0,32,510.0
2613,1480000.0,23.0,0.4074136609653927,0.0,0.0,0.0,0.45774647887323944,0.4336917562724873,0.476615203163763,0.44281793229643185,0.414225941433284,0.5071462083323844,0.46016463299084465,0,1,8724000.0,0.43488372093023253,0.45443645083932854,2961000.0,0,0,38,744.0
2614,3880000.0,17.0,0.4581005575150995,0.0,0.0,0.0,0.44040247678018574,0.4129263913824057,0.4956486747857908,0.44281793229643185,0.4511627906899892,0.4757214900689184,0.4769970982233268,1,0,107664000.0,0.45364536453645365,0.44892221180880976,5264000.0,1,0,32,531.0
2615,1680000.0,18.0,0.3971634082048179,82.40884820747522,114.68688024408848,605344.4272445821,0.44040247678018574,0.4129263913824057,0.30013565669860115,0.44281793229643185,0.4583333330136348,0.40235614355016347,0.5157460113123283,0,1,10909000.0,0.43488372093023253,0.39678284182305634,3421000.0,0,0,37,456.0
2616,120000.0,14.0,0.4581005575150995,0.0,0.0,0.0,0.44040247678018574,0.4694783573806881,0.4485294151733482,0.45045045045045046,0.45890407585949666,0.5164278000280932,0.3156771054360342,1,0,934000.0,0.43488372093023253,0.45443645083932854,199000.0,1,1,37,450.0
2617,130000.0,16.0,0.4615356204904945,0.0,0.0,180000.0,0.44040247678018574,0.4539823008849557,0.43902472242345825,0.44281793229643185,0.45864649596466484,0.3750074661878128,0.36576674063800674,0,1,2112000.0,0.4568764568764569,0.44892221180880976,158000.0,0,1,36,524.0
2618,1110000.0,18.0,0.4774317289223725,0.0,0.0,190000.0,0.44040247678018574,0.4539823008849557,0.38083308316558756,0.45475113122171945,0.4511627906899892,0.36975187045665187,0.4606736933325396,0,0,5776000.0,0.45364536453645365,0.44892221180880976,1105000.0,0,1,37,496.0
2619,430000.0,11.0,0.4646406293882584,0.0,0.0,0.0,0.45774647887323944,0.4694783573806881,0.4214287402257545,0.45475113122171945,0.4905583684264643,0.4395681403885853,0.4696533706380367,0,0,3002000.0,0.4568764568764569,0.45443645083932854,497000.0,0,0,37,391.0
2620,210000.0,10.0,0.4747378959928985,0.0,0.0,50000.0,0.45774647887323944,0.4694783573806881,0.46428416000978534,0.45475113122171945,0.4511627906899892,0.45331529430883266,0.44169753216105057,0,0,1844000.0,0.45364536453645365,0.45443645083932854,244000.0,0,0,36,466.89744512414535
2621,1450000.0,4.0,0.4074136609653927,82.40884820747522,114.68688024408848,0.0,0.45774647887323944,0.4129263913824057,0.4214287402257545,0.45433255269320844,0.4583333330136348,0.531814720884261,0.46629820821531875,1,1,5498000.0,0.45364536453645365,0.44892221180880976,1477000.0,1,1,32,338.0
2622,1150000.0,15.0,0.43673114297615767,0.0,30.0,0.0,0.45774647887323944,0.4539823008849557,0.5254093931718659,0.45433255269320844,0.43697478992002986,0.3810650946770142,0.3758582472222368,0,1,4500000.0,0.45364536453645365,0.45443645083932854,1011000.0,0,1,36,522.0
2623,2000000.0,14.0,0.4646406293882584,0.0,0.0,540000.0,0.44040247678018574,0.4539823008849557,0.30013565669860115,0.44281793229643185,0.4511627906899892,0.5183627257078485,0.4037095629016318,0,0,20850000.0,0.45364536453645365,0.44892221180880976,4076000.0,0,0,32,398.0
2624,180000.0,14.0,0.44387755113454985,93.0,360.0,520000.0,0.45774647887323944,0.4539823008849557,0.36271363783177113,0.44281793229643185,0.45890407585949666,0.5491139021556548,0.423941142391273,1,0,1577000.0,0.43488372093023253,0.47386172006745364,263000.0,1,0,37,395.0
2625,2880000.0,12.0,0.4668770371178462,0.0,0.0,3360000.0,0.45774647887323944,0.4539823008849557,0.4799991436755424,0.45475113122171945,0.4511627906899892,0.40235614355016347,0.46016463299084465,0,0,59368000.0,0.4568764568764569,0.45443645083932854,2465000.0,0,0,36,526.0
2626,460000.0,10.0,0.49269077310150705,0.0,0.0,0.0,0.44040247678018574,0.4539823008849557,0.5257384019435941,0.45475113122171945,0.45890407585949666,0.3721191346526487,0.40201973495344345,1,0,2521000.0,0.43488372093023253,0.45443645083932854,374000.0,1,0,39,473.0
2627,120000.0,10.0,0.4774317289223725,0.0,0.0,0.0,0.44040247678018574,0.4694783573806881,0.4799991436755424,0.45045045045045046,0.4583333330136348,0.3750074661878128,0.49057865436532944,0,1,1001000.0,0.4568764568764569,0.47386172006745364,123000.0,0,1,37,450.0
2628,1700000.0,14.0,0.46341463401227523,3.0,3.0,1780000.0,0.468085106382978,0.4694783573806881,0.36271363783177113,0.45475113122171945,0.4905583684264643,0.5491139021556548,0.40582917672392776,1,0,5192000.0,0.4568764568764569,0.45443645083932854,1483000.0,1,1,32,701.0
2629,470000.0,14.0,0.49269077310150705,0.0,0.0,0.0,0.45774647887323944,0.4694783573806881,0.4485294151733482,0.45475113122171945,0.4583333330136348,0.45331529430883266,0.36641942856818427,0,0,2770000.0,0.4568764568764569,0.44892221180880976,452000.0,0,0,36,546.0
2630,160000.0,14.0,0.4747378959928985,0.0,0.0,0.0,0.45774647887323944,0.4694783573806881,0.4121240088339391,0.45475113122171945,0.4511627906899892,0.43679650911494705,0.3244469103797425,0,0,860000.0,0.43488372093023253,0.45443645083932854,138000.0,0,0,35,460.0
2631,2170000.0,10.0,0.3928574872021717,0.0,0.0,0.0,0.40000603415401237,0.4129263913824057,0.4459232804790396,0.45475113122171945,0.4583333330136348,0.49482456551750875,0.5582615046868826,1,0,88157000.0,0.43488372093023253,0.39678284182305634,3240000.0,1,0,38,398.0
2632,190000.0,18.0,0.4074136609653927,82.40884820747522,114.68688024408848,0.0,0.44040247678018574,0.4694783573806881,0.4799991436755424,0.45433255269320844,0.4583333330136348,0.4389077345532648,0.40201973495344345,0,1,1371000.0,0.45364536453645365,0.45443645083932854,236000.0,0,0,37,339.0
2633,3270000.0,33.0,0.46341463401227523,0.0,0.0,0.0,0.40000603415401237,0.4129263913824057,0.44545497076419477,0.44281793229643185,0.4468097890743483,0.5217257015040757,0.3270423716835601,1,1,29735000.0,0.43488372093023253,0.45443645083932854,2407000.0,1,0,39,455.0
2634,1870000.0,17.0,0.46341463401227523,0.0,0.0,0.0,0.45774647887323944,0.4129263913824057,0.5056772402445142,0.45433255269320844,0.3739186560656616,0.46365822718746796,0.41047292637935173,0,1,8651000.0,0.45364536453645365,0.45443645083932854,1834000.0,0,0,35,300.0
2635,100000.0,17.0,0.4581005575150995,0.0,0.0,10000.0,0.44040247678018574,0.4539823008849557,0.4415584526838991,0.44281793229643185,0.43096844666979034,0.3810650946770142,0.4106715025408491,0,0,806000.0,0.4568764568764569,0.44892221180880976,109000.0,0,0,36,444.0
2636,2140000.0,17.0,0.471073469342046,0.0,0.0,80000.0,0.40000603415401237,0.4694783573806881,0.30013565669860115,0.45433255269320844,0.45864649596466484,0.5071462083323844,0.4278491036733748,0,0,10227000.0,0.4568764568764569,0.44892221180880976,2273000.0,0,1,35,575.0
2637,200000.0,13.0,0.45453917520963155,0.0,0.0,0.0,0.45774647887323944,0.4129263913824057,0.46428416000978534,0.45475113122171945,0.46907216438869503,0.5217257015040757,0.31886873294614065,0,0,868000.0,0.45364536453645365,0.45443645083932854,175000.0,0,0,37,360.0
2638,2970000.0,43.0,0.4074136609653927,0.0,0.0,605344.4272445821,0.44040247678018574,0.4336917562724873,0.5056772402445142,0.44281793229643185,0.37758024313602523,0.40002703158873276,0.3758582472222368,1,0,14263000.0,0.45364536453645365,0.39678284182305634,3003000.0,1,0,40,469.0
2639,170000.0,13.0,0.583862843505718,0.0,0.0,0.0,0.44040247678018574,0.4694783573806881,0.5375745064065167,0.44281793229643185,0.46907216438869503,0.40235614355016347,0.4037095629016318,0,0,3419000.0,0.43488372093023253,0.44892221180880976,514000.0,0,0,36,301.0
2640,230000.0,14.0,0.45453917520963155,388.0,388.0,650000.0,0.45774647887323944,0.4694783573806881,0.44545497076419477,0.44281793229643185,0.4604834864076457,0.4395681403885853,0.3580839468498659,1,0,997000.0,0.4568764568764569,0.47386172006745364,191000.0,1,0,36,569.0
2641,2920000.0,29.0,0.4074136609653927,0.0,0.0,140000.0,0.44040247678018574,0.4539823008849557,0.470084171924464,0.44281793229643185,0.4604834864076457,0.5217257015040757,0.5485893972844256,0,0,30591000.0,0.43488372093023253,0.44892221180880976,2905000.0,0,0,40,488.0
2642,1590000.0,11.0,0.4220779627191293,0.0,0.0,1040000.0,0.45774647887323944,0.4129263913824057,0.40571030945850584,0.45433255269320844,0.4583333330136348,0.4658901691183491,0.36641942856818427,0,1,18492000.0,0.43488372093023253,0.45443645083932854,1505000.0,0,0,38,477.0
2643,180000.0,10.0,0.4668770371178462,0.0,0.0,605344.4272445821,0.45774647887323944,0.4694783573806881,0.36271363783177113,0.44281793229643185,0.417393662751422,0.3680899177448659,0.45989425850057764,0,0,2758000.0,0.4568764568764569,0.44892221180880976,406000.0,0,0,38,551.0
2644,230000.0,10.0,0.46341463401227523,0.0,0.0,0.0,0.45774647887323944,0.4694783573806881,0.3931036562142931,0.44281793229643185,0.3541279498012266,0.4321363669380822,0.5057373501577225,0,0,1533000.0,0.4568764568764569,0.44892221180880976,312000.0,0,0,37,352.0
2645,1580000.0,16.0,0.45885149198403496,82.40884820747522,114.68688024408848,0.0,0.45774647887323944,0.4694783573806881,0.43902472242345825,0.45475113122171945,0.46907216438869503,0.36975187045665187,0.4545481381730755,0,0,8160000.0,0.43488372093023253,0.39678284182305634,1765000.0,0,0,33,733.0
2646,100000.0,11.0,0.3928574872021717,1232.0,1232.0,300000.0,0.44040247678018574,0.4539823008849557,0.5254093931718659,0.45475113122171945,0.46907216438869503,0.3750074661878128,0.4789986557881242,1,1,95000.0,0.45364536453645365,0.44892221180880976,189000.0,1,1,39,593.0
2647,190000.0,10.0,0.45885149198403496,0.0,0.0,0.0,0.45774647887323944,0.4694783573806881,0.3971634082048179,0.45475113122171945,0.46907216438869503,0.40235614355016347,0.41047292637935173,0,0,2209000.0,0.45364536453645365,0.45443645083932854,333000.0,0,0,36,344.0
2648,860000.0,14.0,0.35775698265868106,0.0,0.0,605344.4272445821,0.45774647887323944,0.4539823008849557,0.5257384019435941,0.44281793229643185,0.4511627906899892,0.3810650946770142,0.3580839468498659,0,0,7271000.0,0.43488372093023253,0.44892221180880976,1122000.0,0,1,38,483.0
2649,230000.0,14.0,0.4220779627191293,0.0,0.0,0.0,0.45774647887323944,0.4539823008849557,0.4956486747857908,0.45475113122171945,0.4583333330136348,0.4658901691183491,0.6100509010581558,0,0,1924000.0,0.43488372093023253,0.45443645083932854,313000.0,0,0,40,473.0
2650,1310000.0,17.0,0.46341463401227523,0.0,0.0,0.0,0.40000603415401237,0.4694783573806881,0.470084171924464,0.44281793229643185,0.3739186560656616,0.43679650911494705,0.4543800115079512,0,0,6355000.0,0.4568764568764569,0.47386172006745364,1520000.0,0,0,35,339.0
2651,210000.0,11.0,0.43673114297615767,0.0,0.0,0.0,0.45774647887323944,0.4539823008849557,0.3900197525554698,0.45433255269320844,0.4583333330136348,0.46365822718746796,0.4545481381730755,0,1,1746000.0,0.43488372093023253,0.44892221180880976,182000.0,0,0,36,404.0
2652,210000.0,15.0,0.4747378959928985,0.0,0.0,0.0,0.45774647887323944,0.4336917562724873,0.5363528439845596,0.45475113122171945,0.44230917465915276,0.5183627257078485,0.5035331693654489,0,1,1445000.0,0.4568764568764569,0.47386172006745364,251000.0,0,0,36,505.0
2653,3580000.0,26.0,0.4646406293882584,0.0,0.0,0.0,0.44040247678018574,0.4129263913824057,0.4956486747857908,0.45475113122171945,0.5031846524456339,0.37737165958551677,0.5233562461236126,1,0,23988000.0,0.4568764568764569,0.44892221180880976,3010000.0,1,1,40,685.0
2654,440000.0,19.0,0.4668770371178462,0.0,0.0,250000.0,0.44040247678018574,0.4336917562724873,0.3900197525554698,0.45045045045045046,0.417393662751422,0.45331529430883266,0.4445473453127392,1,0,2905000.0,0.45364536453645365,0.44892221180880976,402000.0,1,1,36,611.0
2655,5180000.0,13.0,0.4706709757445273,0.0,0.0,20000.0,0.45774647887323944,0.4539823008849557,0.4485294151733482,0.45433255269320844,0.43697478992002986,0.36975187045665187,0.49057865436532944,1,0,80762000.0,0.4568764568764569,0.47386172006745364,5789000.0,1,0,36,441.0
2656,280000.0,13.0,0.44387755113454985,0.0,0.0,20000.0,0.45774647887323944,0.4129263913824057,0.5257384019435941,0.44281793229643185,0.414225941433284,0.5217257015040757,0.4375202018743684,0,0,36558000.0,0.43488372093023253,0.44892221180880976,2590000.0,0,1,39,581.0
2657,2490000.0,37.0,0.4747378959928985,2.0,3.0,140000.0,0.44040247678018574,0.4694783573806881,0.46428416000978534,0.45433255269320844,0.414225941433284,0.5183627257078485,0.39896986903151255,1,0,9122000.0,0.43488372093023253,0.47386172006745364,3034000.0,1,0,39,680.0
2658,160000.0,3.0,0.4668770371178462,82.40884820747522,114.68688024408848,605344.4272445821,0.468085106382978,0.4539823008849557,0.5375745064065167,0.44281793229643185,0.43697478992002986,0.4468949699527549,0.3156771054360342,1,0,8674000.0,0.45364536453645365,0.45443645083932854,291000.0,1,1,41,468.0
2659,1030000.0,13.0,0.4360903840722853,0.0,0.0,0.0,0.45774647887323944,0.4539823008849557,0.4799991436755424,0.44281793229643185,0.43697478992002986,0.48068087923257147,0.49141635626861524,0,0,56360000.0,0.45364536453645365,0.47386172006745364,2701000.0,0,0,36,519.0
2660,170000.0,4.0,0.4220779627191293,91.0,91.0,0.0,0.44040247678018574,0.4694783573806881,0.5257384019435941,0.45433255269320844,0.45890407585949666,0.4130722746472325,0.5009630346757856,0,0,798000.0,0.4568764568764569,0.44892221180880976,1694000.0,0,1,38,431.0
2661,80000.0,13.0,0.44387755113454985,0.0,0.0,605344.4272445821,0.45774647887323944,0.4694783573806881,0.4956486747857908,0.44281793229643185,0.3739186560656616,0.45331529430883266,0.44084111937285236,0,1,4270000.0,0.45364536453645365,0.47386172006745364,621000.0,0,0,38,367.0
2662,2550000.0,32.0,0.4646406293882584,0.0,248.0,1370000.0,0.45774647887323944,0.4694783573806881,0.470084171924464,0.44281793229643185,0.3739186560656616,0.45331529430883266,0.5009630346757856,1,1,8398000.0,0.45364536453645365,0.45443645083932854,2719000.0,1,0,40,617.0
2663,510000.0,11.0,0.4646406293882584,0.0,0.0,0.0,0.45774647887323944,0.4129263913824057,0.3971634082048179,0.44281793229643185,0.43697478992002986,0.49482456551750875,0.45200464380003236,1,1,8173000.0,0.4568764568764569,0.47386172006745364,1417000.0,1,0,39,355.0
2664,3220000.0,36.0,0.45813033217197885,0.0,0.0,510000.0,0.45774647887323944,0.4539823008849557,0.5056772402445142,0.45433255269320844,0.45890407585949666,0.5217257015040757,0.49141635626861524,0,1,9270000.0,0.4568764568764569,0.45443645083932854,2610000.0,0,0,40,472.0
2665,510000.0,19.0,0.4074136609653927,0.0,0.0,230000.0,0.44040247678018574,0.4539823008849557,0.4415584526838991,0.45045045045045046,0.5031846524456339,0.3810650946770142,0.5363489679286931,0,1,2375000.0,0.45364536453645365,0.44892221180880976,519000.0,0,1,37,496.0
2666,1460000.0,12.0,0.4468949699527549,0.0,0.0,560000.0,0.44040247678018574,0.4539823008849557,0.38083308316558756,0.45475113122171945,0.3739186560656616,0.43679650911494705,0.4106715025408491,1,0,10317000.0,0.43488372093023253,0.47386172006745364,1450000.0,1,0,32,404.0
2667,3590000.0,42.0,0.4220779627191293,0.0,0.0,680000.0,0.44040247678018574,0.4539823008849557,0.5375745064065167,0.44281793229643185,0.46907216438869503,0.3721191346526487,0.39896986903151255,1,0,25525000.0,0.45364536453645365,0.45443645083932854,3019000.0,1,0,40,698.0
2668,1840000.0,17.0,0.46341463401227523,82.40884820747522,114.68688024408848,605344.4272445821,0.44040247678018574,0.4694783573806881,0.36271363783177113,0.45475113122171945,0.43697478992002986,0.48068087923257147,0.4106715025408491,1,0,8891000.0,0.43488372093023253,0.44892221180880976,1911000.0,1,1,35,375.0
2669,240000.0,14.0,0.4581005575150995,0.0,0.0,605344.4272445821,0.44040247678018574,0.4694783573806881,0.4415584526838991,0.44281793229643185,0.44230917465915276,0.46365822718746796,0.49141635626861524,0,0,1848000.0,0.45364536453645365,0.47386172006745364,261000.0,0,0,39,389.0
2670,210000.0,10.0,0.4360903840722853,0.0,0.0,0.0,0.45774647887323944,0.4694783573806881,0.38083308316558756,0.44281793229643185,0.5606727833398578,0.4395681403885853,0.4037095629016318,0,1,27780000.0,0.4568764568764569,0.39678284182305634,4787000.0,0,0,36,329.0
2671,180000.0,13.0,0.4360903840722853,0.0,0.0,0.0,0.45774647887323944,0.4694783573806881,0.4485294151733482,0.45433255269320844,0.43697478992002986,0.36975187045665187,0.42220278660777283,1,0,2377000.0,0.4568764568764569,0.39678284182305634,381000.0,1,0,37,530.0
2672,160000.0,15.0,0.40004455157916113,0.0,0.0,0.0,0.44040247678018574,0.4129263913824057,0.4799991436755424,0.45433255269320844,0.45864649596466484,0.5183627257078485,0.36719335159199484,1,1,674000.0,0.43488372093023253,0.45443645083932854,150000.0,1,0,36,710.0
2673,1100000.0,3.0,0.4646406293882584,550.0,550.0,0.0,0.45774647887323944,0.4539823008849557,0.5375745064065167,0.45475113122171945,0.46907216438869503,0.3721191346526487,0.47190419232428393,0,0,6374000.0,0.45364536453645365,0.47386172006745364,1174000.0,0,1,34,398.0
2674,170000.0,15.0,0.4375202018743684,0.0,30.0,0.0,0.44040247678018574,0.4539823008849557,0.3931036562142931,0.44281793229643185,0.43697478992002986,0.5183627257078485,0.39896986903151255,0,0,1038000.0,0.4568764568764569,0.45443645083932854,184000.0,0,0,37,344.0
2675,230000.0,10.0,0.44387755113454985,0.0,0.0,0.0,0.45774647887323944,0.4694783573806881,0.476615203163763,0.45045045045045046,0.4511627906899892,0.3721191346526487,0.5363489679286931,0,0,4575000.0,0.4568764568764569,0.44892221180880976,559000.0,0,1,35,367.0
2676,210000.0,12.0,0.4747378959928985,0.0,0.0,0.0,0.44040247678018574,0.4539823008849557,0.5375745064065167,0.45475113122171945,0.46907216438869503,0.5106758841242302,0.4278491036733748,0,0,1759000.0,0.45364536453645365,0.47386172006745364,320000.0,0,0,37,461.0
2677,4790000.0,19.0,0.44387755113454985,0.0,0.0,0.0,0.44040247678018574,0.4336917562724873,0.5363528439845596,0.45045045045045046,0.5031846524456339,0.4339650140059905,0.3156771054360342,0,0,49862000.0,0.4568764568764569,0.44892221180880976,5201000.0,0,0,34,495.0
2678,160000.0,11.0,0.40004455157916113,0.0,0.0,0.0,0.44040247678018574,0.4539823008849557,0.46428416000978534,0.45433255269320844,0.43697478992002986,0.4395681403885853,0.36719335159199484,0,0,1666000.0,0.45364536453645365,0.44892221180880976,257000.0,0,0,36,333.0
2679,600000.0,10.0,0.4668770371178462,0.0,0.0,580000.0,0.44040247678018574,0.4539823008849557,0.4459232804790396,0.44281793229643185,0.43697478992002986,0.5171573620994421,0.37192363309077975,0,0,5477000.0,0.45364536453645365,0.47386172006745364,646000.0,0,1,39,592.0
2680,160000.0,11.0,0.4747378959928985,0.0,0.0,0.0,0.44040247678018574,0.4539823008849557,0.5069442053895509,0.45475113122171945,0.44230917465915276,0.4444688960343153,0.49141635626861524,1,0,1592000.0,0.4568764568764569,0.45443645083932854,135000.0,1,1,34,466.89744512414535
2681,200000.0,10.0,0.4360903840722853,0.0,0.0,0.0,0.45774647887323944,0.4694783573806881,0.30013565669860115,0.45045045045045046,0.45890407585949666,0.3750074661878128,0.3758582472222368,0,0,9509000.0,0.43488372093023253,0.39678284182305634,1270000.0,0,0,36,682.0
2682,190000.0,12.0,0.4646406293882584,965.0,965.0,970000.0,0.44040247678018574,0.4694783573806881,0.3931036562142931,0.44281793229643185,0.4583333330136348,0.4339650140059905,0.47190419232428393,0,0,10015000.0,0.45364536453645365,0.45443645083932854,827000.0,0,0,36,380.0
2683,4150000.0,14.0,0.49269077310150705,0.0,0.0,20260000.0,0.44040247678018574,0.4129263913824057,0.4485294151733482,0.44281793229643185,0.4583333330136348,0.4339650140059905,0.47861847593310247,0,0,16345000.0,0.45364536453645365,0.44892221180880976,3246000.0,0,1,35,595.0
2684,4470000.0,16.0,0.4747378959928985,0.0,0.0,0.0,0.44040247678018574,0.4694783573806881,0.40571030945850584,0.44281793229643185,0.5031846524456339,0.45560844252904975,0.4543800115079512,0,0,19729000.0,0.4568764568764569,0.47386172006745364,3450000.0,0,1,36,407.0
2685,290000.0,16.0,0.471073469342046,82.40884820747522,114.68688024408848,0.0,0.44040247678018574,0.4129263913824057,0.45200464380003236,0.44281793229643185,0.417393662751422,0.40002703158873276,0.40201973495344345,0,0,22209000.0,0.45364536453645365,0.44892221180880976,379000.0,0,1,32,473.0
2686,1520000.0,19.0,0.4615356204904945,0.0,0.0,0.0,0.45774647887323944,0.4539823008849557,0.4268739712093834,0.45433255269320844,0.5031846524456339,0.37737165958551677,0.40582917672392776,1,0,10791000.0,0.45364536453645365,0.44892221180880976,2315000.0,1,0,35,365.0
2687,310000.0,16.0,0.3971634082048179,0.0,0.0,0.0,0.44040247678018574,0.4694783573806881,0.3900197525554698,0.45045045045045046,0.4511627906899892,0.3965552694677991,0.41047292637935173,1,1,1177000.0,0.4568764568764569,0.44892221180880976,279000.0,1,1,37,343.0
2688,100000.0,18.0,0.4360903840722853,999.0,999.0,780000.0,0.44040247678018574,0.4336917562724873,0.46428416000978534,0.44281793229643185,0.46907216438869503,0.5183627257078485,0.4106715025408491,1,0,1414000.0,0.45364536453645365,0.47386172006745364,126000.0,1,1,37,466.89744512414535
2689,160000.0,11.0,0.49269077310150705,0.0,0.0,20000.0,0.44040247678018574,0.4336917562724873,0.5056772402445142,0.44281793229643185,0.4468097890743483,0.4757214900689184,0.5363489679286931,0,0,1755000.0,0.43488372093023253,0.47386172006745364,280000.0,0,0,37,376.0
2690,500000.0,10.0,0.5628080317442733,0.0,0.0,530000.0,0.45774647887323944,0.4694783573806881,0.5375745064065167,0.44281793229643185,0.37758024313602523,0.3750074661878128,0.37192363309077975,0,0,99856000.0,0.44758586022284785,0.45443645083932854,4927000.0,0,0,36,432.0
2691,1980000.0,17.0,0.3971634082048179,578.0,578.0,140000.0,0.44040247678018574,0.4129263913824057,0.4799991436755424,0.45475113122171945,0.5031846524456339,0.5183627257078485,0.42220278660777283,1,0,10288000.0,0.43488372093023253,0.45443645083932854,2429000.0,1,1,35,495.0
2692,2770000.0,13.0,0.49269077310150705,0.0,0.0,605344.4272445821,0.44040247678018574,0.4694783573806881,0.3971634082048179,0.45045045045045046,0.45890407585949666,0.48068087923257147,0.5134854957775883,0,0,170563000.0,0.45364536453645365,0.44892221180880976,2962000.0,0,1,39,706.0
2693,1210000.0,23.0,0.4906797478948485,0.0,0.0,200000.0,0.44040247678018574,0.4129263913824057,0.476615203163763,0.44281793229643185,0.45890407585949666,0.45192239757482366,0.5247762159801056,0,0,799000.0,0.43488372093023253,0.39678284182305634,2422000.0,0,1,41,363.0
2694,210000.0,18.0,0.4774317289223725,0.0,0.0,0.0,0.44040247678018574,0.4694783573806881,0.4799991436755424,0.45475113122171945,0.414225941433284,0.5171573620994421,0.4332390300357073,0,0,1026000.0,0.4568764568764569,0.44892221180880976,213000.0,0,0,37,313.0
2695,230000.0,11.0,0.4360903840722853,406.0,406.0,180000.0,0.468085106382978,0.4539823008849557,0.46428416000978534,0.45475113122171945,0.3739186560656616,0.40235614355016347,0.5157460113123283,1,0,29390000.0,0.43488372093023253,0.47386172006745364,3918000.0,1,0,37,638.0
2696,160000.0,11.0,0.471073469342046,3.0,3.0,40000.0,0.44040247678018574,0.4539823008849557,0.3931036562142931,0.45045045045045046,0.4583333330136348,0.5164278000280932,0.42220278660777283,1,1,1370000.0,0.43488372093023253,0.45443645083932854,208000.0,1,0,37,380.0
2697,2160000.0,18.0,0.4074136609653927,30.0,0.0,1090000.0,0.44040247678018574,0.4539823008849557,0.4214287402257545,0.45045045045045046,0.4604834864076457,0.43679650911494705,0.5009630346757856,1,0,11833000.0,0.45364536453645365,0.45443645083932854,2327000.0,1,1,31,557.0
2698,100000.0,19.0,0.46341463401227523,0.0,0.0,0.0,0.45774647887323944,0.4539823008849557,0.5069442053895509,0.45433255269320844,0.5606727833398578,0.531814720884261,0.4014334059125707,0,0,568000.0,0.44758586022284785,0.47386172006745364,115000.0,0,0,37,375.0
2699,220000.0,11.0,0.46341463401227523,681.0,681.0,210000.0,0.45774647887323944,0.4129263913824057,0.44545497076419477,0.44281793229643185,0.4583333330136348,0.45192239757482366,0.5023579265365139,1,0,3278000.0,0.43488372093023253,0.45443645083932854,611000.0,1,0,35,436.0
2700,2560000.0,16.0,0.4220779627191293,0.0,0.0,0.0,0.45774647887323944,0.4129263913824057,0.3931036562142931,0.45045045045045046,0.4687495951044435,0.3750074661878128,0.4789986557881242,1,0,23000000.0,0.43488372093023253,0.44892221180880976,4865000.0,1,0,33,563.0
2701,630000.0,4.0,0.46341463401227523,82.40884820747522,114.68688024408848,0.0,0.44040247678018574,0.4539823008849557,0.45782858909969404,0.44281793229643185,0.493908884521716,0.5164278000280932,0.4994506452738054,1,0,2892000.0,0.4568764568764569,0.44892221180880976,820000.0,1,1,32,466.89744512414535
2702,210000.0,11.0,0.4668770371178462,0.0,0.0,1720000.0,0.45774647887323944,0.4539823008849557,0.4956486747857908,0.45475113122171945,0.45864649596466484,0.36975187045665187,0.46016463299084465,1,0,2671000.0,0.4568764568764569,0.44892221180880976,244000.0,1,0,38,481.0
2703,140000.0,12.0,0.4074136609653927,0.0,0.0,605344.4272445821,0.44040247678018574,0.4336917562724873,0.4415584526838991,0.45433255269320844,0.4468097890743483,0.531814720884261,0.4653190175668822,0,0,1073000.0,0.43488372093023253,0.47386172006745364,136000.0,0,0,37,355.0
2704,130000.0,10.0,0.5628080317442733,0.0,0.0,0.0,0.44040247678018574,0.4129263913824057,0.30013565669860115,0.45045045045045046,0.4687495951044435,0.43679650911494705,0.42117558521355203,0,0,976000.0,0.43488372093023253,0.39678284182305634,204000.0,0,0,38,395.0
2705,2280000.0,13.0,0.3892717187010617,0.0,0.0,0.0,0.44040247678018574,0.4694783573806881,0.3931036562142931,0.45045045045045046,0.4687495951044435,0.43574970796090917,0.5247762159801056,0,1,62835000.0,0.4568764568764569,0.39678284182305634,3315000.0,0,0,39,505.0
2706,990000.0,32.0,0.4615356204904945,23.0,0.0,6060000.0,0.45774647887323944,0.4539823008849557,0.3971634082048179,0.45475113122171945,0.4905583684264643,0.4339650140059905,0.40201973495344345,0,1,16130000.0,0.43488372093023253,0.45443645083932854,1097000.0,0,1,39,509.0
2707,1770000.0,12.0,0.43673114297615767,0.0,0.0,1170000.0,0.44040247678018574,0.4336917562724873,0.4415584526838991,0.45475113122171945,0.417393662751422,0.45331529430883266,0.348329989309645,1,0,47144000.0,0.43488372093023253,0.44892221180880976,5040000.0,1,0,34,582.0
2708,430000.0,17.0,0.44387755113454985,0.0,0.0,0.0,0.45774647887323944,0.4129263913824057,0.5159288114711631,0.45475113122171945,0.43697478992002986,0.3750074661878128,0.39551727687191446,1,0,4267000.0,0.45364536453645365,0.45443645083932854,771000.0,1,1,34,606.0
2709,290000.0,17.0,0.471073469342046,0.0,0.0,0.0,0.44040247678018574,0.4694783573806881,0.4799991436755424,0.44281793229643185,0.3739186560656616,0.4859069669135048,0.3852241644482289,0,1,2252000.0,0.45364536453645365,0.47386172006745364,427000.0,0,0,32,399.0
2710,160000.0,13.0,0.4668770371178462,0.0,0.0,0.0,0.44040247678018574,0.4539823008849557,0.4415584526838991,0.45045045045045046,0.4230769551118841,0.3965552694677991,0.5009630346757856,1,0,39326000.0,0.43488372093023253,0.44892221180880976,5400000.0,1,0,36,430.0
2711,3210000.0,30.0,0.4278491036733748,0.0,0.0,0.0,0.45774647887323944,0.4694783573806881,0.4214287402257545,0.45433255269320844,0.4583333330136348,0.43679650911494705,0.36719335159199484,0,0,19212000.0,0.43488372093023253,0.45443645083932854,3548000.0,0,0,40,707.0
2712,120000.0,14.0,0.4375202018743684,613.0,613.0,1360000.0,0.44040247678018574,0.4539823008849557,0.4415584526838991,0.45433255269320844,0.34356713843530684,0.45192239757482366,0.4543800115079512,0,1,1000000.0,0.45364536453645365,0.47386172006745364,102000.0,0,1,37,632.0
2713,230000.0,10.0,0.4498690306228219,0.0,83.0,580000.0,0.45774647887323944,0.4539823008849557,0.30013565669860115,0.45433255269320844,0.45864649596466484,0.41322952719822703,0.5363489679286931,0,0,2899000.0,0.43488372093023253,0.44892221180880976,443000.0,0,0,37,461.0
2714,170000.0,12.0,0.4220779627191293,1.0,1.0,260000.0,0.44040247678018574,0.4539823008849557,0.5069442053895509,0.44281793229643185,0.45890407585949666,0.3750074661878128,0.42117558521355203,1,0,2359000.0,0.45364536453645365,0.44892221180880976,434000.0,1,1,37,468.0
2715,2240000.0,19.0,0.4747378959928985,82.40884820747522,114.68688024408848,605344.4272445821,0.44040247678018574,0.4129263913824057,0.38083308316558756,0.45475113122171945,0.5031846524456339,0.3750074661878128,0.4278491036733748,1,0,17969000.0,0.43488372093023253,0.44892221180880976,4087000.0,1,0,34,430.0
2716,2470000.0,15.0,0.3928574872021717,0.0,0.0,3340000.0,0.468085106382978,0.4539823008849557,0.476615203163763,0.45475113122171945,0.43697478992002986,0.36975187045665187,0.4769970982233268,1,0,13595000.0,0.45364536453645365,0.39678284182305634,2012000.0,1,0,32,516.0
2717,210000.0,11.0,0.4581005575150995,0.0,0.0,605344.4272445821,0.44040247678018574,0.4539823008849557,0.5375745064065167,0.45045045045045046,0.493908884521716,0.49482456551750875,0.5009630346757856,1,0,10868000.0,0.4568764568764569,0.47386172006745364,1597000.0,1,0,37,501.0
2718,120000.0,10.0,0.45813033217197885,82.40884820747522,114.68688024408848,605344.4272445821,0.44040247678018574,0.4129263913824057,0.44545497076419477,0.44281793229643185,0.4511627906899892,0.4831631253007048,0.4653190175668822,0,1,1231000.0,0.43488372093023253,0.47386172006745364,162000.0,0,0,38,425.0
2719,1600000.0,14.0,0.4074136609653927,0.0,0.0,460000.0,0.44040247678018574,0.4129263913824057,0.4799991436755424,0.45475113122171945,0.3739186560656616,0.3965552694677991,0.4425020459775707,1,0,19631000.0,0.43488372093023253,0.44892221180880976,3411000.0,1,1,38,474.0
2720,230000.0,12.0,0.3971634082048179,0.0,0.0,0.0,0.44040247678018574,0.4539823008849557,0.3900197525554698,0.45475113122171945,0.414225941433284,0.5491139021556548,0.4994506452738054,0,0,3865000.0,0.43488372093023253,0.44892221180880976,519000.0,0,0,37,326.0
2721,1640000.0,3.0,0.4360903840722853,82.40884820747522,114.68688024408848,0.0,0.45774647887323944,0.4336917562724873,0.4956486747857908,0.45433255269320844,0.4468097890743483,0.36975187045665187,0.49197879045806026,0,0,9559000.0,0.43488372093023253,0.39678284182305634,1844000.0,0,0,31,372.0
2722,240000.0,12.0,0.35775698265868106,82.40884820747522,114.68688024408848,605344.4272445821,0.45774647887323944,0.4539823008849557,0.4485294151733482,0.45045045045045046,0.5031846524456339,0.46721243412305624,0.49057865436532944,0,1,1480000.0,0.4568764568764569,0.44892221180880976,196000.0,0,0,36,521.0
2723,180000.0,10.0,0.3971634082048179,0.0,0.0,0.0,0.44040247678018574,0.4336917562724873,0.470084171924464,0.45045045045045046,0.417393662751422,0.45331529430883266,0.5134854957775883,1,0,4993000.0,0.4568764568764569,0.39678284182305634,680000.0,1,0,37,627.0
2724,3540000.0,10.0,0.4747378959928985,115.0,0.0,380000.0,0.45774647887323944,0.4539823008849557,0.3900197525554698,0.44281793229643185,0.45890407585949666,0.5106758841242302,0.40582917672392776,0,0,26546000.0,0.4568764568764569,0.44892221180880976,3349000.0,0,0,38,466.89744512414535
2725,160000.0,14.0,0.4220779627191293,0.0,60.0,50000.0,0.45774647887323944,0.4539823008849557,0.5257384019435941,0.45475113122171945,0.4687495951044435,0.5071462083323844,0.31886873294614065,0,1,18125000.0,0.45364536453645365,0.44892221180880976,2175000.0,0,0,37,515.0
2726,160000.0,19.0,0.4615356204904945,82.40884820747522,114.68688024408848,0.0,0.468085106382978,0.4539823008849557,0.30013565669860115,0.44281793229643185,0.4230769551118841,0.4395681403885853,0.4014334059125707,0,0,800000.0,0.45364536453645365,0.45443645083932854,188000.0,0,0,36,737.0
2727,2160000.0,34.0,0.4906797478948485,0.0,0.0,0.0,0.45774647887323944,0.4539823008849557,0.4485294151733482,0.45045045045045046,0.4905583684264643,0.3965552694677991,0.5134854957775883,1,1,3561000.0,0.44758586022284785,0.44892221180880976,1758000.0,1,0,40,554.0
2728,240000.0,13.0,0.4747378959928985,0.0,7.0,210000.0,0.45774647887323944,0.4539823008849557,0.3900197525554698,0.45475113122171945,0.37758024313602523,0.5491139021556548,0.5023579265365139,0,1,6573000.0,0.45364536453645365,0.47386172006745364,1219000.0,0,0,32,442.0
2729,170000.0,10.0,0.471073469342046,0.0,0.0,0.0,0.468085106382978,0.4539823008849557,0.4459232804790396,0.44281793229643185,0.4687495951044435,0.3680899177448659,0.4425020459775707,0,0,1318000.0,0.4568764568764569,0.44892221180880976,247000.0,0,0,36,427.0
2730,200000.0,10.0,0.44387755113454985,0.0,0.0,0.0,0.45774647887323944,0.4694783573806881,0.44545497076419477,0.44281793229643185,0.34356713843530684,0.4444688960343153,0.4696533706380367,0,0,1434000.0,0.4568764568764569,0.39678284182305634,209000.0,0,0,36,369.0
2731,210000.0,14.0,0.5065614987246854,0.0,0.0,0.0,0.45774647887323944,0.4694783573806881,0.4956486747857908,0.44281793229643185,0.43697478992002986,0.4658901691183491,0.5233562461236126,0,0,2193000.0,0.4568764568764569,0.45443645083932854,310000.0,0,0,38,516.0
2732,170000.0,12.0,0.4844907454931315,0.0,0.0,0.0,0.45774647887323944,0.4539823008849557,0.5254093931718659,0.45475113122171945,0.46907216438869503,0.43679650911494705,0.4037095629016318,1,0,1903000.0,0.4568764568764569,0.44892221180880976,241000.0,1,0,37,399.0
2733,170000.0,18.0,0.4668770371178462,82.40884820747522,114.68688024408848,605344.4272445821,0.44040247678018574,0.4539823008849557,0.4956486747857908,0.45475113122171945,0.417393662751422,0.45192239757482366,0.5035331693654489,0,0,837000.0,0.45364536453645365,0.44892221180880976,171000.0,0,0,36,333.0
2734,90000.0,12.0,0.4220779627191293,0.0,0.0,0.0,0.45774647887323944,0.4129263913824057,0.5069442053895509,0.45475113122171945,0.46907216438869503,0.4757214900689184,0.4543800115079512,0,1,963000.0,0.43488372093023253,0.44892221180880976,105000.0,0,0,37,326.0
2735,5350000.0,17.0,0.3928574872021717,0.0,0.0,0.0,0.44040247678018574,0.4694783573806881,0.3900197525554698,0.44281793229643185,0.4511627906899892,0.3965552694677991,0.40571030945850584,0,1,29910000.0,0.45364536453645365,0.44892221180880976,5710000.0,0,1,34,567.0
2736,2840000.0,16.0,0.4581005575150995,13.0,13.0,830000.0,0.45774647887323944,0.4539823008849557,0.4214287402257545,0.44281793229643185,0.37758024313602523,0.49482456551750875,0.40201973495344345,0,1,35683000.0,0.4568764568764569,0.45443645083932854,2702000.0,0,0,36,519.0
2737,100000.0,10.0,0.5065614987246854,0.0,0.0,0.0,0.40000603415401237,0.4539823008849557,0.3900197525554698,0.45433255269320844,0.3739186560656616,0.49482456551750875,0.4696533706380367,0,0,941000.0,0.45364536453645365,0.45443645083932854,95000.0,0,0,36,353.0
2738,970000.0,18.0,0.4278491036733748,0.0,0.0,0.0,0.45774647887323944,0.4539823008849557,0.36271363783177113,0.45433255269320844,0.4905583684264643,0.4339650140059905,0.45745399554685107,1,1,4432000.0,0.45364536453645365,0.45443645083932854,950000.0,1,0,34,408.0
2739,230000.0,10.0,0.4747378959928985,0.0,0.0,10000.0,0.44040247678018574,0.4539823008849557,0.5159288114711631,0.44281793229643185,0.3739186560656616,0.3810650946770142,0.5157460113123283,0,0,2017000.0,0.4568764568764569,0.44892221180880976,222000.0,0,0,37,457.0
2740,190000.0,12.0,0.471073469342046,999.0,999.0,50000.0,0.44040247678018574,0.4694783573806881,0.43902472242345825,0.44281793229643185,0.4468097890743483,0.43679650911494705,0.49646711594687815,0,0,4247000.0,0.43488372093023253,0.47386172006745364,582000.0,0,0,36,367.0
2741,160000.0,15.0,0.4668770371178462,0.0,0.0,20000.0,0.44040247678018574,0.4539823008849557,0.5363528439845596,0.45475113122171945,0.4230769551118841,0.4757214900689184,0.6100509010581558,0,0,956000.0,0.4568764568764569,0.45443645083932854,208000.0,0,0,37,551.0
2742,190000.0,13.0,0.46341463401227523,0.0,0.0,0.0,0.44040247678018574,0.4694783573806881,0.5257384019435941,0.45475113122171945,0.417393662751422,0.5164278000280932,0.4769970982233268,0,1,2133000.0,0.45364536453645365,0.47386172006745364,401000.0,0,0,36,442.0
2743,160000.0,13.0,0.45885149198403496,0.0,0.0,0.0,0.44040247678018574,0.4539823008849557,0.3931036562142931,0.44281793229643185,0.43697478992002986,0.4339650140059905,0.41047292637935173,0,1,891000.0,0.43488372093023253,0.45443645083932854,210000.0,0,0,37,358.0
2744,210000.0,11.0,0.4074136609653927,0.0,0.0,0.0,0.44040247678018574,0.4539823008849557,0.3931036562142931,0.45475113122171945,0.44230917465915276,0.3721191346526487,0.4769970982233268,0,0,481000.0,0.45364536453645365,0.44892221180880976,862000.0,0,1,35,492.0
2745,160000.0,10.0,0.5628080317442733,82.40884820747522,114.68688024408848,605344.4272445821,0.468085106382978,0.4539823008849557,0.4799991436755424,0.44281793229643185,0.4511627906899892,0.4468949699527549,0.4037095629016318,0,0,1951000.0,0.43488372093023253,0.45443645083932854,311000.0,0,0,39,430.0
2746,3030000.0,14.0,0.35775698265868106,0.0,0.0,0.0,0.44040247678018574,0.4694783573806881,0.3971634082048179,0.45475113122171945,0.4511627906899892,0.5164278000280932,0.46016463299084465,0,0,16812000.0,0.43488372093023253,0.45443645083932854,2379000.0,0,0,39,392.0
2747,360000.0,11.0,0.4278491036733748,0.0,0.0,60000.0,0.44040247678018574,0.4129263913824057,0.470084171924464,0.44281793229643185,0.45864649596466484,0.36975187045665187,0.3156771054360342,0,1,2432000.0,0.4568764568764569,0.45443645083932854,372000.0,0,0,39,462.0
2748,1260000.0,4.0,0.4774317289223725,82.40884820747522,114.68688024408848,0.0,0.468085106382978,0.4694783573806881,0.3931036562142931,0.45475113122171945,0.34356713843530684,0.4444688960343153,0.5233562461236126,0,1,4654000.0,0.43488372093023253,0.44892221180880976,1879000.0,0,0,32,389.0
2749,190000.0,17.0,0.4906797478948485,110.0,0.0,0.0,0.45774647887323944,0.4694783573806881,0.470084171924464,0.44281793229643185,0.5031846524456339,0.46721243412305624,0.45745399554685107,0,0,1032000.0,0.43488372093023253,0.44892221180880976,240000.0,0,0,37,399.0
2750,170000.0,11.0,0.4581005575150995,0.0,0.0,0.0,0.44040247678018574,0.4539823008849557,0.3931036562142931,0.44281793229643185,0.5031846524456339,0.46721243412305624,0.4310500554013448,0,1,1834000.0,0.45364536453645365,0.47386172006745364,238000.0,0,0,35,602.0
2751,130000.0,12.0,0.44387755113454985,0.0,0.0,0.0,0.468085106382978,0.4694783573806881,0.4121240088339391,0.45475113122171945,0.43697478992002986,0.5171573620994421,0.4375202018743684,0,0,1105000.0,0.45364536453645365,0.44892221180880976,137000.0,0,0,36,341.0
2752,150000.0,16.0,0.4220779627191293,0.0,0.0,0.0,0.44040247678018574,0.4694783573806881,0.38083308316558756,0.44281793229643185,0.45890407585949666,0.4859069669135048,0.4014334059125707,1,0,276000.0,0.43488372093023253,0.47386172006745364,171000.0,1,1,36,695.0
2753,540000.0,17.0,0.4581005575150995,0.0,0.0,0.0,0.45774647887323944,0.4129263913824057,0.4268739712093834,0.45433255269320844,0.43096844666979034,0.40002703158873276,0.4270121893767379,0,1,2947000.0,0.45364536453645365,0.47386172006745364,587000.0,0,1,33,455.0
2754,3460000.0,24.0,0.4220779627191293,0.0,0.0,0.0,0.45774647887323944,0.4539823008849557,0.5375745064065167,0.44281793229643185,0.414225941433284,0.46365822718746796,0.44519311265006384,1,0,143530000.0,0.45364536453645365,0.44892221180880976,2951000.0,1,0,41,507.0
2755,1230000.0,15.0,0.45453917520963155,0.0,0.0,0.0,0.44040247678018574,0.4129263913824057,0.3971634082048179,0.45475113122171945,0.45864649596466484,0.46721243412305624,0.5057373501577225,1,1,9013000.0,0.4568764568764569,0.44892221180880976,1343000.0,1,1,34,466.89744512414535
2756,180000.0,15.0,0.3928574872021717,0.0,0.0,0.0,0.468085106382978,0.4694783573806881,0.5254093931718659,0.45433255269320844,0.414225941433284,0.37737165958551677,0.36641942856818427,0,1,1265000.0,0.45364536453645365,0.44892221180880976,234000.0,0,0,36,567.0
2757,180000.0,14.0,0.35775698265868106,0.0,0.0,0.0,0.44040247678018574,0.4539823008849557,0.36271363783177113,0.45045045045045046,0.4583333330136348,0.4339650140059905,0.44084111937285236,0,0,6017000.0,0.4568764568764569,0.39678284182305634,842000.0,0,0,37,372.0
2758,1490000.0,25.0,0.4375202018743684,0.0,0.0,0.0,0.44040247678018574,0.4694783573806881,0.4214287402257545,0.45045045045045046,0.46907216438869503,0.37737165958551677,0.4310500554013448,0,0,2339000.0,0.4568764568764569,0.47386172006745364,1803000.0,0,1,39,667.0
2759,190000.0,13.0,0.46341463401227523,0.0,0.0,0.0,0.44040247678018574,0.4129263913824057,0.4459232804790396,0.45475113122171945,0.44230917465915276,0.45677246944372973,0.45745399554685107,0,0,2296000.0,0.45364536453645365,0.45443645083932854,361000.0,0,0,37,437.0
2760,2820000.0,18.0,0.40004455157916113,82.40884820747522,114.68688024408848,0.0,0.44040247678018574,0.4129263913824057,0.5069442053895509,0.45475113122171945,0.4905583684264643,0.3965552694677991,0.4543800115079512,1,1,19421000.0,0.4568764568764569,0.45443645083932854,3978000.0,1,0,35,466.89744512414535
2761,550000.0,11.0,0.583862843505718,0.0,0.0,0.0,0.44040247678018574,0.4129263913824057,0.46428416000978534,0.45045045045045046,0.46907216438869503,0.36975187045665187,0.4505327389584535,0,0,4249000.0,0.4568764568764569,0.45443645083932854,593000.0,0,1,37,394.0
2762,190000.0,13.0,0.4844907454931315,0.0,0.0,0.0,0.45774647887323944,0.4539823008849557,0.4268739712093834,0.45475113122171945,0.37758024313602523,0.4658901691183491,0.5485893972844256,0,0,3230000.0,0.4568764568764569,0.45443645083932854,492000.0,0,0,38,379.0
2763,1920000.0,15.0,0.44387755113454985,0.0,0.0,0.0,0.44040247678018574,0.4539823008849557,0.4214287402257545,0.45475113122171945,0.417393662751422,0.3750074661878128,0.42220278660777283,0,0,11429000.0,0.43488372093023253,0.47386172006745364,1622000.0,0,1,34,502.0
2764,540000.0,12.0,0.4774317289223725,0.0,0.0,0.0,0.44040247678018574,0.4694783573806881,0.3442355460389141,0.45475113122171945,0.4905583684264643,0.40235614355016347,0.41047292637935173,0,0,21301000.0,0.45364536453645365,0.47386172006745364,2758000.0,0,0,36,499.0
2765,490000.0,14.0,0.4360903840722853,0.0,0.0,90000.0,0.45774647887323944,0.4539823008849557,0.4214287402257545,0.44281793229643185,0.4511627906899892,0.4321363669380822,0.5485893972844256,0,1,4095000.0,0.45364536453645365,0.44892221180880976,622000.0,0,1,35,548.0
2766,2440000.0,15.0,0.4498690306228219,0.0,0.0,910000.0,0.44040247678018574,0.4336917562724873,0.4956486747857908,0.45475113122171945,0.414225941433284,0.48068087923257147,0.5363489679286931,1,0,34429000.0,0.4568764568764569,0.44892221180880976,3306000.0,1,1,32,422.0
2767,170000.0,10.0,0.3928574872021717,965.0,323.0,4060000.0,0.44040247678018574,0.4539823008849557,0.3442355460389141,0.44281793229643185,0.4468097890743483,0.4658901691183491,0.44084111937285236,1,1,18044000.0,0.4568764568764569,0.44892221180880976,3535000.0,1,0,35,483.0
2768,3640000.0,19.0,0.45453917520963155,0.0,0.0,0.0,0.44040247678018574,0.4694783573806881,0.36271363783177113,0.44281793229643185,0.417393662751422,0.4339650140059905,0.3244469103797425,0,0,48716000.0,0.4568764568764569,0.45443645083932854,4862000.0,0,0,36,555.0
2769,290000.0,15.0,0.3971634082048179,0.0,0.0,0.0,0.44040247678018574,0.4539823008849557,0.470084171924464,0.45475113122171945,0.417393662751422,0.4831631253007048,0.4278491036733748,0,1,11800000.0,0.4568764568764569,0.47386172006745364,230000.0,0,1,33,769.0
2770,290000.0,14.0,0.4646406293882584,0.0,0.0,0.0,0.468085106382978,0.4694783573806881,0.30013565669860115,0.45045045045045046,0.414225941433284,0.37737165958551677,0.41047292637935173,0,0,1954000.0,0.43488372093023253,0.44892221180880976,314000.0,0,0,34,299.0
2771,540000.0,18.0,0.4646406293882584,0.0,0.0,230000.0,0.45774647887323944,0.4694783573806881,0.4485294151733482,0.44281793229643185,0.5031846524456339,0.46721243412305624,0.4332390300357073,0,0,3194000.0,0.45364536453645365,0.44892221180880976,620000.0,0,1,36,519.0
2772,220000.0,10.0,0.44387755113454985,0.0,0.0,605344.4272445821,0.45774647887323944,0.4539823008849557,0.4268739712093834,0.44281793229643185,0.4835606203192975,0.46365822718746796,0.40582917672392776,0,0,1907000.0,0.45364536453645365,0.45443645083932854,327000.0,0,0,40,519.0
2773,1190000.0,19.0,0.5628080317442733,225.0,225.0,190000.0,0.44040247678018574,0.4539823008849557,0.416387268320036,0.44281793229643185,0.4905583684264643,0.5217257015040757,0.5009630346757856,0,0,5194000.0,0.45364536453645365,0.44892221180880976,1335000.0,0,0,34,365.0
2774,730000.0,14.0,0.5065614987246854,82.40884820747522,114.68688024408848,605344.4272445821,0.44040247678018574,0.4539823008849557,0.470084171924464,0.45045045045045046,0.37758024313602523,0.48077782044892603,0.36719335159199484,0,0,12067000.0,0.4568764568764569,0.39678284182305634,1464000.0,0,1,37,701.0
2775,2450000.0,16.0,0.5065614987246854,82.40884820747522,114.68688024408848,0.0,0.45774647887323944,0.4336917562724873,0.3931036562142931,0.45045045045045046,0.45890407585949666,0.36975187045665187,0.4789986557881242,0,0,13433000.0,0.4568764568764569,0.44892221180880976,2541000.0,0,0,36,499.0
2776,1020000.0,18.0,0.4615356204904945,0.0,0.0,0.0,0.44040247678018574,0.4129263913824057,0.4415584526838991,0.45475113122171945,0.3739186560656616,0.4395681403885853,0.36719335159199484,0,0,7516000.0,0.45364536453645365,0.39678284182305634,1065000.0,0,1,35,431.0
2777,190000.0,14.0,0.4615356204904945,0.0,0.0,60000.0,0.45774647887323944,0.4694783573806881,0.476615203163763,0.45045045045045046,0.45864649596466484,0.4321363669380822,0.36641942856818427,1,0,8951000.0,0.43488372093023253,0.44892221180880976,1571000.0,1,0,37,480.0
2778,570000.0,12.0,0.44387755113454985,0.0,0.0,270000.0,0.45774647887323944,0.4129263913824057,0.46428416000978534,0.44281793229643185,0.4468097890743483,0.36975187045665187,0.3270423716835601,1,0,6598000.0,0.4568764568764569,0.44892221180880976,744000.0,1,0,37,324.0
2779,210000.0,13.0,0.5065614987246854,0.0,0.0,430000.0,0.44040247678018574,0.4694783573806881,0.3971634082048179,0.45475113122171945,0.45890407585949666,0.4658901691183491,0.5220031427533425,0,0,9570000.0,0.4568764568764569,0.45443645083932854,761000.0,0,0,37,449.0
2780,140000.0,3.0,0.5628080317442733,999.0,999.0,0.0,0.468085106382978,0.4539823008849557,0.38083308316558756,0.44281793229643185,0.4511627906899892,0.5164278000280932,0.4994506452738054,1,1,16825000.0,0.45364536453645365,0.45443645083932854,162000.0,1,1,40,461.0
2781,1530000.0,19.0,0.3971634082048179,0.0,0.0,0.0,0.44040247678018574,0.4539823008849557,0.3900197525554698,0.44281793229643185,0.414225941433284,0.46721243412305624,0.4270121893767379,0,0,8679000.0,0.4568764568764569,0.44892221180880976,1546000.0,0,1,32,634.0
2782,970000.0,13.0,0.4747378959928985,0.0,0.0,0.0,0.45774647887323944,0.4336917562724873,0.3931036562142931,0.45433255269320844,0.414225941433284,0.4658901691183491,0.5035331693654489,0,0,1623000.0,0.45364536453645365,0.44892221180880976,1027000.0,0,1,36,532.0
2783,2700000.0,14.0,0.4220779627191293,0.0,0.0,0.0,0.45774647887323944,0.4694783573806881,0.36271363783177113,0.44281793229643185,0.417393662751422,0.5491139021556548,0.4445473453127392,0,0,14822000.0,0.45364536453645365,0.45443645083932854,3043000.0,0,0,33,571.0
2784,210000.0,11.0,0.4774317289223725,21.0,30.0,790000.0,0.45774647887323944,0.4539823008849557,0.44545497076419477,0.44281793229643185,0.43697478992002986,0.3810650946770142,0.41047292637935173,0,0,8465000.0,0.43488372093023253,0.44892221180880976,1239000.0,0,0,37,509.0
2785,3460000.0,19.0,0.4581005575150995,139.0,139.0,430000.0,0.44040247678018574,0.4539823008849557,0.44545497076419477,0.45045045045045046,0.4583333330136348,0.3750074661878128,0.4543800115079512,0,0,41203000.0,0.43488372093023253,0.39678284182305634,4710000.0,0,1,35,651.0
2786,140000.0,11.0,0.471073469342046,0.0,0.0,450000.0,0.45774647887323944,0.4694783573806881,0.5165869667180779,0.45045045045045046,0.4905583684264643,0.379712180659019,0.5363489679286931,1,0,920000.0,0.43488372093023253,0.45443645083932854,128000.0,1,0,37,530.0
2787,200000.0,18.0,0.4906797478948485,772.0,772.0,50000.0,0.45774647887323944,0.4694783573806881,0.43902472242345825,0.44281793229643185,0.45890407585949666,0.4339650140059905,0.4278491036733748,0,0,1160000.0,0.45364536453645365,0.44892221180880976,270000.0,0,0,37,534.0
2788,5040000.0,19.0,0.4375202018743684,82.40884820747522,114.68688024408848,0.0,0.44040247678018574,0.4129263913824057,0.476615203163763,0.44281793229643185,0.44230917465915276,0.4444688960343153,0.40571030945850584,0,0,218955000.0,0.45364536453645365,0.45443645083932854,4423000.0,0,0,35,704.0
2789,4840000.0,18.0,0.4646406293882584,0.0,0.0,0.0,0.45774647887323944,0.4694783573806881,0.4415584526838991,0.45475113122171945,0.43697478992002986,0.5071462083323844,0.5247762159801056,0,0,58907000.0,0.4568764568764569,0.39678284182305634,5819000.0,0,0,34,452.0
2790,210000.0,11.0,0.4646406293882584,999.0,999.0,930000.0,0.45774647887323944,0.4694783573806881,0.4956486747857908,0.44281793229643185,0.4687495951044435,0.40002703158873276,0.4530944584075768,1,0,3307000.0,0.4568764568764569,0.39678284182305634,553000.0,1,0,36,440.0
2791,1130000.0,14.0,0.46341463401227523,0.0,0.0,230000.0,0.468085106382978,0.4694783573806881,0.43902472242345825,0.45475113122171945,0.43096844666979034,0.45331529430883266,0.36719335159199484,0,0,6296000.0,0.45364536453645365,0.39678284182305634,1331000.0,0,0,37,506.0
2792,210000.0,13.0,0.4220779627191293,0.0,0.0,0.0,0.45774647887323944,0.4539823008849557,0.3971634082048179,0.45045045045045046,0.37758024313602523,0.3721191346526487,0.379712180659019,0,1,1310000.0,0.43488372093023253,0.45443645083932854,236000.0,0,0,37,452.0
2793,130000.0,14.0,0.4581005575150995,0.0,0.0,605344.4272445821,0.44040247678018574,0.4129263913824057,0.4268739712093834,0.45433255269320844,0.4905583684264643,0.45331529430883266,0.5157460113123283,0,1,1020000.0,0.45364536453645365,0.47386172006745364,112000.0,0,0,38,466.0
2794,400000.0,2.0,0.4706709757445273,82.40884820747522,114.68688024408848,0.0,0.44040247678018574,0.4694783573806881,0.4799991436755424,0.45475113122171945,0.414225941433284,0.3721191346526487,0.47861847593310247,0,0,4831000.0,0.4568764568764569,0.44892221180880976,1061000.0,0,0,32,675.0
2795,190000.0,13.0,0.4360903840722853,0.0,0.0,0.0,0.44040247678018574,0.4129263913824057,0.5069442053895509,0.45475113122171945,0.43697478992002986,0.46721243412305624,0.41315158258670154,1,1,4076000.0,0.45364536453645365,0.47386172006745364,489000.0,1,0,36,405.0
2796,200000.0,11.0,0.46341463401227523,0.0,0.0,605344.4272445821,0.44040247678018574,0.4336917562724873,0.46428416000978534,0.45475113122171945,0.37758024313602523,0.3750074661878128,0.4332390300357073,0,1,3456000.0,0.44758586022284785,0.45443645083932854,505000.0,0,0,37,404.0
2797,180000.0,14.0,0.45885149198403496,0.0,0.0,0.0,0.40000603415401237,0.4129263913824057,0.4459232804790396,0.45475113122171945,0.45890407585949666,0.4130722746472325,0.5134854957775883,0,0,2107000.0,0.45364536453645365,0.44892221180880976,219000.0,0,0,37,526.0
2798,2540000.0,11.0,0.5628080317442733,0.0,0.0,1280000.0,0.45774647887323944,0.4694783573806881,0.43902472242345825,0.45433255269320844,0.5031846524456339,0.49482456551750875,0.4425020459775707,1,0,55793000.0,0.45364536453645365,0.45443645083932854,2694000.0,1,0,39,468.0
2799,4890000.0,16.0,0.43673114297615767,0.0,0.0,1110000.0,0.44040247678018574,0.4336917562724873,0.4445473453127392,0.45045045045045046,0.4905583684264643,0.3965552694677991,0.44519311265006384,0,0,29682000.0,0.45364536453645365,0.45443645083932854,4896000.0,0,0,36,709.0
2800,100000.0,12.0,0.471073469342046,0.0,0.0,0.0,0.468085106382978,0.4539823008849557,0.45200464380003236,0.44281793229643185,0.45890407585949666,0.4859069669135048,0.4425020459775707,0,0,782000.0,0.4568764568764569,0.45443645083932854,115000.0,0,0,37,418.0
2801,220000.0,13.0,0.4581005575150995,0.0,0.0,7330000.0,0.44040247678018574,0.4694783573806881,0.4214287402257545,0.44281793229643185,0.34356713843530684,0.49482456551750875,0.4789986557881242,0,0,2197000.0,0.45364536453645365,0.47386172006745364,283000.0,0,0,35,586.0
2802,3100000.0,9.0,0.4220779627191293,0.0,0.0,500000.0,0.44040247678018574,0.4539823008849557,0.4214287402257545,0.44281793229643185,0.43697478992002986,0.49482456551750875,0.4106715025408491,1,0,81172000.0,0.45364536453645365,0.44892221180880976,2985000.0,1,1,39,593.0
2803,170000.0,3.0,0.44387755113454985,0.0,0.0,0.0,0.45774647887323944,0.4694783573806881,0.43902472242345825,0.45045045045045046,0.45864649596466484,0.5164278000280932,0.4653190175668822,0,0,8722000.0,0.45364536453645365,0.45443645083932854,242000.0,0,1,40,365.0
2804,3190000.0,15.0,0.3928574872021717,0.0,0.0,1810000.0,0.45774647887323944,0.4539823008849557,0.4121240088339391,0.45433255269320844,0.4583333330136348,0.4339650140059905,0.39896986903151255,0,1,26387000.0,0.4568764568764569,0.44892221180880976,4452000.0,0,0,33,424.0
2805,2960000.0,18.0,0.35775698265868106,82.40884820747522,114.68688024408848,0.0,0.44040247678018574,0.4694783573806881,0.36271363783177113,0.45475113122171945,0.4511627906899892,0.5491139021556548,0.4545481381730755,0,0,108748000.0,0.45364536453645365,0.44892221180880976,3877000.0,0,1,36,512.0
2806,3490000.0,19.0,0.4498690306228219,0.0,0.0,490000.0,0.44040247678018574,0.4694783573806881,0.5069442053895509,0.45433255269320844,0.45864649596466484,0.46365822718746796,0.4545481381730755,0,1,43908000.0,0.43488372093023253,0.44892221180880976,4712000.0,0,0,34,561.0
2807,1060000.0,14.0,0.4706709757445273,0.0,0.0,0.0,0.45774647887323944,0.4129263913824057,0.4485294151733482,0.45045045045045046,0.45864649596466484,0.40002703158873276,0.5247762159801056,0,0,3628000.0,0.43488372093023253,0.44892221180880976,1151000.0,0,0,36,604.0
2808,190000.0,10.0,0.3928574872021717,0.0,0.0,0.0,0.40000603415401237,0.4539823008849557,0.43902472242345825,0.45433255269320844,0.44230917465915276,0.45192239757482366,0.41240204586511464,0,1,2106000.0,0.4568764568764569,0.39678284182305634,325000.0,0,0,37,312.0
2809,120000.0,14.0,0.4074136609653927,0.0,0.0,605344.4272445821,0.45774647887323944,0.4694783573806881,0.3971634082048179,0.45475113122171945,0.44230917465915276,0.4757214900689184,0.41047292637935173,0,1,1090000.0,0.4568764568764569,0.47386172006745364,112000.0,0,0,38,571.0
2810,190000.0,12.0,0.35775698265868106,0.0,0.0,0.0,0.468085106382978,0.4336917562724873,0.4415584526838991,0.45433255269320844,0.4583333330136348,0.45331529430883266,0.42117558521355203,1,1,1822000.0,0.45364536453645365,0.44892221180880976,266000.0,1,0,36,414.0
2811,90000.0,13.0,0.3971634082048179,0.0,0.0,0.0,0.40000603415401237,0.4694783573806881,0.4799991436755424,0.44281793229643185,0.45890407585949666,0.5183627257078485,0.46016463299084465,1,1,2013000.0,0.45364536453645365,0.45443645083932854,438000.0,1,1,40,369.0
2812,1000000.0,10.0,0.4615356204904945,0.0,0.0,30000.0,0.44040247678018574,0.4694783573806881,0.3971634082048179,0.45045045045045046,0.45864649596466484,0.5164278000280932,0.4106715025408491,1,1,7350000.0,0.45364536453645365,0.39678284182305634,1200000.0,1,0,39,547.0
2813,230000.0,13.0,0.3928574872021717,1129.0,1129.0,220000.0,0.468085106382978,0.4129263913824057,0.476615203163763,0.45045045045045046,0.4468097890743483,0.4757214900689184,0.40571030945850584,0,1,3406000.0,0.45364536453645365,0.45443645083932854,506000.0,0,0,36,394.0
2814,160000.0,12.0,0.44387755113454985,82.40884820747522,114.68688024408848,605344.4272445821,0.45774647887323944,0.4539823008849557,0.4214287402257545,0.45475113122171945,0.493908884521716,0.3965552694677991,0.5233562461236126,0,0,1318000.0,0.45364536453645365,0.47386172006745364,180000.0,0,1,38,386.0
2815,1130000.0,19.0,0.46341463401227523,0.0,0.0,0.0,0.468085106382978,0.4539823008849557,0.4956486747857908,0.45433255269320844,0.417393662751422,0.45192239757482366,0.46016463299084465,0,0,11347000.0,0.45364536453645365,0.44892221180880976,2469000.0,0,0,36,401.0
2816,170000.0,14.0,0.44387755113454985,817.0,817.0,80000.0,0.44040247678018574,0.4539823008849557,0.5159288114711631,0.45475113122171945,0.5031846524456339,0.3810650946770142,0.5009630346757856,0,0,13001000.0,0.43488372093023253,0.45443645083932854,1296000.0,0,0,36,466.89744512414535
2817,3190000.0,11.0,0.44387755113454985,27.0,30.0,3570000.0,0.44040247678018574,0.4129263913824057,0.41581515781000167,0.44281793229643185,0.46907216438869503,0.4757214900689184,0.5035331693654489,1,0,39871000.0,0.4568764568764569,0.47386172006745364,3061000.0,1,0,38,596.0
2818,520000.0,19.0,0.5065614987246854,0.0,0.0,0.0,0.44040247678018574,0.4694783573806881,0.5363528439845596,0.45433255269320844,0.4835606203192975,0.4339650140059905,0.348329989309645,0,0,2206000.0,0.4568764568764569,0.47386172006745364,560000.0,0,1,36,593.0
2819,220000.0,34.0,0.45453917520963155,96.0,97.0,2090000.0,0.45774647887323944,0.4129263913824057,0.3971634082048179,0.45045045045045046,0.5606727833398578,0.5164278000280932,0.490206851056817,1,1,1260000.0,0.43488372093023253,0.44892221180880976,240000.0,1,0,40,588.0
2820,240000.0,10.0,0.3971634082048179,0.0,0.0,0.0,0.45774647887323944,0.4336917562724873,0.3442355460389141,0.45433255269320844,0.4604834864076457,0.5164278000280932,0.4014334059125707,1,1,60000.0,0.4568764568764569,0.39678284182305634,473000.0,1,1,38,441.0
2821,90000.0,14.0,0.4844907454931315,0.0,0.0,0.0,0.44040247678018574,0.4539823008849557,0.5375745064065167,0.45433255269320844,0.414225941433284,0.4444688960343153,0.490206851056817,0,0,765000.0,0.4568764568764569,0.47386172006745364,127000.0,0,1,36,344.0
2822,450000.0,18.0,0.3928574872021717,0.0,0.0,0.0,0.45774647887323944,0.4129263913824057,0.44545497076419477,0.45433255269320844,0.414225941433284,0.43679650911494705,0.5134854957775883,0,1,1830000.0,0.43488372093023253,0.45443645083932854,485000.0,0,1,37,371.0
2823,780000.0,13.0,0.4747378959928985,82.40884820747522,114.68688024408848,605344.4272445821,0.468085106382978,0.4539823008849557,0.30013565669860115,0.45475113122171945,0.4230769551118841,0.48068087923257147,0.36576674063800674,1,0,5057000.0,0.4568764568764569,0.39678284182305634,616000.0,1,0,38,495.0
2824,180000.0,18.0,0.46341463401227523,0.0,0.0,0.0,0.44040247678018574,0.4694783573806881,0.4485294151733482,0.44281793229643185,0.4230769551118841,0.531814720884261,0.44084111937285236,0,1,814000.0,0.43488372093023253,0.44892221180880976,170000.0,0,0,37,705.0
2825,1750000.0,14.0,0.4360903840722853,0.0,0.0,0.0,0.45774647887323944,0.4539823008849557,0.30013565669860115,0.45045045045045046,0.4687495951044435,0.46721243412305624,0.4606736933325396,0,1,22171000.0,0.43488372093023253,0.45443645083932854,3030000.0,0,0,37,466.89744512414535
2826,390000.0,19.0,0.46341463401227523,0.0,0.0,60000.0,0.45774647887323944,0.4539823008849557,0.4415584526838991,0.45433255269320844,0.45890407585949666,0.40235614355016347,0.40582917672392776,0,1,2098000.0,0.45364536453645365,0.44892221180880976,453000.0,0,0,35,497.0
2827,970000.0,13.0,0.3892717187010617,27.0,30.0,160000.0,0.45774647887323944,0.4336917562724873,0.36271363783177113,0.45475113122171945,0.4905583684264643,0.40002703158873276,0.469407833203183,0,0,5163000.0,0.4568764568764569,0.39678284182305634,953000.0,0,1,34,466.89744512414535
2828,2560000.0,36.0,0.3928574872021717,853.0,853.0,1700000.0,0.45774647887323944,0.4694783573806881,0.4214287402257545,0.44281793229643185,0.4230769551118841,0.49482456551750875,0.4545481381730755,0,0,66685000.0,0.45364536453645365,0.45443645083932854,3510000.0,0,0,39,310.0
2829,190000.0,12.0,0.3971634082048179,0.0,0.0,50000.0,0.44040247678018574,0.4336917562724873,0.43902472242345825,0.44281793229643185,0.4604834864076457,0.5071462083323844,0.6100509010581558,0,1,1957000.0,0.45364536453645365,0.44892221180880976,335000.0,0,0,39,465.0
2830,160000.0,14.0,0.3928574872021717,0.0,0.0,110000.0,0.45774647887323944,0.4539823008849557,0.41581515781000167,0.45433255269320844,0.417393662751422,0.45192239757482366,0.4014334059125707,0,0,322000.0,0.4568764568764569,0.45443645083932854,181000.0,0,1,37,347.0
2831,240000.0,12.0,0.4581005575150995,0.0,0.0,0.0,0.44040247678018574,0.4694783573806881,0.4799991436755424,0.44281793229643185,0.44230917465915276,0.5176283236840944,0.4653190175668822,0,1,1855000.0,0.45364536453645365,0.45443645083932854,192000.0,0,1,37,341.0
2832,1660000.0,17.0,0.4615356204904945,0.0,0.0,0.0,0.468085106382978,0.4539823008849557,0.3971634082048179,0.44281793229643185,0.44230917465915276,0.43679650911494705,0.5485893972844256,0,1,5506000.0,0.4568764568764569,0.44892221180880976,1733000.0,0,1,34,612.0
2833,190000.0,12.0,0.4074136609653927,975.0,975.0,480000.0,0.44040247678018574,0.4694783573806881,0.4956486747857908,0.44281793229643185,0.4583333330136348,0.4339650140059905,0.45989425850057764,1,1,3818000.0,0.43488372093023253,0.44892221180880976,613000.0,1,0,37,466.89744512414535
2834,1730000.0,11.0,0.4498690306228219,805.0,805.0,1640000.0,0.45774647887323944,0.4129263913824057,0.5375745064065167,0.45475113122171945,0.414225941433284,0.46721243412305624,0.5485893972844256,1,0,10872000.0,0.43488372093023253,0.47386172006745364,1776000.0,1,0,37,420.0
2835,1540000.0,3.0,0.4844907454931315,0.0,0.0,0.0,0.44040247678018574,0.4539823008849557,0.5069442053895509,0.45433255269320844,0.4230769551118841,0.4321363669380822,0.379712180659019,0,1,10688000.0,0.4568764568764569,0.45443645083932854,1912000.0,0,1,33,317.0
2836,3750000.0,17.0,0.4774317289223725,0.0,0.0,0.0,0.45774647887323944,0.4539823008849557,0.43902472242345825,0.44281793229643185,0.4687495951044435,0.5164278000280932,0.43179497331840055,1,1,14019000.0,0.4568764568764569,0.45443645083932854,2708000.0,1,0,35,466.89744512414535
2837,1860000.0,14.0,0.3971634082048179,0.0,0.0,0.0,0.44040247678018574,0.4539823008849557,0.4799991436755424,0.45433255269320844,0.46907216438869503,0.36975187045665187,0.4653190175668822,0,0,16423000.0,0.43488372093023253,0.45443645083932854,2756000.0,0,0,35,336.0
2838,240000.0,3.0,0.4706709757445273,0.0,0.0,0.0,0.44040247678018574,0.4539823008849557,0.41581515781000167,0.45475113122171945,0.46907216438869503,0.5171573620994421,0.5602211136196202,0,0,4453000.0,0.45364536453645365,0.47386172006745364,194000.0,0,1,41,493.0
2839,5100000.0,19.0,0.4906797478948485,0.0,0.0,0.0,0.45774647887323944,0.4694783573806881,0.5257384019435941,0.45433255269320844,0.4687495951044435,0.4859069669135048,0.4994506452738054,0,0,202815000.0,0.45364536453645365,0.39678284182305634,4823000.0,0,1,36,362.0
2840,3200000.0,13.0,0.4498690306228219,0.0,0.0,0.0,0.45774647887323944,0.4694783573806881,0.36271363783177113,0.45433255269320844,0.45890407585949666,0.3680899177448659,0.40571030945850584,1,0,50778000.0,0.43488372093023253,0.44892221180880976,2406000.0,1,0,37,722.0
2841,180000.0,11.0,0.471073469342046,0.0,0.0,0.0,0.44040247678018574,0.4129263913824057,0.3900197525554698,0.44281793229643185,0.45864649596466484,0.37737165958551677,0.5485893972844256,0,1,1188000.0,0.45364536453645365,0.47386172006745364,192000.0,0,0,37,592.0
2842,210000.0,11.0,0.4906797478948485,0.0,0.0,0.0,0.44040247678018574,0.4336917562724873,0.43902472242345825,0.44281793229643185,0.43697478992002986,0.4321363669380822,0.47861847593310247,0,0,994000.0,0.4568764568764569,0.44892221180880976,165000.0,0,1,36,412.0
2843,2670000.0,15.0,0.49269077310150705,0.0,0.0,1290000.0,0.44040247678018574,0.4539823008849557,0.45782858909969404,0.45475113122171945,0.4230769551118841,0.3810650946770142,0.6100509010581558,0,1,19706000.0,0.4568764568764569,0.45443645083932854,4235000.0,0,0,36,466.89744512414535
2844,230000.0,12.0,0.4360903840722853,0.0,0.0,0.0,0.45774647887323944,0.4539823008849557,0.4485294151733482,0.44281793229643185,0.414225941433284,0.3750074661878128,0.3244469103797425,1,0,11581000.0,0.45364536453645365,0.45443645083932854,1826000.0,1,0,36,356.0
2845,1510000.0,15.0,0.4581005575150995,0.0,0.0,0.0,0.44040247678018574,0.4336917562724873,0.470084171924464,0.45045045045045046,0.414225941433284,0.40002703158873276,0.3244469103797425,0,0,1883000.0,0.4568764568764569,0.47386172006745364,1452000.0,0,1,35,576.0
2846,150000.0,11.0,0.4581005575150995,116.0,116.0,40000.0,0.44040247678018574,0.4694783573806881,0.5254093931718659,0.44281793229643185,0.4230769551118841,0.45677246944372973,0.5363489679286931,0,0,2308000.0,0.43488372093023253,0.44892221180880976,347000.0,0,0,37,732.0
2847,3270000.0,16.0,0.45885149198403496,82.40884820747522,114.68688024408848,605344.4272445821,0.45774647887323944,0.4694783573806881,0.3900197525554698,0.44281793229643185,0.4687495951044435,0.5164278000280932,0.45989425850057764,1,1,122222000.0,0.45364536453645365,0.47386172006745364,3466000.0,1,0,36,512.0
2848,190000.0,17.0,0.4646406293882584,0.0,0.0,0.0,0.44040247678018574,0.4539823008849557,0.38083308316558756,0.45045045045045046,0.46907216438869503,0.45192239757482366,0.46016463299084465,0,0,1165000.0,0.4568764568764569,0.47386172006745364,236000.0,0,0,36,468.0
2849,170000.0,13.0,0.49269077310150705,1560.0,1560.0,580000.0,0.44040247678018574,0.4539823008849557,0.43902472242345825,0.44281793229643185,0.417393662751422,0.36975187045665187,0.5220031427533425,1,0,4899000.0,0.4568764568764569,0.45443645083932854,474000.0,1,0,38,548.0
2850,200000.0,16.0,0.46341463401227523,0.0,0.0,0.0,0.44040247678018574,0.4694783573806881,0.5069442053895509,0.45475113122171945,0.37758024313602523,0.46365822718746796,0.31886873294614065,1,0,1625000.0,0.43488372093023253,0.45443645083932854,260000.0,1,1,37,581.0
2851,110000.0,11.0,0.4498690306228219,0.0,316.0,30000.0,0.44040247678018574,0.4129263913824057,0.46428416000978534,0.44281793229643185,0.43096844666979034,0.48068087923257147,0.46016463299084465,0,1,1039000.0,0.45364536453645365,0.44892221180880976,98000.0,0,0,36,553.0
2852,2550000.0,18.0,0.4646406293882584,0.0,0.0,0.0,0.44040247678018574,0.4539823008849557,0.470084171924464,0.44281793229643185,0.45864649596466484,0.5071462083323844,0.49646711594687815,1,0,10600000.0,0.4568764568764569,0.44892221180880976,2785000.0,1,0,37,624.0
2853,100000.0,11.0,0.4774317289223725,136.0,150.0,70000.0,0.468085106382978,0.4129263913824057,0.4268739712093834,0.45433255269320844,0.34356713843530684,0.3965552694677991,0.423941142391273,0,0,974000.0,0.43488372093023253,0.44892221180880976,95000.0,0,1,36,360.0
2854,460000.0,12.0,0.4360903840722853,0.0,0.0,0.0,0.44040247678018574,0.4539823008849557,0.38083308316558756,0.45045045045045046,0.45890407585949666,0.5164278000280932,0.5363323525802142,0,0,2685000.0,0.45364536453645365,0.44892221180880976,440000.0,0,1,37,413.0
2855,480000.0,3.0,0.3971634082048179,82.40884820747522,114.68688024408848,0.0,0.44040247678018574,0.4539823008849557,0.5254093931718659,0.45475113122171945,0.4230769551118841,0.43679650911494705,0.47861847593310247,0,0,3257000.0,0.4568764568764569,0.47386172006745364,615000.0,0,1,31,328.0
2856,3080000.0,16.0,0.5065614987246854,0.0,0.0,0.0,0.45774647887323944,0.4694783573806881,0.5254093931718659,0.45475113122171945,0.44230917465915276,0.45192239757482366,0.43179497331840055,0,0,20778000.0,0.43488372093023253,0.45443645083932854,3350000.0,0,0,34,508.0
2857,170000.0,13.0,0.4668770371178462,0.0,0.0,110000.0,0.44040247678018574,0.4694783573806881,0.30013565669860115,0.45475113122171945,0.46907216438869503,0.531814720884261,0.39896986903151255,1,0,4952000.0,0.4568764568764569,0.39678284182305634,693000.0,1,0,38,434.0
2858,130000.0,12.0,0.3928574872021717,0.0,0.0,0.0,0.45774647887323944,0.4694783573806881,0.36271363783177113,0.45045045045045046,0.4583333330136348,0.3810650946770142,0.5233562461236126,1,0,3505000.0,0.45364536453645365,0.44892221180880976,517000.0,1,0,37,535.0
2859,2570000.0,14.0,0.45885149198403496,0.0,0.0,0.0,0.45774647887323944,0.4539823008849557,0.44545497076419477,0.44281793229643185,0.34356713843530684,0.5164278000280932,0.45200464380003236,0,0,2880000.0,0.45364536453645365,0.44892221180880976,4511000.0,0,1,37,399.0
2860,150000.0,10.0,0.4498690306228219,0.0,0.0,20000.0,0.44040247678018574,0.4129263913824057,0.5056772402445142,0.45433255269320844,0.417393662751422,0.46721243412305624,0.3156771054360342,1,0,4052000.0,0.45364536453645365,0.39678284182305634,118000.0,1,1,37,423.0
2861,220000.0,14.0,0.3971634082048179,0.0,0.0,0.0,0.44040247678018574,0.4129263913824057,0.5056772402445142,0.45475113122171945,0.5063919873437158,0.4859069669135048,0.4606736933325396,0,0,982000.0,0.4568764568764569,0.45443645083932854,173000.0,0,0,37,304.0
2862,4170000.0,18.0,0.40004455157916113,0.0,0.0,0.0,0.45774647887323944,0.4129263913824057,0.4459232804790396,0.45475113122171945,0.4583333330136348,0.45192239757482366,0.5157460113123283,0,0,19346000.0,0.4568764568764569,0.44892221180880976,4614000.0,0,1,35,536.0
2863,230000.0,13.0,0.45885149198403496,124.0,124.0,50000.0,0.468085106382978,0.4539823008849557,0.3900197525554698,0.44281793229643185,0.414225941433284,0.5176283236840944,0.4696533706380367,0,1,12296000.0,0.4568764568764569,0.44892221180880976,1683000.0,0,0,38,718.0
2864,180000.0,13.0,0.4074136609653927,0.0,0.0,10000.0,0.44040247678018574,0.4694783573806881,0.4505327389584535,0.45433255269320844,0.4604834864076457,0.5164278000280932,0.41047292637935173,0,1,4842000.0,0.45364536453645365,0.44892221180880976,623000.0,0,0,38,444.0
2865,3490000.0,23.0,0.45885149198403496,0.0,10.0,520000.0,0.44040247678018574,0.4694783573806881,0.5056772402445142,0.44281793229643185,0.4511627906899892,0.5171573620994421,0.5233562461236126,0,0,23473000.0,0.45364536453645365,0.47386172006745364,2968000.0,0,1,41,567.0
2866,2540000.0,36.0,0.44387755113454985,0.0,0.0,0.0,0.44040247678018574,0.4539823008849557,0.3971634082048179,0.45433255269320844,0.5063919873437158,0.3721191346526487,0.40571030945850584,0,0,59062000.0,0.45364536453645365,0.47386172006745364,3188000.0,0,0,41,463.0
2867,240000.0,22.0,0.5628080317442733,0.0,0.0,0.0,0.45774647887323944,0.4539823008849557,0.4268739712093834,0.45045045045045046,0.43697478992002986,0.36975187045665187,0.4270121893767379,0,1,804000.0,0.45364536453645365,0.45443645083932854,261000.0,0,0,41,588.0
2868,170000.0,3.0,0.4646406293882584,0.0,0.0,605344.4272445821,0.45774647887323944,0.4539823008849557,0.4799991436755424,0.44281793229643185,0.43697478992002986,0.3965552694677991,0.5582615046868826,0,0,2153000.0,0.4568764568764569,0.44892221180880976,432000.0,0,0,39,784.0
2869,200000.0,11.0,0.5628080317442733,0.0,0.0,0.0,0.45774647887323944,0.4539823008849557,0.3442355460389141,0.45045045045045046,0.4835606203192975,0.5176283236840944,0.5363489679286931,0,1,1120000.0,0.43488372093023253,0.45443645083932854,174000.0,0,0,36,696.0
2870,170000.0,14.0,0.40004455157916113,0.0,0.0,0.0,0.44040247678018574,0.4694783573806881,0.4956486747857908,0.44281793229643185,0.3739186560656616,0.3965552694677991,0.44084111937285236,0,0,1267000.0,0.43488372093023253,0.44892221180880976,304000.0,0,0,36,510.0
2871,110000.0,18.0,0.4747378959928985,335.0,335.0,30000.0,0.45774647887323944,0.4129263913824057,0.4799991436755424,0.44281793229643185,0.4468097890743483,0.4339650140059905,0.36719335159199484,0,1,1007000.0,0.45364536453645365,0.47386172006745364,102000.0,0,0,36,377.0
2872,280000.0,13.0,0.4646406293882584,0.0,0.0,0.0,0.45774647887323944,0.4539823008849557,0.4956486747857908,0.44281793229643185,0.4230769551118841,0.37737165958551677,0.518598179506269,1,0,6215000.0,0.4568764568764569,0.45443645083932854,780000.0,1,1,37,546.0
2873,170000.0,13.0,0.4906797478948485,774.0,774.0,380000.0,0.45774647887323944,0.4129263913824057,0.5159288114711631,0.45045045045045046,0.37758024313602523,0.3810650946770142,0.37192363309077975,0,0,2852000.0,0.45364536453645365,0.39678284182305634,327000.0,0,0,36,404.0
2874,130000.0,10.0,0.43673114297615767,0.0,0.0,0.0,0.44040247678018574,0.4539823008849557,0.30013565669860115,0.45433255269320844,0.45890407585949666,0.48068087923257147,0.4106715025408491,0,0,846000.0,0.4568764568764569,0.47386172006745364,111000.0,0,0,38,429.0
2875,200000.0,14.0,0.4747378959928985,0.0,0.0,0.0,0.45774647887323944,0.4129263913824057,0.4214287402257545,0.44281793229643185,0.5606727833398578,0.4395681403885853,0.42220278660777283,0,0,2266000.0,0.4568764568764569,0.44892221180880976,307000.0,0,0,38,314.0
2876,200000.0,10.0,0.46341463401227523,82.40884820747522,114.68688024408848,605344.4272445821,0.44040247678018574,0.4539823008849557,0.3931036562142931,0.45433255269320844,0.417393662751422,0.5164278000280932,0.4375202018743684,0,0,23812000.0,0.4568764568764569,0.39678284182305634,2762000.0,0,0,37,436.0
2877,160000.0,17.0,0.4360903840722853,0.0,0.0,0.0,0.45774647887323944,0.4694783573806881,0.5363528439845596,0.44281793229643185,0.4583333330136348,0.4757214900689184,0.5157460113123283,1,0,14540000.0,0.45364536453645365,0.47386172006745364,215000.0,1,1,36,405.0
2878,170000.0,4.0,0.4220779627191293,91.0,91.0,0.0,0.44040247678018574,0.4694783573806881,0.5257384019435941,0.45433255269320844,0.45890407585949666,0.4130722746472325,0.5009630346757856,0,0,798000.0,0.4568764568764569,0.44892221180880976,1694000.0,0,1,38,431.0
2879,210000.0,11.0,0.4906797478948485,0.0,0.0,0.0,0.44040247678018574,0.4336917562724873,0.43902472242345825,0.44281793229643185,0.43697478992002986,0.4321363669380822,0.47861847593310247,0,0,994000.0,0.4568764568764569,0.44892221180880976,165000.0,0,1,36,412.0
2880,1810000.0,17.0,0.4498690306228219,0.0,30.0,1800000.0,0.45774647887323944,0.4129263913824057,0.4485294151733482,0.45045045045045046,0.45864649596466484,0.45331529430883266,0.4653190175668822,1,0,20173000.0,0.43488372093023253,0.45443645083932854,3793000.0,1,0,36,510.0
2881,200000.0,15.0,0.46341463401227523,0.0,0.0,0.0,0.45774647887323944,0.4694783573806881,0.4485294151733482,0.45475113122171945,0.4604834864076457,0.3965552694677991,0.3270423716835601,0,0,1011000.0,0.4568764568764569,0.47386172006745364,231000.0,0,0,35,327.0
2882,190000.0,11.0,0.4906797478948485,0.0,0.0,605344.4272445821,0.40000603415401237,0.4694783573806881,0.4268739712093834,0.45433255269320844,0.5031846524456339,0.45677246944372973,0.423941142391273,0,1,2032000.0,0.4568764568764569,0.45443645083932854,293000.0,0,0,41,335.0
2883,170000.0,12.0,0.4747378959928985,0.0,0.0,605344.4272445821,0.45774647887323944,0.4694783573806881,0.3971634082048179,0.45475113122171945,0.3541279498012266,0.5183627257078485,0.4270121893767379,0,0,1198000.0,0.43488372093023253,0.47386172006745364,144000.0,0,0,38,367.0
2884,190000.0,15.0,0.4360903840722853,0.0,0.0,30000.0,0.468085106382978,0.4129263913824057,0.30013565669860115,0.45475113122171945,0.493908884521716,0.4658901691183491,0.4375202018743684,0,0,796000.0,0.45364536453645365,0.44892221180880976,192000.0,0,0,37,314.0
2885,150000.0,10.0,0.4581005575150995,0.0,0.0,0.0,0.45774647887323944,0.4694783573806881,0.48253847709585634,0.44281793229643185,0.43697478992002986,0.5183627257078485,0.37192363309077975,0,0,1058000.0,0.43488372093023253,0.44892221180880976,146000.0,0,0,37,469.0
2886,130000.0,16.0,0.49269077310150705,0.0,0.0,0.0,0.45774647887323944,0.4129263913824057,0.470084171924464,0.45433255269320844,0.5031846524456339,0.46721243412305624,0.4653190175668822,0,1,712000.0,0.44758586022284785,0.44892221180880976,123000.0,0,0,35,345.0
2887,220000.0,16.0,0.46341463401227523,0.0,0.0,90000.0,0.468085106382978,0.4539823008849557,0.45200464380003236,0.45475113122171945,0.414225941433284,0.49482456551750875,0.44519311265006384,0,0,892000.0,0.45364536453645365,0.39678284182305634,175000.0,0,0,36,793.0
2888,180000.0,14.0,0.35775698265868106,0.0,0.0,0.0,0.45774647887323944,0.4694783573806881,0.4799991436755424,0.45475113122171945,0.45890407585949666,0.4395681403885853,0.4037095629016318,0,0,3090000.0,0.45364536453645365,0.39678284182305634,387000.0,0,0,36,525.0
2889,190000.0,13.0,0.46341463401227523,0.0,0.0,0.0,0.44040247678018574,0.4694783573806881,0.5257384019435941,0.45475113122171945,0.417393662751422,0.5164278000280932,0.4769970982233268,0,1,2133000.0,0.45364536453645365,0.47386172006745364,401000.0,0,0,36,442.0
2890,170000.0,11.0,0.4615356204904945,0.0,0.0,90000.0,0.45774647887323944,0.4129263913824057,0.5069442053895509,0.44281793229643185,0.43697478992002986,0.45192239757482366,0.41047292637935173,0,0,4327000.0,0.43488372093023253,0.47386172006745364,683000.0,0,0,39,491.0
2891,210000.0,3.0,0.4844907454931315,0.0,0.0,0.0,0.45774647887323944,0.4539823008849557,0.470084171924464,0.44281793229643185,0.4468097890743483,0.5164278000280932,0.4696533706380367,0,0,8065000.0,0.43488372093023253,0.45443645083932854,853000.0,0,1,40,407.0
2892,150000.0,14.0,0.4615356204904945,0.0,0.0,605344.4272445821,0.468085106382978,0.4539823008849557,0.4799991436755424,0.45045045045045046,0.4511627906899892,0.5183627257078485,0.423941142391273,0,0,2687000.0,0.45364536453645365,0.45443645083932854,369000.0,0,1,38,328.0
2893,210000.0,3.0,0.3971634082048179,0.0,0.0,0.0,0.44040247678018574,0.4129263913824057,0.3442355460389141,0.45045045045045046,0.37758024313602523,0.5176283236840944,0.4696533706380367,0,0,1847000.0,0.45364536453645365,0.44892221180880976,475000.0,0,0,40,351.0
2894,190000.0,19.0,0.4906797478948485,0.0,0.0,60000.0,0.45774647887323944,0.4694783573806881,0.4415584526838991,0.45045045045045046,0.37758024313602523,0.5171573620994421,0.39551727687191446,0,0,2160000.0,0.45364536453645365,0.44892221180880976,264000.0,0,0,37,530.0
2895,100000.0,14.0,0.44387755113454985,0.0,0.0,0.0,0.468085106382978,0.4694783573806881,0.4799991436755424,0.45433255269320844,0.414225941433284,0.46721243412305624,0.4543800115079512,0,1,680000.0,0.4568764568764569,0.45443645083932854,103000.0,0,0,37,588.0
2896,4240000.0,15.0,0.45453917520963155,0.0,0.0,450000.0,0.44040247678018574,0.4336917562724873,0.3931036562142931,0.45475113122171945,0.37758024313602523,0.4757214900689184,0.42220278660777283,0,0,31215000.0,0.4568764568764569,0.44892221180880976,4347000.0,0,1,36,496.0
2897,170000.0,13.0,0.49269077310150705,0.0,0.0,30000.0,0.45774647887323944,0.4539823008849557,0.3931036562142931,0.45045045045045046,0.4687495951044435,0.5164278000280932,0.42220278660777283,0,0,2962000.0,0.45364536453645365,0.44892221180880976,400000.0,0,0,39,512.0
2898,90000.0,11.0,0.5065614987246854,0.0,30.0,10000.0,0.44040247678018574,0.4336917562724873,0.470084171924464,0.44281793229643185,0.45864649596466484,0.5217257015040757,0.5363489679286931,0,0,1785000.0,0.4568764568764569,0.44892221180880976,276000.0,0,0,37,315.0
2899,200000.0,11.0,0.4498690306228219,444.0,444.0,1280000.0,0.44040247678018574,0.4539823008849557,0.5069442053895509,0.44281793229643185,0.46907216438869503,0.43574970796090917,0.3244469103797425,0,0,3822000.0,0.4568764568764569,0.44892221180880976,517000.0,0,0,38,466.89744512414535
2900,180000.0,13.0,0.4747378959928985,82.40884820747522,114.68688024408848,605344.4272445821,0.45774647887323944,0.4694783573806881,0.4445473453127392,0.45045045045045046,0.37758024313602523,0.46721243412305624,0.45989425850057764,0,0,1895000.0,0.4568764568764569,0.44892221180880976,258000.0,0,0,35,320.0
2901,610000.0,15.0,0.4646406293882584,1.0,0.0,760000.0,0.44040247678018574,0.4694783573806881,0.30013565669860115,0.44281793229643185,0.5063919873437158,0.3810650946770142,0.4014334059125707,1,1,2998000.0,0.45364536453645365,0.45443645083932854,457000.0,1,1,36,351.0
2902,200000.0,11.0,0.45885149198403496,82.40884820747522,114.68688024408848,605344.4272445821,0.44040247678018574,0.4129263913824057,0.43902472242345825,0.44281793229643185,0.45890407585949666,0.3721191346526487,0.5233562461236126,0,0,28742000.0,0.45364536453645365,0.39678284182305634,203000.0,0,1,39,475.0
2903,140000.0,18.0,0.5628080317442733,0.0,0.0,0.0,0.44040247678018574,0.4539823008849557,0.4268739712093834,0.45475113122171945,0.45890407585949666,0.46721243412305624,0.4653190175668822,0,0,712000.0,0.4568764568764569,0.45443645083932854,102000.0,0,1,38,462.0
2904,190000.0,10.0,0.4074136609653927,0.0,0.0,10000.0,0.45774647887323944,0.4539823008849557,0.5056772402445142,0.44281793229643185,0.414225941433284,0.5164278000280932,0.5023579265365139,1,1,11720000.0,0.43488372093023253,0.44892221180880976,2113000.0,1,0,36,304.0
2905,220000.0,13.0,0.5065614987246854,0.0,0.0,0.0,0.40000603415401237,0.4539823008849557,0.4799991436755424,0.45045045045045046,0.4687495951044435,0.45331529430883266,0.41315158258670154,0,0,3175000.0,0.4568764568764569,0.45443645083932854,423000.0,0,0,37,391.0
2906,150000.0,14.0,0.4646406293882584,0.0,0.0,0.0,0.40000603415401237,0.4694783573806881,0.4956486747857908,0.44281793229643185,0.4835606203192975,0.43574970796090917,0.5157460113123283,1,0,1179000.0,0.45364536453645365,0.45443645083932854,117000.0,1,0,39,388.0
2907,170000.0,12.0,0.45453917520963155,1409.0,1409.0,390000.0,0.45774647887323944,0.4129263913824057,0.5056772402445142,0.44281793229643185,0.45890407585949666,0.4658901691183491,0.5247762159801056,0,0,3484000.0,0.4568764568764569,0.47386172006745364,597000.0,0,0,36,755.0
2908,3200000.0,15.0,0.4581005575150995,0.0,0.0,0.0,0.45774647887323944,0.4539823008849557,0.44545497076419477,0.44281793229643185,0.4230769551118841,0.46721243412305624,0.5059471983688024,0,0,10459000.0,0.4568764568764569,0.47386172006745364,2675000.0,0,0,36,452.0
2909,170000.0,12.0,0.4220779627191293,0.0,0.0,0.0,0.45774647887323944,0.4129263913824057,0.4956486747857908,0.45475113122171945,0.417393662751422,0.49482456551750875,0.5602211136196202,0,0,1370000.0,0.45364536453645365,0.45443645083932854,207000.0,0,0,39,466.89744512414535
2910,230000.0,11.0,0.4646406293882584,1037.0,1037.0,120000.0,0.468085106382978,0.4539823008849557,0.4268739712093834,0.45475113122171945,0.43697478992002986,0.4757214900689184,0.39551727687191446,1,0,1372000.0,0.43488372093023253,0.45443645083932854,212000.0,1,0,36,526.0
2911,170000.0,13.0,0.4074136609653927,61.0,120.0,40000.0,0.45774647887323944,0.4694783573806881,0.5257384019435941,0.45475113122171945,0.44230917465915276,0.5164278000280932,0.49141635626861524,0,0,1710000.0,0.4568764568764569,0.47386172006745364,310000.0,0,0,38,509.0
2912,150000.0,18.0,0.4278491036733748,795.0,795.0,360000.0,0.44040247678018574,0.4539823008849557,0.4415584526838991,0.44281793229643185,0.4230769551118841,0.4444688960343153,0.5247762159801056,0,0,994000.0,0.43488372093023253,0.47386172006745364,249000.0,0,0,36,456.0
2913,190000.0,14.0,0.5628080317442733,0.0,0.0,605344.4272445821,0.44040247678018574,0.4129263913824057,0.46428416000978534,0.45475113122171945,0.5063919873437158,0.5491139021556548,0.5233562461236126,0,0,3067000.0,0.45364536453645365,0.44892221180880976,312000.0,0,0,38,337.0
2914,160000.0,5.0,0.4498690306228219,999.0,999.0,800000.0,0.44040247678018574,0.4129263913824057,0.5159288114711631,0.45433255269320844,0.414225941433284,0.5491139021556548,0.4425020459775707,0,0,1673000.0,0.4568764568764569,0.44892221180880976,314000.0,0,0,39,551.0
2915,190000.0,14.0,0.3892717187010617,0.0,0.0,0.0,0.45774647887323944,0.4129263913824057,0.38083308316558756,0.45475113122171945,0.414225941433284,0.5217257015040757,0.4425020459775707,0,0,871000.0,0.43488372093023253,0.45443645083932854,160000.0,0,0,36,386.0
2916,220000.0,15.0,0.44387755113454985,0.0,0.0,0.0,0.45774647887323944,0.4336917562724873,0.470084171924464,0.45045045045045046,0.45890407585949666,0.45560844252904975,0.5035331693654489,0,0,794000.0,0.45364536453645365,0.44892221180880976,206000.0,0,0,36,511.0
2917,170000.0,12.0,0.4074136609653927,82.40884820747522,114.68688024408848,605344.4272445821,0.44040247678018574,0.4539823008849557,0.41581515781000167,0.45475113122171945,0.37758024313602523,0.43679650911494705,0.4626438500979087,0,0,23861000.0,0.43488372093023253,0.47386172006745364,2940000.0,0,0,36,480.0
2918,200000.0,12.0,0.45453917520963155,0.0,0.0,0.0,0.44040247678018574,0.4539823008849557,0.3971634082048179,0.44281793229643185,0.417393662751422,0.4831631253007048,0.5363489679286931,0,0,1267000.0,0.43488372093023253,0.45443645083932854,207000.0,0,1,38,459.0
2919,3530000.0,11.0,0.45813033217197885,0.0,0.0,0.0,0.45774647887323944,0.4129263913824057,0.3931036562142931,0.45475113122171945,0.43697478992002986,0.43679650911494705,0.3758582472222368,0,0,28252000.0,0.43488372093023253,0.45443645083932854,2836000.0,0,1,38,427.0
2920,110000.0,12.0,0.46341463401227523,0.0,167.0,40000.0,0.45774647887323944,0.4539823008849557,0.470084171924464,0.44281793229643185,0.4604834864076457,0.4339650140059905,0.4789986557881242,0,0,625000.0,0.43488372093023253,0.45443645083932854,100000.0,0,0,38,354.0
2921,200000.0,14.0,0.4220779627191293,0.0,0.0,20000.0,0.45774647887323944,0.4694783573806881,0.5159288114711631,0.45475113122171945,0.37758024313602523,0.4658901691183491,0.49315734568265995,0,0,1576000.0,0.45364536453645365,0.45443645083932854,216000.0,0,0,36,419.0
2922,180000.0,14.0,0.4844907454931315,0.0,0.0,40000.0,0.468085106382978,0.4694783573806881,0.40571030945850584,0.45475113122171945,0.414225941433284,0.46365822718746796,0.4545481381730755,0,0,2836000.0,0.45364536453645365,0.44892221180880976,399000.0,0,0,37,589.0
2923,210000.0,12.0,0.4498690306228219,82.40884820747522,114.68688024408848,605344.4272445821,0.45774647887323944,0.4694783573806881,0.5069442053895509,0.45045045045045046,0.43697478992002986,0.3810650946770142,0.3270423716835601,1,0,1421000.0,0.45364536453645365,0.44892221180880976,200000.0,1,0,37,380.0
2924,170000.0,18.0,0.44387755113454985,0.0,0.0,0.0,0.44040247678018574,0.4336917562724873,0.5257384019435941,0.45475113122171945,0.414225941433284,0.4321363669380822,0.4014334059125707,0,0,924000.0,0.4568764568764569,0.39678284182305634,192000.0,0,0,36,355.0
2925,180000.0,10.0,0.3971634082048179,0.0,0.0,0.0,0.44040247678018574,0.4336917562724873,0.5375745064065167,0.45045045045045046,0.37758024313602523,0.4395681403885853,0.4407909194105085,0,0,21084000.0,0.45364536453645365,0.47386172006745364,2735000.0,0,0,37,445.0
2926,100000.0,17.0,0.4581005575150995,0.0,0.0,10000.0,0.44040247678018574,0.4539823008849557,0.4415584526838991,0.44281793229643185,0.43096844666979034,0.3810650946770142,0.4106715025408491,0,0,806000.0,0.4568764568764569,0.44892221180880976,109000.0,0,0,36,444.0
2927,160000.0,11.0,0.4706709757445273,291.0,291.0,20000.0,0.45774647887323944,0.4129263913824057,0.45782858909969404,0.44281793229643185,0.4583333330136348,0.4859069669135048,0.4530944584075768,0,0,8169000.0,0.43488372093023253,0.45443645083932854,152000.0,0,1,39,437.0
2928,1530000.0,3.0,0.471073469342046,82.40884820747522,114.68688024408848,0.0,0.44040247678018574,0.4694783573806881,0.44545497076419477,0.45045045045045046,0.4230769551118841,0.45192239757482366,0.49315734568265995,0,0,5134000.0,0.45364536453645365,0.44892221180880976,1732000.0,0,0,32,763.0
2929,200000.0,11.0,0.4074136609653927,0.0,0.0,0.0,0.44040247678018574,0.4129263913824057,0.5363528439845596,0.45475113122171945,0.5031846524456339,0.5171573620994421,0.5582615046868826,0,0,1278000.0,0.4568764568764569,0.47386172006745364,165000.0,0,0,36,459.0
2930,2530000.0,18.0,0.4360903840722853,999.0,999.0,10000.0,0.468085106382978,0.4539823008849557,0.36271363783177113,0.45475113122171945,0.4511627906899892,0.4395681403885853,0.37192363309077975,1,1,10117000.0,0.4568764568764569,0.47386172006745364,2040000.0,1,0,35,466.89744512414535
2931,190000.0,14.0,0.4906797478948485,0.0,0.0,0.0,0.44040247678018574,0.4539823008849557,0.5069442053895509,0.45433255269320844,0.4511627906899892,0.46721243412305624,0.5157460113123283,0,1,1065000.0,0.4568764568764569,0.44892221180880976,239000.0,0,0,36,358.0
2932,190000.0,12.0,0.4646406293882584,965.0,965.0,970000.0,0.44040247678018574,0.4694783573806881,0.3931036562142931,0.44281793229643185,0.4583333330136348,0.4339650140059905,0.47190419232428393,0,0,10015000.0,0.45364536453645365,0.45443645083932854,827000.0,0,0,36,380.0
2933,190000.0,12.0,0.45813033217197885,0.0,0.0,40000.0,0.44040247678018574,0.4129263913824057,0.4956486747857908,0.45433255269320844,0.417393662751422,0.3750074661878128,0.4278491036733748,0,0,3098000.0,0.45364536453645365,0.47386172006745364,526000.0,0,0,41,377.0
2934,2890000.0,11.0,0.471073469342046,0.0,0.0,0.0,0.44040247678018574,0.4539823008849557,0.3931036562142931,0.44281793229643185,0.46907216438869503,0.3810650946770142,0.5134854957775883,1,0,16430000.0,0.43488372093023253,0.45443645083932854,2648000.0,1,0,37,505.0
2935,180000.0,13.0,0.45453917520963155,0.0,180.0,30000.0,0.44040247678018574,0.4129263913824057,0.43902472242345825,0.45433255269320844,0.3739186560656616,0.36975187045665187,0.5134854957775883,0,0,1591000.0,0.43488372093023253,0.44892221180880976,196000.0,0,0,37,472.0
2936,1710000.0,29.0,0.4906797478948485,390.0,0.0,0.0,0.44040247678018574,0.4129263913824057,0.3931036562142931,0.45433255269320844,0.414225941433284,0.3965552694677991,0.4037095629016318,0,0,11590000.0,0.43488372093023253,0.44892221180880976,3380000.0,0,0,39,517.0
2937,180000.0,11.0,0.471073469342046,0.0,0.0,0.0,0.44040247678018574,0.4129263913824057,0.3900197525554698,0.44281793229643185,0.45864649596466484,0.37737165958551677,0.5485893972844256,0,1,1188000.0,0.45364536453645365,0.47386172006745364,192000.0,0,0,37,592.0
2938,130000.0,15.0,0.5628080317442733,0.0,0.0,0.0,0.44040247678018574,0.4539823008849557,0.5257384019435941,0.45475113122171945,0.45890407585949666,0.43679650911494705,0.423941142391273,0,1,675000.0,0.43488372093023253,0.44892221180880976,91000.0,0,0,36,361.0
2939,170000.0,10.0,0.44387755113454985,0.0,60.0,120000.0,0.45774647887323944,0.4694783573806881,0.4956486747857908,0.45475113122171945,0.43697478992002986,0.5171573620994421,0.36641942856818427,0,0,24470000.0,0.4568764568764569,0.44892221180880976,3181000.0,0,0,36,404.0
2940,220000.0,14.0,0.583862843505718,940.0,940.0,450000.0,0.44040247678018574,0.4694783573806881,0.4415584526838991,0.45475113122171945,0.46907216438869503,0.5171573620994421,0.4543800115079512,1,0,4055000.0,0.45364536453645365,0.44892221180880976,256000.0,1,0,37,439.0
2941,220000.0,15.0,0.4360903840722853,0.0,0.0,0.0,0.45774647887323944,0.4694783573806881,0.44545497076419477,0.44281793229643185,0.43697478992002986,0.3810650946770142,0.5602211136196202,0,0,1123000.0,0.45364536453645365,0.47386172006745364,292000.0,0,0,37,353.0
2942,110000.0,18.0,0.4747378959928985,335.0,335.0,30000.0,0.45774647887323944,0.4129263913824057,0.4799991436755424,0.44281793229643185,0.4468097890743483,0.4339650140059905,0.36719335159199484,0,1,1007000.0,0.45364536453645365,0.47386172006745364,102000.0,0,0,36,377.0
2943,170000.0,10.0,0.44387755113454985,0.0,0.0,0.0,0.45774647887323944,0.4336917562724873,0.4214287402257545,0.45475113122171945,0.43697478992002986,0.531814720884261,0.4014334059125707,0,0,3824000.0,0.45364536453645365,0.44892221180880976,432000.0,0,0,37,311.0
2944,200000.0,11.0,0.45885149198403496,82.40884820747522,114.68688024408848,605344.4272445821,0.44040247678018574,0.4694783573806881,0.5363528439845596,0.44281793229643185,0.43697478992002986,0.4444688960343153,0.5023579265365139,1,0,3878000.0,0.45364536453645365,0.45443645083932854,706000.0,1,0,36,708.0
2945,190000.0,16.0,0.4646406293882584,0.0,0.0,0.0,0.45774647887323944,0.4129263913824057,0.3931036562142931,0.44281793229643185,0.43096844666979034,0.4321363669380822,0.5485893972844256,0,0,1003000.0,0.43488372093023253,0.44892221180880976,213000.0,0,0,36,309.0
2946,140000.0,12.0,0.45453917520963155,0.0,0.0,605344.4272445821,0.45774647887323944,0.4694783573806881,0.4799991436755424,0.45045045045045046,0.44230917465915276,0.3965552694677991,0.5009630346757856,1,0,2248000.0,0.4568764568764569,0.45443645083932854,118000.0,1,1,40,469.0
2947,170000.0,13.0,0.4074136609653927,61.0,120.0,40000.0,0.45774647887323944,0.4694783573806881,0.5257384019435941,0.45475113122171945,0.44230917465915276,0.5164278000280932,0.49141635626861524,0,0,1710000.0,0.4568764568764569,0.47386172006745364,310000.0,0,0,38,509.0
2948,100000.0,14.0,0.4646406293882584,0.0,0.0,0.0,0.44040247678018574,0.4539823008849557,0.3900197525554698,0.45433255269320844,0.4905583684264643,0.5164278000280932,0.44519311265006384,0,0,5367000.0,0.43488372093023253,0.45443645083932854,95000.0,0,1,36,412.0
2949,210000.0,3.0,0.45453917520963155,263.0,263.0,20000.0,0.44040247678018574,0.4694783573806881,0.3900197525554698,0.45433255269320844,0.414225941433284,0.3965552694677991,0.47190419232428393,0,1,14109000.0,0.45364536453645365,0.44892221180880976,190000.0,0,1,40,585.0
2950,3200000.0,15.0,0.4581005575150995,0.0,0.0,0.0,0.45774647887323944,0.4539823008849557,0.44545497076419477,0.44281793229643185,0.4230769551118841,0.46721243412305624,0.5059471983688024,0,0,10459000.0,0.4568764568764569,0.47386172006745364,2675000.0,0,0,36,452.0
2951,170000.0,13.0,0.46341463401227523,0.0,0.0,0.0,0.44040247678018574,0.4539823008849557,0.5056772402445142,0.44281793229643185,0.43697478992002986,0.46365822718746796,0.42220278660777283,0,0,1541000.0,0.4568764568764569,0.44892221180880976,172000.0,0,0,36,317.0
2952,170000.0,16.0,0.45453917520963155,0.0,0.0,0.0,0.44040247678018574,0.4539823008849557,0.4268739712093834,0.45475113122171945,0.46907216438869503,0.40235614355016347,0.4037095629016318,0,0,950000.0,0.45364536453645365,0.44892221180880976,135000.0,0,0,36,426.0
2953,170000.0,13.0,0.3928574872021717,0.0,0.0,0.0,0.44040247678018574,0.4694783573806881,0.4956486747857908,0.45475113122171945,0.4604834864076457,0.45677246944372973,0.4425020459775707,0,0,3964000.0,0.45364536453645365,0.44892221180880976,657000.0,0,1,36,609.0
2954,160000.0,18.0,0.43673114297615767,82.40884820747522,114.68688024408848,605344.4272445821,0.44040247678018574,0.4539823008849557,0.4485294151733482,0.45475113122171945,0.414225941433284,0.37737165958551677,0.4789986557881242,0,0,1003000.0,0.43488372093023253,0.44892221180880976,186000.0,0,0,37,339.0
2955,180000.0,13.0,0.471073469342046,0.0,0.0,0.0,0.45774647887323944,0.4539823008849557,0.5257384019435941,0.45475113122171945,0.4687495951044435,0.4339650140059905,0.5023579265365139,0,1,3792000.0,0.43488372093023253,0.45443645083932854,586000.0,0,0,36,315.0
2956,230000.0,13.0,0.4747378959928985,0.0,0.0,0.0,0.44040247678018574,0.4539823008849557,0.3931036562142931,0.44281793229643185,0.4905583684264643,0.4395681403885853,0.6100509010581558,0,1,1844000.0,0.45364536453645365,0.44892221180880976,252000.0,0,0,35,541.0
2957,220000.0,17.0,0.4581005575150995,0.0,0.0,0.0,0.45774647887323944,0.4539823008849557,0.3931036562142931,0.45475113122171945,0.4468097890743483,0.43679650911494705,0.5023579265365139,0,1,990000.0,0.45364536453645365,0.45443645083932854,267000.0,0,0,36,542.0
2958,130000.0,19.0,0.4581005575150995,0.0,180.0,60000.0,0.45774647887323944,0.4129263913824057,0.4956486747857908,0.45045045045045046,0.43697478992002986,0.45192239757482366,0.40571030945850584,0,0,1426000.0,0.45364536453645365,0.45443645083932854,103000.0,0,0,37,345.0
2959,190000.0,14.0,0.44387755113454985,82.40884820747522,114.68688024408848,605344.4272445821,0.45774647887323944,0.4129263913824057,0.5069442053895509,0.44281793229643185,0.4583333330136348,0.40002703158873276,0.41315158258670154,1,0,1599000.0,0.45364536453645365,0.45443645083932854,226000.0,1,0,37,603.0
2960,220000.0,13.0,0.4581005575150995,1167.0,1167.0,50000.0,0.45774647887323944,0.4539823008849557,0.5375745064065167,0.45045045045045046,0.4583333330136348,0.46365822718746796,0.45989425850057764,0,0,1202000.0,0.4568764568764569,0.39678284182305634,231000.0,0,0,37,393.0
2961,180000.0,17.0,0.35775698265868106,0.0,0.0,70000.0,0.45774647887323944,0.4336917562724873,0.4214287402257545,0.44281793229643185,0.4687495951044435,0.45192239757482366,0.6100509010581558,0,0,800000.0,0.4568764568764569,0.47386172006745364,158000.0,0,1,36,492.0
2962,210000.0,18.0,0.4774317289223725,0.0,0.0,0.0,0.44040247678018574,0.4694783573806881,0.4799991436755424,0.45475113122171945,0.414225941433284,0.5171573620994421,0.4332390300357073,0,0,1026000.0,0.4568764568764569,0.44892221180880976,213000.0,0,0,37,313.0
2963,130000.0,17.0,0.46341463401227523,0.0,0.0,0.0,0.44040247678018574,0.4129263913824057,0.4214287402257545,0.45045045045045046,0.4583333330136348,0.4757214900689184,0.37192363309077975,0,0,587000.0,0.4568764568764569,0.47386172006745364,136000.0,0,0,37,447.0
2964,180000.0,14.0,0.471073469342046,0.0,0.0,0.0,0.44040247678018574,0.4694783573806881,0.3900197525554698,0.45475113122171945,0.414225941433284,0.379712180659019,0.41240204586511464,0,0,1627000.0,0.45364536453645365,0.44892221180880976,255000.0,0,0,35,568.0
2965,190000.0,14.0,0.44387755113454985,82.40884820747522,114.68688024408848,605344.4272445821,0.45774647887323944,0.4129263913824057,0.5069442053895509,0.44281793229643185,0.4583333330136348,0.40002703158873276,0.41315158258670154,1,0,1599000.0,0.45364536453645365,0.45443645083932854,226000.0,1,0,37,603.0
2966,160000.0,5.0,0.4498690306228219,999.0,999.0,800000.0,0.44040247678018574,0.4129263913824057,0.5159288114711631,0.45433255269320844,0.414225941433284,0.5491139021556548,0.4425020459775707,0,0,1673000.0,0.4568764568764569,0.44892221180880976,314000.0,0,0,39,551.0
2967,210000.0,11.0,0.44387755113454985,0.0,0.0,0.0,0.45774647887323944,0.4539823008849557,0.4485294151733482,0.45433255269320844,0.4511627906899892,0.40002703158873276,0.41315158258670154,0,0,28708000.0,0.45364536453645365,0.45443645083932854,3185000.0,0,0,36,499.0
2968,5390000.0,16.0,0.4615356204904945,0.0,0.0,0.0,0.45774647887323944,0.4539823008849557,0.476615203163763,0.45045045045045046,0.414225941433284,0.5164278000280932,0.5233562461236126,0,0,18331000.0,0.45364536453645365,0.39678284182305634,4160000.0,0,0,35,419.0
2969,170000.0,14.0,0.5628080317442733,0.0,0.0,10000.0,0.44040247678018574,0.4336917562724873,0.4415584526838991,0.45433255269320844,0.4687495951044435,0.45677246944372973,0.40201973495344345,0,0,17027000.0,0.4568764568764569,0.44892221180880976,2055000.0,0,0,36,444.0
2970,120000.0,17.0,0.3892717187010617,0.0,0.0,0.0,0.44040247678018574,0.4129263913824057,0.43902472242345825,0.45433255269320844,0.46907216438869503,0.49482456551750875,0.4789986557881242,0,1,734000.0,0.45364536453645365,0.45443645083932854,150000.0,0,0,36,344.0
2971,180000.0,14.0,0.471073469342046,0.0,0.0,0.0,0.44040247678018574,0.4694783573806881,0.3900197525554698,0.45475113122171945,0.414225941433284,0.379712180659019,0.41240204586511464,0,0,1627000.0,0.45364536453645365,0.44892221180880976,255000.0,0,0,35,568.0
2972,160000.0,3.0,0.3892717187010617,0.0,0.0,0.0,0.45774647887323944,0.4539823008849557,0.3900197525554698,0.44281793229643185,0.45864649596466484,0.3965552694677991,0.40571030945850584,1,0,11784000.0,0.45364536453645365,0.47386172006745364,369000.0,1,1,40,559.0
2973,140000.0,12.0,0.4074136609653927,0.0,0.0,605344.4272445821,0.44040247678018574,0.4336917562724873,0.4415584526838991,0.45433255269320844,0.4468097890743483,0.531814720884261,0.4653190175668822,0,0,1073000.0,0.43488372093023253,0.47386172006745364,136000.0,0,0,37,355.0
2974,190000.0,12.0,0.44387755113454985,1914.0,1914.0,2050000.0,0.44040247678018574,0.4694783573806881,0.43902472242345825,0.44281793229643185,0.4687495951044435,0.36975187045665187,0.5233562461236126,1,1,3291000.0,0.43488372093023253,0.39678284182305634,551000.0,1,0,37,564.0
2975,180000.0,12.0,0.46341463401227523,0.0,0.0,605344.4272445821,0.44040247678018574,0.4694783573806881,0.5363528439845596,0.45475113122171945,0.417393662751422,0.46721243412305624,0.41240204586511464,0,1,1197000.0,0.43488372093023253,0.45443645083932854,222000.0,0,0,38,525.0
2976,160000.0,14.0,0.46341463401227523,0.0,0.0,0.0,0.468085106382978,0.4129263913824057,0.4214287402257545,0.44281793229643185,0.43697478992002986,0.3750074661878128,0.5081959184294307,1,0,239661000.0,0.4568764568764569,0.44892221180880976,2704000.0,1,0,38,684.0
2977,190000.0,13.0,0.4220779627191293,0.0,0.0,605344.4272445821,0.45774647887323944,0.4129263913824057,0.3442355460389141,0.45045045045045046,0.417393662751422,0.40235614355016347,0.4270121893767379,0,0,10857000.0,0.43488372093023253,0.44892221180880976,1337000.0,0,0,38,334.0
2978,160000.0,12.0,0.4906797478948485,0.0,0.0,0.0,0.44040247678018574,0.4694783573806881,0.4799991436755424,0.45475113122171945,0.43096844666979034,0.5171573620994421,0.46016463299084465,0,0,1549000.0,0.4568764568764569,0.45443645083932854,273000.0,0,0,36,378.0
2979,200000.0,16.0,0.4581005575150995,82.40884820747522,114.68688024408848,605344.4272445821,0.45774647887323944,0.4694783573806881,0.4485294151733482,0.45475113122171945,0.4835606203192975,0.4395681403885853,0.45989425850057764,1,1,1148000.0,0.45364536453645365,0.44892221180880976,180000.0,1,0,36,349.0
2980,210000.0,10.0,0.4360903840722853,0.0,0.0,0.0,0.468085106382978,0.4694783573806881,0.46428416000978534,0.45475113122171945,0.44230917465915276,0.3965552694677991,0.3580839468498659,0,0,1669000.0,0.45364536453645365,0.44892221180880976,250000.0,0,0,36,550.0
2981,540000.0,12.0,0.471073469342046,0.0,0.0,340000.0,0.44040247678018574,0.4694783573806881,0.4485294151733482,0.45475113122171945,0.4905583684264643,0.3810650946770142,0.4014334059125707,1,0,847000.0,0.45364536453645365,0.47386172006745364,465000.0,1,1,38,533.0
2982,220000.0,11.0,0.4774317289223725,0.0,0.0,0.0,0.45774647887323944,0.4694783573806881,0.46428416000978534,0.44281793229643185,0.3739186560656616,0.45192239757482366,0.41240204586511464,0,0,3968000.0,0.4568764568764569,0.39678284182305634,370000.0,0,1,37,428.0
2983,1500000.0,10.0,0.5628080317442733,0.0,0.0,320000.0,0.45774647887323944,0.4694783573806881,0.46428416000978534,0.45045045045045046,0.45890407585949666,0.4757214900689184,0.3580839468498659,0,0,54107000.0,0.45364536453645365,0.47386172006745364,5824000.0,0,0,36,368.0
2984,210000.0,13.0,0.3971634082048179,0.0,0.0,0.0,0.40000603415401237,0.4539823008849557,0.5254093931718659,0.45433255269320844,0.4583333330136348,0.5164278000280932,0.4505327389584535,0,1,1931000.0,0.43488372093023253,0.45443645083932854,145000.0,0,1,36,440.0
2985,210000.0,11.0,0.4581005575150995,0.0,0.0,0.0,0.44040247678018574,0.4694783573806881,0.3900197525554698,0.45433255269320844,0.43697478992002986,0.3680899177448659,0.5582615046868826,0,1,1154000.0,0.45364536453645365,0.45443645083932854,219000.0,0,0,36,517.0
2986,180000.0,13.0,0.471073469342046,0.0,0.0,0.0,0.45774647887323944,0.4539823008849557,0.5257384019435941,0.45475113122171945,0.4687495951044435,0.4339650140059905,0.5023579265365139,0,1,3792000.0,0.43488372093023253,0.45443645083932854,586000.0,0,0,36,315.0
2987,600000.0,14.0,0.4646406293882584,0.0,0.0,0.0,0.45774647887323944,0.4539823008849557,0.5056772402445142,0.45475113122171945,0.37758024313602523,0.5071462083323844,0.47190419232428393,0,0,15145000.0,0.43488372093023253,0.45443645083932854,2128000.0,0,0,39,642.0
2988,200000.0,13.0,0.43673114297615767,562.0,562.0,200000.0,0.468085106382978,0.4129263913824057,0.5375745064065167,0.45475113122171945,0.44230917465915276,0.5171573620994421,0.45200464380003236,0,1,2684000.0,0.43488372093023253,0.47386172006745364,372000.0,0,0,41,506.0
2989,140000.0,14.0,0.4360903840722853,0.0,0.0,0.0,0.45774647887323944,0.4694783573806881,0.5257384019435941,0.45045045045045046,0.45864649596466484,0.37737165958551677,0.4543800115079512,0,0,7124000.0,0.4568764568764569,0.44892221180880976,1063000.0,0,0,36,484.0
2990,230000.0,11.0,0.4220779627191293,0.0,0.0,605344.4272445821,0.45774647887323944,0.4539823008849557,0.38083308316558756,0.44281793229643185,0.3739186560656616,0.45192239757482366,0.4014334059125707,0,1,2156000.0,0.45364536453645365,0.44892221180880976,349000.0,0,0,38,470.0
2991,130000.0,14.0,0.4581005575150995,0.0,0.0,605344.4272445821,0.44040247678018574,0.4129263913824057,0.4268739712093834,0.45433255269320844,0.4905583684264643,0.45331529430883266,0.5157460113123283,0,1,1020000.0,0.45364536453645365,0.47386172006745364,112000.0,0,0,38,466.0
2992,600000.0,14.0,0.4646406293882584,0.0,0.0,0.0,0.45774647887323944,0.4539823008849557,0.5056772402445142,0.45475113122171945,0.37758024313602523,0.5071462083323844,0.47190419232428393,0,0,15145000.0,0.43488372093023253,0.45443645083932854,2128000.0,0,0,39,642.0
2993,180000.0,11.0,0.49269077310150705,0.0,0.0,0.0,0.45774647887323944,0.4694783573806881,0.5069442053895509,0.44281793229643185,0.45864649596466484,0.5171573620994421,0.379712180659019,0,0,3181000.0,0.43488372093023253,0.47386172006745364,411000.0,0,0,41,427.0
2994,180000.0,10.0,0.4074136609653927,0.0,0.0,0.0,0.45774647887323944,0.4539823008849557,0.4214287402257545,0.45475113122171945,0.3739186560656616,0.5164278000280932,0.45745399554685107,0,0,25970000.0,0.45364536453645365,0.45443645083932854,3587000.0,0,0,37,479.0
2995,1830000.0,37.0,0.583862843505718,0.0,17.0,1560000.0,0.44040247678018574,0.4694783573806881,0.4214287402257545,0.45475113122171945,0.43697478992002986,0.5164278000280932,0.46016463299084465,1,0,4415000.0,0.45364536453645365,0.45443645083932854,2354000.0,1,1,40,400.0
2996,210000.0,3.0,0.3971634082048179,0.0,0.0,0.0,0.44040247678018574,0.4129263913824057,0.3442355460389141,0.45045045045045046,0.37758024313602523,0.5176283236840944,0.4696533706380367,0,0,1847000.0,0.45364536453645365,0.44892221180880976,475000.0,0,0,40,351.0
2997,230000.0,10.0,0.4747378959928985,0.0,0.0,10000.0,0.44040247678018574,0.4539823008849557,0.5159288114711631,0.44281793229643185,0.3739186560656616,0.3810650946770142,0.5157460113123283,0,0,2017000.0,0.4568764568764569,0.44892221180880976,222000.0,0,0,37,457.0
2998,230000.0,18.0,0.46341463401227523,0.0,0.0,0.0,0.45774647887323944,0.4539823008849557,0.4956486747857908,0.44281793229643185,0.43697478992002986,0.4757214900689184,0.5485893972844256,0,0,812000.0,0.43488372093023253,0.44892221180880976,231000.0,0,0,36,431.0
2999,170000.0,3.0,0.4906797478948485,227.0,227.0,90000.0,0.45774647887323944,0.4694783573806881,0.3900197525554698,0.45475113122171945,0.4583333330136348,0.3721191346526487,0.5081959184294307,1,0,1341000.0,0.45364536453645365,0.45443645083932854,292000.0,1,0,40,392.0
3000,200000.0,13.0,0.3928574872021717,0.0,0.0,10000.0,0.45774647887323944,0.4129263913824057,0.5159288114711631,0.44281793229643185,0.5592064152301905,0.3750074661878128,0.4425020459775707,0,1,2034000.0,0.45364536453645365,0.45443645083932854,267000.0,0,0,40,542.0
3001,130000.0,12.0,0.4581005575150995,0.0,0.0,0.0,0.44040247678018574,0.4539823008849557,0.5056772402445142,0.45045045045045046,0.4230769551118841,0.5217257015040757,0.45989425850057764,0,1,1155000.0,0.45364536453645365,0.47386172006745364,129000.0,0,0,37,680.0
3002,210000.0,13.0,0.46341463401227523,82.40884820747522,114.68688024408848,605344.4272445821,0.45774647887323944,0.4694783573806881,0.4956486747857908,0.45475113122171945,0.5031846524456339,0.5071462083323844,0.5220031427533425,0,1,2575000.0,0.45364536453645365,0.44892221180880976,397000.0,0,0,39,354.0
3003,90000.0,14.0,0.4074136609653927,0.0,0.0,0.0,0.45774647887323944,0.4694783573806881,0.3971634082048179,0.44281793229643185,0.414225941433284,0.45192239757482366,0.36719335159199484,0,0,838000.0,0.43488372093023253,0.39678284182305634,126000.0,0,0,36,549.0
3004,190000.0,11.0,0.4220779627191293,548.0,548.0,190000.0,0.468085106382978,0.4694783573806881,0.5056772402445142,0.44281793229643185,0.45864649596466484,0.45192239757482366,0.44169753216105057,1,0,3180000.0,0.43488372093023253,0.44892221180880976,358000.0,1,0,39,592.0
3005,190000.0,15.0,0.3971634082048179,326.0,326.0,40000.0,0.45774647887323944,0.4539823008849557,0.5159288114711631,0.45433255269320844,0.4511627906899892,0.46721243412305624,0.46016463299084465,0,0,835000.0,0.45364536453645365,0.47386172006745364,216000.0,0,0,36,329.0
3006,240000.0,14.0,0.4668770371178462,0.0,0.0,10000.0,0.44040247678018574,0.4694783573806881,0.3900197525554698,0.45045045045045046,0.4511627906899892,0.45331529430883266,0.5134854957775883,1,0,2351000.0,0.4568764568764569,0.45443645083932854,450000.0,1,1,38,363.0
3007,210000.0,13.0,0.4360903840722853,389.0,389.0,650000.0,0.45774647887323944,0.4694783573806881,0.470084171924464,0.45475113122171945,0.414225941433284,0.4859069669135048,0.47190419232428393,0,0,5235000.0,0.45364536453645365,0.45443645083932854,778000.0,0,0,39,600.0
3008,230000.0,12.0,0.4646406293882584,0.0,0.0,0.0,0.45774647887323944,0.4129263913824057,0.5056772402445142,0.45045045045045046,0.4511627906899892,0.4444688960343153,0.5363489679286931,0,1,1592000.0,0.43488372093023253,0.47386172006745364,254000.0,0,0,37,459.0
3009,200000.0,11.0,0.45885149198403496,82.40884820747522,114.68688024408848,605344.4272445821,0.44040247678018574,0.4694783573806881,0.5363528439845596,0.44281793229643185,0.43697478992002986,0.4444688960343153,0.5023579265365139,1,0,3878000.0,0.45364536453645365,0.45443645083932854,706000.0,1,0,36,708.0
3010,90000.0,10.0,0.4581005575150995,193.0,44742.0,1050000.0,0.45774647887323944,0.4694783573806881,0.46428416000978534,0.44281793229643185,0.417393662751422,0.5171573620994421,0.45745399554685107,0,0,721000.0,0.4568764568764569,0.47386172006745364,112000.0,0,0,37,561.0
3011,910000.0,12.0,0.4360903840722853,0.0,0.0,170000.0,0.45774647887323944,0.4539823008849557,0.3931036562142931,0.45475113122171945,0.43096844666979034,0.531814720884261,0.42220278660777283,0,0,11479000.0,0.4568764568764569,0.44892221180880976,1593000.0,0,0,39,352.0
3012,230000.0,12.0,0.35775698265868106,0.0,0.0,0.0,0.44040247678018574,0.4129263913824057,0.44545497076419477,0.45433255269320844,0.4511627906899892,0.4321363669380822,0.41315158258670154,1,0,2336000.0,0.45364536453645365,0.45443645083932854,341000.0,1,0,37,417.0
3013,120000.0,13.0,0.4906797478948485,0.0,0.0,0.0,0.45774647887323944,0.4694783573806881,0.5165869667180779,0.45475113122171945,0.5031846524456339,0.36975187045665187,0.4764655517659273,0,0,1089000.0,0.43488372093023253,0.47386172006745364,130000.0,0,0,36,559.0
3014,180000.0,14.0,0.45885149198403496,0.0,0.0,0.0,0.40000603415401237,0.4129263913824057,0.4459232804790396,0.45475113122171945,0.45890407585949666,0.4130722746472325,0.5134854957775883,0,0,2107000.0,0.45364536453645365,0.44892221180880976,219000.0,0,0,37,526.0
3015,210000.0,12.0,0.4844907454931315,365.0,365.0,190000.0,0.44040247678018574,0.4694783573806881,0.4415584526838991,0.44281793229643185,0.4511627906899892,0.4339650140059905,0.4696533706380367,1,1,1714000.0,0.4568764568764569,0.39678284182305634,202000.0,1,0,38,607.0
3016,920000.0,17.0,0.4906797478948485,0.0,0.0,0.0,0.44040247678018574,0.4129263913824057,0.5254093931718659,0.44281793229643185,0.45890407585949666,0.5183627257078485,0.42220278660777283,0,0,6027000.0,0.43488372093023253,0.47386172006745364,1433000.0,0,0,36,419.0
3017,150000.0,14.0,0.3971634082048179,0.0,0.0,0.0,0.44040247678018574,0.4336917562724873,0.4956486747857908,0.45045045045045046,0.37758024313602523,0.4444688960343153,0.5220031427533425,0,0,13562000.0,0.45364536453645365,0.45443645083932854,185000.0,0,1,37,440.0
3018,2130000.0,10.0,0.44387755113454985,0.0,0.0,0.0,0.45774647887323944,0.4694783573806881,0.4956486747857908,0.45475113122171945,0.44230917465915276,0.5217257015040757,0.5157460113123283,1,0,53479000.0,0.45364536453645365,0.44892221180880976,3193000.0,1,0,37,340.0
3019,180000.0,11.0,0.4581005575150995,522.0,522.0,1300000.0,0.45774647887323944,0.4694783573806881,0.30013565669860115,0.45475113122171945,0.45890407585949666,0.45331529430883266,0.37192363309077975,1,1,3302000.0,0.45364536453645365,0.44892221180880976,444000.0,1,0,37,542.0
3020,170000.0,14.0,0.45885149198403496,0.0,0.0,0.0,0.45774647887323944,0.4694783573806881,0.5375745064065167,0.45475113122171945,0.414225941433284,0.5171573620994421,0.3156771054360342,0,0,1168000.0,0.43488372093023253,0.39678284182305634,223000.0,0,0,37,423.0
3021,190000.0,3.0,0.4646406293882584,0.0,0.0,605344.4272445821,0.44040247678018574,0.4129263913824057,0.5257384019435941,0.45475113122171945,0.37758024313602523,0.4757214900689184,0.41240204586511464,0,0,1673000.0,0.4568764568764569,0.39678284182305634,194000.0,0,1,41,471.0
3022,840000.0,17.0,0.4668770371178462,0.0,0.0,0.0,0.44040247678018574,0.4694783573806881,0.46428416000978534,0.45475113122171945,0.4905583684264643,0.5217257015040757,0.46016463299084465,0,0,6777000.0,0.4568764568764569,0.39678284182305634,1245000.0,0,0,35,449.0
3023,210000.0,10.0,0.4375202018743684,0.0,0.0,60000.0,0.45774647887323944,0.4129263913824057,0.38083308316558756,0.45475113122171945,0.3739186560656616,0.45560844252904975,0.4653190175668822,0,0,1266000.0,0.4568764568764569,0.44892221180880976,166000.0,0,0,41,510.0
3024,200000.0,17.0,0.43673114297615767,0.0,0.0,0.0,0.44040247678018574,0.4539823008849557,0.4268739712093834,0.45475113122171945,0.5031846524456339,0.5183627257078485,0.49646711594687815,0,0,977000.0,0.45364536453645365,0.39678284182305634,233000.0,0,0,35,318.0
3025,210000.0,14.0,0.44387755113454985,943.0,943.0,770000.0,0.44040247678018574,0.4336917562724873,0.4415584526838991,0.45045045045045046,0.5063919873437158,0.4389077345532648,0.42220278660777283,1,0,17365000.0,0.45364536453645365,0.45443645083932854,377000.0,1,1,36,481.0
3026,90000.0,12.0,0.43673114297615767,94.0,94.0,150000.0,0.45774647887323944,0.4129263913824057,0.5056772402445142,0.45045045045045046,0.3541279498012266,0.46721243412305624,0.5582615046868826,0,0,945000.0,0.43488372093023253,0.45443645083932854,126000.0,0,0,35,421.0
3027,180000.0,12.0,0.44387755113454985,0.0,0.0,605344.4272445821,0.44040247678018574,0.4539823008849557,0.5056772402445142,0.45475113122171945,0.4583333330136348,0.4468949699527549,0.379712180659019,0,1,2428000.0,0.43488372093023253,0.44892221180880976,422000.0,0,0,39,349.0
3028,150000.0,10.0,0.4581005575150995,0.0,0.0,0.0,0.45774647887323944,0.4694783573806881,0.48253847709585634,0.44281793229643185,0.43697478992002986,0.5183627257078485,0.37192363309077975,0,0,1058000.0,0.43488372093023253,0.44892221180880976,146000.0,0,0,37,469.0
3029,170000.0,17.0,0.4581005575150995,0.0,0.0,0.0,0.45774647887323944,0.4694783573806881,0.5069442053895509,0.44281793229643185,0.5592064152301905,0.40002703158873276,0.49141635626861524,0,1,1091000.0,0.4568764568764569,0.44892221180880976,215000.0,0,0,36,590.0
3030,1020000.0,18.0,0.5628080317442733,0.0,0.0,290000.0,0.468085106382978,0.4129263913824057,0.5257384019435941,0.45475113122171945,0.414225941433284,0.49482456551750875,0.5247762159801056,1,0,40823000.0,0.43488372093023253,0.44892221180880976,750000.0,1,1,33,374.0
3031,240000.0,14.0,0.4615356204904945,0.0,0.0,0.0,0.44040247678018574,0.4539823008849557,0.44545497076419477,0.44281793229643185,0.3739186560656616,0.49482456551750875,0.6100509010581558,0,0,2301000.0,0.4568764568764569,0.45443645083932854,462000.0,0,0,37,437.0
3032,220000.0,13.0,0.4278491036733748,117.0,117.0,20000.0,0.468085106382978,0.4539823008849557,0.4459232804790396,0.45475113122171945,0.3739186560656616,0.40235614355016347,0.5009630346757856,1,1,1692000.0,0.4568764568764569,0.47386172006745364,290000.0,1,0,36,466.89744512414535
3033,4640000.0,14.0,0.3928574872021717,0.0,0.0,380000.0,0.44040247678018574,0.4539823008849557,0.46428416000978534,0.44281793229643185,0.37758024313602523,0.4658901691183491,0.46016463299084465,1,1,85502000.0,0.4568764568764569,0.44892221180880976,5677000.0,1,0,34,365.0
3034,130000.0,14.0,0.4581005575150995,0.0,0.0,2680000.0,0.44040247678018574,0.4539823008849557,0.5363528439845596,0.44281793229643185,0.4905583684264643,0.4757214900689184,0.4310500554013448,0,1,2346000.0,0.45364536453645365,0.45443645083932854,128000.0,0,1,36,379.0
3035,230000.0,16.0,0.4774317289223725,82.40884820747522,114.68688024408848,605344.4272445821,0.45774647887323944,0.4539823008849557,0.3971634082048179,0.4106715025408491,0.4230769551118841,0.5106758841242302,0.4425020459775707,0,0,1107000.0,0.45364536453645365,0.44892221180880976,207000.0,0,0,36,545.0
3036,210000.0,14.0,0.4468949699527549,40.0,40.0,50000.0,0.45774647887323944,0.4539823008849557,0.3900197525554698,0.44281793229643185,0.5031846524456339,0.5183627257078485,0.42220278660777283,0,0,1180000.0,0.43488372093023253,0.44892221180880976,256000.0,0,0,37,408.0
3037,220000.0,16.0,0.46341463401227523,0.0,0.0,90000.0,0.468085106382978,0.4539823008849557,0.45200464380003236,0.45475113122171945,0.414225941433284,0.49482456551750875,0.44519311265006384,0,0,892000.0,0.45364536453645365,0.39678284182305634,175000.0,0,0,36,793.0
3038,190000.0,11.0,0.4278491036733748,468.0,468.0,40000.0,0.45774647887323944,0.4694783573806881,0.470084171924464,0.45475113122171945,0.5031846524456339,0.46365822718746796,0.5023579265365139,0,0,1661000.0,0.45364536453645365,0.44892221180880976,269000.0,0,0,37,466.89744512414535
3039,230000.0,14.0,0.45453917520963155,388.0,388.0,650000.0,0.45774647887323944,0.4694783573806881,0.44545497076419477,0.44281793229643185,0.4604834864076457,0.4395681403885853,0.3580839468498659,1,0,997000.0,0.4568764568764569,0.47386172006745364,191000.0,1,0,36,569.0
3040,220000.0,16.0,0.45453917520963155,468.0,468.0,370000.0,0.45774647887323944,0.4129263913824057,0.5254093931718659,0.45433255269320844,0.414225941433284,0.43574970796090917,0.41240204586511464,1,0,901000.0,0.44758586022284785,0.45443645083932854,210000.0,1,0,36,421.0
3041,100000.0,10.0,0.5065614987246854,0.0,0.0,0.0,0.40000603415401237,0.4539823008849557,0.3900197525554698,0.45433255269320844,0.3739186560656616,0.49482456551750875,0.4696533706380367,0,0,941000.0,0.45364536453645365,0.45443645083932854,95000.0,0,0,36,353.0
3042,2890000.0,35.0,0.3971634082048179,0.0,0.0,0.0,0.44040247678018574,0.4694783573806881,0.5363528439845596,0.45475113122171945,0.4604834864076457,0.37737165958551677,0.47514234773523084,1,0,92682000.0,0.4568764568764569,0.44892221180880976,2954000.0,1,1,40,524.0
3043,860000.0,15.0,0.3928574872021717,136.0,180.0,20000.0,0.44040247678018574,0.4694783573806881,0.36271363783177113,0.45045045045045046,0.4583333330136348,0.5071462083323844,0.3244469103797425,0,0,151000.0,0.4568764568764569,0.44892221180880976,744000.0,0,1,36,564.0
3044,180000.0,11.0,0.46341463401227523,0.0,0.0,0.0,0.44040247678018574,0.4129263913824057,0.44545497076419477,0.45475113122171945,0.5315593642552221,0.5183627257078485,0.5030873748448164,0,0,1746000.0,0.4568764568764569,0.45443645083932854,193000.0,0,0,36,388.0
3045,220000.0,11.0,0.4646406293882584,0.0,0.0,0.0,0.44040247678018574,0.4539823008849557,0.5254093931718659,0.45475113122171945,0.5592064152301905,0.4339650140059905,0.4606736933325396,0,1,2308000.0,0.45364536453645365,0.45443645083932854,481000.0,0,0,36,323.0
3046,180000.0,11.0,0.40004455157916113,0.0,0.0,530000.0,0.44040247678018574,0.4694783573806881,0.5375745064065167,0.44281793229643185,0.4230769551118841,0.3965552694677991,0.44084111937285236,0,0,9078000.0,0.43488372093023253,0.45443645083932854,1048000.0,0,0,37,385.0
3047,150000.0,13.0,0.4646406293882584,0.0,0.0,510000.0,0.45774647887323944,0.4539823008849557,0.476615203163763,0.45475113122171945,0.414225941433284,0.4339650140059905,0.40571030945850584,1,1,7847000.0,0.43488372093023253,0.44892221180880976,159000.0,1,1,36,365.0
3048,1830000.0,37.0,0.583862843505718,0.0,17.0,1560000.0,0.44040247678018574,0.4694783573806881,0.4214287402257545,0.45475113122171945,0.43697478992002986,0.5164278000280932,0.46016463299084465,1,0,4415000.0,0.45364536453645365,0.45443645083932854,2354000.0,1,1,40,400.0
3049,240000.0,3.0,0.4706709757445273,0.0,0.0,0.0,0.44040247678018574,0.4539823008849557,0.41581515781000167,0.45475113122171945,0.46907216438869503,0.5171573620994421,0.5602211136196202,0,0,4453000.0,0.45364536453645365,0.47386172006745364,194000.0,0,1,41,493.0
3050,210000.0,14.0,0.45453917520963155,0.0,0.0,0.0,0.44040247678018574,0.4539823008849557,0.5257384019435941,0.45433255269320844,0.4468097890743483,0.4339650140059905,0.4270121893767379,0,1,2805000.0,0.43488372093023253,0.44892221180880976,418000.0,0,0,38,367.0
3051,170000.0,3.0,0.4646406293882584,0.0,0.0,605344.4272445821,0.45774647887323944,0.4539823008849557,0.4799991436755424,0.44281793229643185,0.43697478992002986,0.3965552694677991,0.5582615046868826,0,0,2153000.0,0.4568764568764569,0.44892221180880976,432000.0,0,0,39,784.0
3052,180000.0,14.0,0.44387755113454985,0.0,0.0,0.0,0.44040247678018574,0.4694783573806881,0.4214287402257545,0.45433255269320844,0.4511627906899892,0.4395681403885853,0.48822655398093273,0,0,1135000.0,0.43488372093023253,0.44892221180880976,286000.0,0,0,37,507.0
3053,810000.0,17.0,0.4906797478948485,0.0,59.0,240000.0,0.45774647887323944,0.4539823008849557,0.4956486747857908,0.44281793229643185,0.45890407585949666,0.40235614355016347,0.6100509010581558,0,0,3641000.0,0.4568764568764569,0.39678284182305634,966000.0,0,0,36,476.0
3054,560000.0,12.0,0.46341463401227523,4.0,0.0,0.0,0.44040247678018574,0.4539823008849557,0.44545497076419477,0.44281793229643185,0.4511627906899892,0.49482456551750875,0.4696533706380367,1,0,3383000.0,0.45364536453645365,0.44892221180880976,575000.0,1,1,38,542.0
3055,160000.0,13.0,0.3892717187010617,172.0,172.0,40000.0,0.45774647887323944,0.4539823008849557,0.476615203163763,0.44281793229643185,0.46907216438869503,0.5071462083323844,0.4278491036733748,1,1,1231000.0,0.45364536453645365,0.44892221180880976,209000.0,1,0,37,350.0
3056,1580000.0,30.0,0.46341463401227523,0.0,0.0,605344.4272445821,0.45774647887323944,0.4694783573806881,0.5257384019435941,0.45433255269320844,0.5031846524456339,0.4444688960343153,0.46629820821531875,0,0,2524000.0,0.4568764568764569,0.47386172006745364,1373000.0,0,0,39,323.0
3057,110000.0,17.0,0.49269077310150705,0.0,0.0,0.0,0.44040247678018574,0.4539823008849557,0.5375745064065167,0.45045045045045046,0.44230917465915276,0.5164278000280932,0.5363489679286931,0,0,633000.0,0.43488372093023253,0.45443645083932854,142000.0,0,0,36,423.0
3058,230000.0,10.0,0.3892717187010617,0.0,0.0,0.0,0.44040247678018574,0.4129263913824057,0.40571030945850584,0.45045045045045046,0.5031846524456339,0.48068087923257147,0.4445473453127392,1,0,2480000.0,0.4568764568764569,0.45443645083932854,396000.0,1,0,39,394.0
3059,1550000.0,18.0,0.46341463401227523,438.0,438.0,0.0,0.468085106382978,0.4129263913824057,0.470084171924464,0.45475113122171945,0.43697478992002986,0.3965552694677991,0.42117558521355203,1,0,5837000.0,0.43488372093023253,0.44892221180880976,1542000.0,1,1,32,581.0
3060,210000.0,14.0,0.4581005575150995,675.0,0.0,0.0,0.45774647887323944,0.4129263913824057,0.4415584526838991,0.44281793229643185,0.43697478992002986,0.5183627257078485,0.5233562461236126,0,1,2380000.0,0.45364536453645365,0.47386172006745364,323000.0,0,0,40,420.0
3061,210000.0,12.0,0.4844907454931315,365.0,365.0,190000.0,0.44040247678018574,0.4694783573806881,0.4415584526838991,0.44281793229643185,0.4511627906899892,0.4339650140059905,0.4696533706380367,1,1,1714000.0,0.4568764568764569,0.39678284182305634,202000.0,1,0,38,607.0
3062,170000.0,12.0,0.4220779627191293,0.0,0.0,0.0,0.45774647887323944,0.4129263913824057,0.4956486747857908,0.45475113122171945,0.417393662751422,0.49482456551750875,0.5602211136196202,0,0,1370000.0,0.45364536453645365,0.45443645083932854,207000.0,0,0,39,466.89744512414535
3063,140000.0,3.0,0.4668770371178462,0.0,0.0,0.0,0.45774647887323944,0.4694783573806881,0.4415584526838991,0.45475113122171945,0.414225941433284,0.48068087923257147,0.49646711594687815,0,0,16473000.0,0.44758586022284785,0.44892221180880976,2736000.0,0,0,40,367.0
3064,100000.0,3.0,0.4646406293882584,0.0,0.0,605344.4272445821,0.468085106382978,0.4539823008849557,0.4956486747857908,0.44281793229643185,0.5063919873437158,0.46365822718746796,0.47190419232428393,1,0,4250000.0,0.43488372093023253,0.44892221180880976,105000.0,1,1,39,423.0
3065,220000.0,14.0,0.3928574872021717,0.0,0.0,0.0,0.44040247678018574,0.4336917562724873,0.470084171924464,0.45475113122171945,0.4687495951044435,0.3750074661878128,0.5059471983688024,1,0,9228000.0,0.45364536453645365,0.39678284182305634,1776000.0,1,0,37,377.0
3066,130000.0,14.0,0.4581005575150995,0.0,0.0,605344.4272445821,0.44040247678018574,0.4129263913824057,0.4268739712093834,0.45433255269320844,0.4905583684264643,0.45331529430883266,0.5157460113123283,0,1,1020000.0,0.45364536453645365,0.47386172006745364,112000.0,0,0,38,466.0
3067,160000.0,12.0,0.4906797478948485,0.0,0.0,0.0,0.44040247678018574,0.4694783573806881,0.4799991436755424,0.45475113122171945,0.43096844666979034,0.5171573620994421,0.46016463299084465,0,0,1549000.0,0.4568764568764569,0.45443645083932854,273000.0,0,0,36,378.0
3068,190000.0,11.0,0.4220779627191293,0.0,0.0,20000.0,0.44040247678018574,0.4129263913824057,0.5375745064065167,0.45433255269320844,0.4230769551118841,0.5183627257078485,0.49141635626861524,0,0,2243000.0,0.43488372093023253,0.47386172006745364,469000.0,0,1,39,324.0
3069,200000.0,11.0,0.4074136609653927,0.0,0.0,0.0,0.44040247678018574,0.4129263913824057,0.5363528439845596,0.45475113122171945,0.5031846524456339,0.5171573620994421,0.5582615046868826,0,0,1278000.0,0.4568764568764569,0.47386172006745364,165000.0,0,0,36,459.0
3070,220000.0,13.0,0.4581005575150995,1167.0,1167.0,50000.0,0.45774647887323944,0.4539823008849557,0.5375745064065167,0.45045045045045046,0.4583333330136348,0.46365822718746796,0.45989425850057764,0,0,1202000.0,0.4568764568764569,0.39678284182305634,231000.0,0,0,37,393.0
3071,110000.0,13.0,0.471073469342046,0.0,0.0,10000.0,0.44040247678018574,0.4539823008849557,0.4799991436755424,0.45433255269320844,0.4511627906899892,0.5164278000280932,0.3244469103797425,1,1,1414000.0,0.43488372093023253,0.45443645083932854,167000.0,1,0,36,466.89744512414535
3072,190000.0,12.0,0.44387755113454985,1914.0,1914.0,2050000.0,0.44040247678018574,0.4694783573806881,0.43902472242345825,0.44281793229643185,0.4687495951044435,0.36975187045665187,0.5233562461236126,1,1,3291000.0,0.43488372093023253,0.39678284182305634,551000.0,1,0,37,564.0
3073,90000.0,19.0,0.44387755113454985,0.0,0.0,20000.0,0.44040247678018574,0.4539823008849557,0.5069442053895509,0.45475113122171945,0.3739186560656616,0.4468949699527549,0.5485893972844256,0,0,841000.0,0.4568764568764569,0.47386172006745364,119000.0,0,1,37,341.0
3074,130000.0,13.0,0.40004455157916113,0.0,0.0,0.0,0.44040247678018574,0.4539823008849557,0.4415584526838991,0.45475113122171945,0.4468097890743483,0.4859069669135048,0.5247762159801056,0,1,657000.0,0.43488372093023253,0.44892221180880976,118000.0,0,0,37,319.0
3075,220000.0,16.0,0.45453917520963155,468.0,468.0,370000.0,0.45774647887323944,0.4129263913824057,0.5254093931718659,0.45433255269320844,0.414225941433284,0.43574970796090917,0.41240204586511464,1,0,901000.0,0.44758586022284785,0.45443645083932854,210000.0,1,0,36,421.0
3076,4790000.0,19.0,0.44387755113454985,0.0,0.0,0.0,0.44040247678018574,0.4336917562724873,0.5363528439845596,0.45045045045045046,0.5031846524456339,0.4339650140059905,0.3156771054360342,0,0,49862000.0,0.4568764568764569,0.44892221180880976,5201000.0,0,0,34,495.0
3077,3150000.0,13.0,0.4220779627191293,82.40884820747522,114.68688024408848,0.0,0.45774647887323944,0.4539823008849557,0.4214287402257545,0.45433255269320844,0.37758024313602523,0.3810650946770142,0.5582615046868826,1,0,19523000.0,0.43488372093023253,0.39678284182305634,2402000.0,1,0,32,335.0
3078,180000.0,14.0,0.4498690306228219,0.0,0.0,0.0,0.45774647887323944,0.4129263913824057,0.4214287402257545,0.45433255269320844,0.4583333330136348,0.5217257015040757,0.3156771054360342,0,1,146355000.0,0.45364536453645365,0.47386172006745364,3131000.0,0,0,37,412.0
3079,200000.0,13.0,0.45453917520963155,0.0,0.0,0.0,0.45774647887323944,0.4129263913824057,0.46428416000978534,0.45475113122171945,0.46907216438869503,0.5217257015040757,0.31886873294614065,0,0,868000.0,0.45364536453645365,0.45443645083932854,175000.0,0,0,37,360.0
3080,470000.0,14.0,0.49269077310150705,0.0,0.0,0.0,0.45774647887323944,0.4694783573806881,0.4485294151733482,0.45475113122171945,0.4583333330136348,0.45331529430883266,0.36641942856818427,0,0,2770000.0,0.4568764568764569,0.44892221180880976,452000.0,0,0,36,546.0
3081,160000.0,10.0,0.3928574872021717,0.0,0.0,0.0,0.45774647887323944,0.4129263913824057,0.470084171924464,0.44281793229643185,0.45890407585949666,0.379712180659019,0.5247762159801056,0,0,4007000.0,0.43488372093023253,0.44892221180880976,612000.0,0,0,36,413.0
3082,5290000.0,13.0,0.40004455157916113,0.0,0.0,0.0,0.44040247678018574,0.4694783573806881,0.3931036562142931,0.44281793229643185,0.414225941433284,0.4444688960343153,0.40806474591452696,0,0,45141000.0,0.43488372093023253,0.47386172006745364,4664000.0,0,0,33,347.0
3083,230000.0,13.0,0.45453917520963155,0.0,0.0,80000.0,0.44040247678018574,0.4539823008849557,0.4415584526838991,0.44281793229643185,0.4511627906899892,0.5183627257078485,0.5233562461236126,1,1,4160000.0,0.45364536453645365,0.44892221180880976,634000.0,1,0,37,387.0
3084,210000.0,11.0,0.4646406293882584,999.0,999.0,930000.0,0.45774647887323944,0.4694783573806881,0.4956486747857908,0.44281793229643185,0.4687495951044435,0.40002703158873276,0.4530944584075768,1,0,3307000.0,0.4568764568764569,0.39678284182305634,553000.0,1,0,36,440.0
3085,100000.0,3.0,0.5628080317442733,0.0,0.0,605344.4272445821,0.468085106382978,0.4539823008849557,0.5069442053895509,0.44281793229643185,0.46907216438869503,0.3680899177448659,0.5602211136196202,0,0,9172000.0,0.45364536453645365,0.44892221180880976,109000.0,0,1,40,337.0
3086,90000.0,12.0,0.43673114297615767,94.0,94.0,150000.0,0.45774647887323944,0.4129263913824057,0.5056772402445142,0.45045045045045046,0.3541279498012266,0.46721243412305624,0.5582615046868826,0,0,945000.0,0.43488372093023253,0.45443645083932854,126000.0,0,0,35,421.0
3087,170000.0,11.0,0.471073469342046,377.0,377.0,30000.0,0.44040247678018574,0.4129263913824057,0.476615203163763,0.44281793229643185,0.4687495951044435,0.46721243412305624,0.40806474591452696,0,0,23190000.0,0.4568764568764569,0.47386172006745364,4377000.0,0,0,36,413.0
3088,220000.0,10.0,0.4747378959928985,0.0,0.0,0.0,0.468085106382978,0.4129263913824057,0.5363528439845596,0.45045045045045046,0.4583333330136348,0.4859069669135048,0.36719335159199484,0,0,1862000.0,0.43488372093023253,0.47386172006745364,270000.0,0,0,36,437.0
3089,170000.0,14.0,0.5065614987246854,0.0,0.0,0.0,0.45774647887323944,0.4129263913824057,0.46428416000978534,0.44281793229643185,0.45864649596466484,0.5217257015040757,0.348329989309645,0,0,3390000.0,0.43488372093023253,0.44892221180880976,452000.0,0,0,37,403.0
3090,190000.0,17.0,0.4646406293882584,0.0,0.0,0.0,0.44040247678018574,0.4539823008849557,0.38083308316558756,0.45045045045045046,0.46907216438869503,0.45192239757482366,0.46016463299084465,0,0,1165000.0,0.4568764568764569,0.47386172006745364,236000.0,0,0,36,468.0
3091,200000.0,18.0,0.4581005575150995,0.0,0.0,0.0,0.44040247678018574,0.4694783573806881,0.4214287402257545,0.45045045045045046,0.4230769551118841,0.5183627257078485,0.42220278660777283,0,0,1145000.0,0.43488372093023253,0.47386172006745364,206000.0,0,0,37,565.0
3092,200000.0,18.0,0.4646406293882584,31.0,31.0,770000.0,0.44040247678018574,0.4694783573806881,0.3442355460389141,0.45045045045045046,0.46907216438869503,0.4339650140059905,0.5035331693654489,0,1,1646000.0,0.45364536453645365,0.45443645083932854,295000.0,0,0,36,638.0
3093,1360000.0,16.0,0.46341463401227523,0.0,0.0,0.0,0.45774647887323944,0.4539823008849557,0.5069442053895509,0.44281793229643185,0.5063919873437158,0.531814720884261,0.6100509010581558,0,0,7106000.0,0.4568764568764569,0.45443645083932854,1142000.0,0,1,36,597.0
3094,230000.0,10.0,0.4615356204904945,0.0,0.0,0.0,0.44040247678018574,0.4694783573806881,0.44545497076419477,0.45475113122171945,0.493908884521716,0.36975187045665187,0.4407909194105085,0,0,5568000.0,0.4568764568764569,0.39678284182305634,774000.0,0,0,38,466.89744512414535
3095,110000.0,17.0,0.4220779627191293,82.40884820747522,114.68688024408848,605344.4272445821,0.44040247678018574,0.4539823008849557,0.3971634082048179,0.45433255269320844,0.5031846524456339,0.4444688960343153,0.4332390300357073,0,1,640000.0,0.43488372093023253,0.44892221180880976,140000.0,0,0,37,403.0
3096,170000.0,12.0,0.4581005575150995,0.0,0.0,0.0,0.45774647887323944,0.4694783573806881,0.5056772402445142,0.45045045045045046,0.5606727833398578,0.5171573620994421,0.5602211136196202,0,0,2356000.0,0.45364536453645365,0.45443645083932854,230000.0,0,0,37,342.0
3097,1160000.0,17.0,0.35775698265868106,0.0,0.0,0.0,0.45774647887323944,0.4694783573806881,0.4956486747857908,0.45475113122171945,0.34356713843530684,0.46721243412305624,0.46016463299084465,0,0,6804000.0,0.43488372093023253,0.47386172006745364,1001000.0,0,0,34,626.0
3098,130000.0,13.0,0.40004455157916113,0.0,0.0,0.0,0.44040247678018574,0.4539823008849557,0.4415584526838991,0.45475113122171945,0.4468097890743483,0.4859069669135048,0.5247762159801056,0,1,657000.0,0.43488372093023253,0.44892221180880976,118000.0,0,0,37,319.0
3099,230000.0,14.0,0.4498690306228219,0.0,0.0,0.0,0.44040247678018574,0.4539823008849557,0.5375745064065167,0.44281793229643185,0.43096844666979034,0.5164278000280932,0.5233562461236126,0,0,8090000.0,0.45364536453645365,0.47386172006745364,1488000.0,0,0,35,327.0
3100,3250000.0,14.0,0.583862843505718,0.0,0.0,0.0,0.45774647887323944,0.4129263913824057,0.3971634082048179,0.45475113122171945,0.43697478992002986,0.3810650946770142,0.31886873294614065,0,0,16130000.0,0.45364536453645365,0.44892221180880976,3189000.0,0,0,33,413.0
3101,180000.0,14.0,0.4774317289223725,0.0,0.0,0.0,0.45774647887323944,0.4336917562724873,0.470084171924464,0.44281793229643185,0.4687495951044435,0.36975187045665187,0.490206851056817,0,0,5896000.0,0.4568764568764569,0.45443645083932854,824000.0,0,0,39,466.89744512414535
3102,210000.0,14.0,0.5065614987246854,0.0,0.0,0.0,0.45774647887323944,0.4694783573806881,0.4956486747857908,0.44281793229643185,0.43697478992002986,0.4658901691183491,0.5233562461236126,0,0,2193000.0,0.4568764568764569,0.45443645083932854,310000.0,0,0,38,516.0
3103,110000.0,11.0,0.4220779627191293,0.0,0.0,0.0,0.468085106382978,0.4539823008849557,0.5165869667180779,0.44281793229643185,0.4905583684264643,0.5217257015040757,0.4200393611163291,1,1,1138000.0,0.4568764568764569,0.47386172006745364,152000.0,1,1,36,319.0
3104,220000.0,14.0,0.4360903840722853,0.0,0.0,0.0,0.44040247678018574,0.4336917562724873,0.4268739712093834,0.45475113122171945,0.4511627906899892,0.4389077345532648,0.4543800115079512,0,0,1103000.0,0.43488372093023253,0.47386172006745364,246000.0,0,0,35,539.0
3105,210000.0,13.0,0.3928574872021717,117.0,117.0,480000.0,0.44040247678018574,0.4694783573806881,0.46428416000978534,0.44281793229643185,0.5315593642552221,0.379712180659019,0.379712180659019,0,1,2658000.0,0.45364536453645365,0.44892221180880976,240000.0,0,0,39,434.0
3106,210000.0,11.0,0.5065614987246854,401.0,401.0,20000.0,0.468085106382978,0.4539823008849557,0.40571030945850584,0.44281793229643185,0.45864649596466484,0.4658901691183491,0.46016463299084465,1,0,7352000.0,0.4568764568764569,0.44892221180880976,978000.0,1,0,38,349.0
3107,210000.0,14.0,0.4498690306228219,0.0,90.0,810000.0,0.45774647887323944,0.4539823008849557,0.5257384019435941,0.45475113122171945,0.5606727833398578,0.46721243412305624,0.4332390300357073,1,0,6780000.0,0.4568764568764569,0.45443645083932854,756000.0,1,0,39,353.0
3108,130000.0,14.0,0.4074136609653927,0.0,0.0,605344.4272445821,0.44040247678018574,0.4539823008849557,0.5375745064065167,0.44281793229643185,0.43697478992002986,0.3750074661878128,0.4545481381730755,0,0,887000.0,0.4568764568764569,0.44892221180880976,142000.0,0,0,37,350.0
3109,180000.0,11.0,0.49269077310150705,0.0,0.0,0.0,0.45774647887323944,0.4694783573806881,0.5069442053895509,0.44281793229643185,0.45864649596466484,0.5171573620994421,0.379712180659019,0,0,3181000.0,0.43488372093023253,0.47386172006745364,411000.0,0,0,41,427.0
3110,170000.0,14.0,0.471073469342046,0.0,0.0,1180000.0,0.45774647887323944,0.4539823008849557,0.4485294151733482,0.44281793229643185,0.414225941433284,0.4395681403885853,0.4606736933325396,1,0,14561000.0,0.45364536453645365,0.47386172006745364,1817000.0,1,0,36,420.0
3111,1710000.0,17.0,0.4074136609653927,0.0,180.0,1040000.0,0.44040247678018574,0.4539823008849557,0.4121240088339391,0.45475113122171945,0.45864649596466484,0.45677246944372973,0.5220031427533425,1,0,14566000.0,0.43488372093023253,0.44892221180880976,1463000.0,1,0,34,428.0
3112,210000.0,13.0,0.3971634082048179,0.0,0.0,0.0,0.40000603415401237,0.4539823008849557,0.5254093931718659,0.45433255269320844,0.4583333330136348,0.5164278000280932,0.4505327389584535,0,1,1931000.0,0.43488372093023253,0.45443645083932854,145000.0,0,1,36,440.0
3113,240000.0,22.0,0.5628080317442733,0.0,0.0,0.0,0.45774647887323944,0.4539823008849557,0.4268739712093834,0.45045045045045046,0.43697478992002986,0.36975187045665187,0.4270121893767379,0,1,804000.0,0.45364536453645365,0.45443645083932854,261000.0,0,0,41,588.0
3114,120000.0,17.0,0.4747378959928985,0.0,0.0,0.0,0.45774647887323944,0.4336917562724873,0.4214287402257545,0.44281793229643185,0.45890407585949666,0.4658901691183491,0.47681005690163497,0,1,602000.0,0.45364536453645365,0.45443645083932854,114000.0,0,0,37,343.0
3115,150000.0,13.0,0.4646406293882584,0.0,0.0,510000.0,0.45774647887323944,0.4539823008849557,0.476615203163763,0.45475113122171945,0.414225941433284,0.4339650140059905,0.40571030945850584,1,1,7847000.0,0.43488372093023253,0.44892221180880976,159000.0,1,1,36,365.0
3116,230000.0,11.0,0.43673114297615767,0.0,0.0,605344.4272445821,0.45774647887323944,0.4694783573806881,0.38083308316558756,0.45045045045045046,0.414225941433284,0.5491139021556548,0.5363323525802142,0,1,1647000.0,0.43488372093023253,0.44892221180880976,216000.0,0,0,38,577.0
3117,220000.0,18.0,0.4278491036733748,82.40884820747522,114.68688024408848,0.0,0.44040247678018574,0.4539823008849557,0.30013565669860115,0.45475113122171945,0.414225941433284,0.5491139021556548,0.41047292637935173,0,0,1084000.0,0.45364536453645365,0.44892221180880976,205000.0,0,0,37,328.0
3118,150000.0,10.0,0.46341463401227523,0.0,0.0,605344.4272445821,0.45774647887323944,0.4336917562724873,0.4799991436755424,0.45475113122171945,0.45864649596466484,0.4658901691183491,0.4425020459775707,0,0,1065000.0,0.45364536453645365,0.39678284182305634,153000.0,0,0,38,315.0
3119,540000.0,10.0,0.4581005575150995,0.0,0.0,0.0,0.45774647887323944,0.4129263913824057,0.416387268320036,0.45433255269320844,0.43697478992002986,0.5164278000280932,0.47861847593310247,0,0,9843000.0,0.45364536453645365,0.47386172006745364,444000.0,0,1,36,469.0
3120,4900000.0,18.0,0.45453917520963155,0.0,0.0,210000.0,0.44040247678018574,0.4539823008849557,0.36271363783177113,0.45475113122171945,0.43697478992002986,0.37737165958551677,0.4653190175668822,1,1,40546000.0,0.4568764568764569,0.45443645083932854,5136000.0,1,1,33,422.0
3121,960000.0,14.0,0.471073469342046,0.0,0.0,600000.0,0.44040247678018574,0.4539823008849557,0.30013565669860115,0.45475113122171945,0.4511627906899892,0.4468949699527549,0.4106715025408491,0,1,4650000.0,0.43488372093023253,0.39678284182305634,949000.0,0,1,38,561.0
3122,150000.0,10.0,0.583862843505718,0.0,30.0,410000.0,0.45774647887323944,0.4539823008849557,0.4485294151733482,0.45433255269320844,0.45864649596466484,0.37737165958551677,0.5134854957775883,1,0,1292000.0,0.43488372093023253,0.44892221180880976,161000.0,1,1,38,435.0
3123,170000.0,13.0,0.4074136609653927,61.0,120.0,40000.0,0.45774647887323944,0.4694783573806881,0.5257384019435941,0.45475113122171945,0.44230917465915276,0.5164278000280932,0.49141635626861524,0,0,1710000.0,0.4568764568764569,0.47386172006745364,310000.0,0,0,38,509.0
3124,200000.0,17.0,0.4360903840722853,82.40884820747522,114.68688024408848,605344.4272445821,0.45774647887323944,0.4539823008849557,0.4268739712093834,0.44281793229643185,0.46907216438869503,0.46721243412305624,0.40201973495344345,0,0,860000.0,0.4568764568764569,0.47386172006745364,169000.0,0,0,35,362.0
3125,170000.0,12.0,0.4360903840722853,0.0,0.0,605344.4272445821,0.45774647887323944,0.4539823008849557,0.5375745064065167,0.44281793229643185,0.45864649596466484,0.36975187045665187,0.4037095629016318,0,0,2778000.0,0.4568764568764569,0.39678284182305634,538000.0,0,0,39,537.0
3126,200000.0,18.0,0.4646406293882584,31.0,31.0,770000.0,0.44040247678018574,0.4694783573806881,0.3442355460389141,0.45045045045045046,0.46907216438869503,0.4339650140059905,0.5035331693654489,0,1,1646000.0,0.45364536453645365,0.45443645083932854,295000.0,0,0,36,638.0
3127,180000.0,11.0,0.471073469342046,0.0,0.0,0.0,0.44040247678018574,0.4129263913824057,0.3900197525554698,0.44281793229643185,0.45864649596466484,0.37737165958551677,0.5485893972844256,0,1,1188000.0,0.45364536453645365,0.47386172006745364,192000.0,0,0,37,592.0
3128,2470000.0,13.0,0.4615356204904945,0.0,0.0,20000.0,0.40000603415401237,0.4539823008849557,0.43902472242345825,0.45433255269320844,0.45890407585949666,0.46721243412305624,0.5030873748448164,1,0,26163000.0,0.45364536453645365,0.44892221180880976,2418000.0,1,0,33,493.0
3129,230000.0,10.0,0.4074136609653927,0.0,0.0,605344.4272445821,0.45774647887323944,0.4336917562724873,0.36271363783177113,0.44281793229643185,0.46907216438869503,0.49482456551750875,0.39896986903151255,0,0,1879000.0,0.45364536453645365,0.47386172006745364,344000.0,0,0,37,331.0
3130,190000.0,19.0,0.46341463401227523,0.0,0.0,20000.0,0.44040247678018574,0.4694783573806881,0.4799991436755424,0.45475113122171945,0.45864649596466484,0.5217257015040757,0.4696533706380367,0,0,826000.0,0.43488372093023253,0.39678284182305634,161000.0,0,0,36,406.0
3131,170000.0,3.0,0.4906797478948485,227.0,227.0,90000.0,0.45774647887323944,0.4694783573806881,0.3900197525554698,0.45475113122171945,0.4583333330136348,0.3721191346526487,0.5081959184294307,1,0,1341000.0,0.45364536453645365,0.45443645083932854,292000.0,1,0,40,392.0
3132,4250000.0,18.0,0.4646406293882584,2.0,2.0,660000.0,0.44040247678018574,0.4539823008849557,0.5363528439845596,0.45475113122171945,0.46907216438869503,0.3680899177448659,0.490206851056817,0,1,18691000.0,0.43488372093023253,0.44892221180880976,5010000.0,0,0,36,480.0
3133,210000.0,12.0,0.44387755113454985,0.0,0.0,0.0,0.44040247678018574,0.4539823008849557,0.4214287402257545,0.44281793229643185,0.4905583684264643,0.5164278000280932,0.4545481381730755,0,0,1448000.0,0.45364536453645365,0.44892221180880976,219000.0,0,0,35,427.0
3134,220000.0,22.0,0.4844907454931315,94.0,0.0,30000.0,0.40000603415401237,0.4539823008849557,0.4956486747857908,0.45475113122171945,0.45864649596466484,0.40002703158873276,0.5247762159801056,1,0,866000.0,0.45364536453645365,0.44892221180880976,185000.0,1,1,39,584.0
3135,190000.0,10.0,0.45885149198403496,0.0,0.0,0.0,0.45774647887323944,0.4539823008849557,0.5257384019435941,0.45045045045045046,0.34356713843530684,0.3721191346526487,0.4014334059125707,0,1,2541000.0,0.43488372093023253,0.39678284182305634,368000.0,0,0,37,363.0
3136,180000.0,14.0,0.4498690306228219,885.0,885.0,130000.0,0.44040247678018574,0.4694783573806881,0.43902472242345825,0.45045045045045046,0.45890407585949666,0.46721243412305624,0.36719335159199484,1,0,2041000.0,0.43488372093023253,0.45443645083932854,254000.0,1,0,37,466.89744512414535
3137,1340000.0,19.0,0.4646406293882584,0.0,0.0,0.0,0.45774647887323944,0.4539823008849557,0.5257384019435941,0.44281793229643185,0.4511627906899892,0.4339650140059905,0.5485893972844256,1,0,13303000.0,0.45364536453645365,0.45443645083932854,2992000.0,1,0,35,382.0
3138,170000.0,12.0,0.3971634082048179,159.0,159.0,50000.0,0.45774647887323944,0.4539823008849557,0.5159288114711631,0.45045045045045046,0.493908884521716,0.4831631253007048,0.4200393611163291,0,1,2897000.0,0.43488372093023253,0.47386172006745364,438000.0,0,0,36,325.0
3139,130000.0,17.0,0.46341463401227523,0.0,0.0,0.0,0.44040247678018574,0.4129263913824057,0.4214287402257545,0.45045045045045046,0.4583333330136348,0.4757214900689184,0.37192363309077975,0,0,587000.0,0.4568764568764569,0.47386172006745364,136000.0,0,0,37,447.0
3140,200000.0,12.0,0.46341463401227523,0.0,0.0,0.0,0.44040247678018574,0.4694783573806881,0.4799991436755424,0.44281793229643185,0.414225941433284,0.5164278000280932,0.6100509010581558,0,1,28746000.0,0.43488372093023253,0.45443645083932854,3852000.0,0,0,37,677.0
3141,220000.0,13.0,0.5065614987246854,0.0,0.0,0.0,0.40000603415401237,0.4539823008849557,0.4799991436755424,0.45045045045045046,0.4687495951044435,0.45331529430883266,0.41315158258670154,0,0,3175000.0,0.4568764568764569,0.45443645083932854,423000.0,0,0,37,391.0
3142,210000.0,3.0,0.45453917520963155,263.0,263.0,20000.0,0.44040247678018574,0.4694783573806881,0.3900197525554698,0.45433255269320844,0.414225941433284,0.3965552694677991,0.47190419232428393,0,1,14109000.0,0.45364536453645365,0.44892221180880976,190000.0,0,1,40,585.0
3143,220000.0,15.0,0.44387755113454985,0.0,0.0,0.0,0.45774647887323944,0.4336917562724873,0.470084171924464,0.45045045045045046,0.45890407585949666,0.45560844252904975,0.5035331693654489,0,0,794000.0,0.45364536453645365,0.44892221180880976,206000.0,0,0,36,511.0
3144,200000.0,14.0,0.4646406293882584,12.0,68.0,1750000.0,0.468085106382978,0.4694783573806881,0.3900197525554698,0.44281793229643185,0.4905583684264643,0.5217257015040757,0.3244469103797425,1,0,4552000.0,0.45364536453645365,0.44892221180880976,685000.0,1,0,38,438.0
3145,150000.0,14.0,0.46341463401227523,73.0,73.0,760000.0,0.45774647887323944,0.4694783573806881,0.30013565669860115,0.44281793229643185,0.4511627906899892,0.4658901691183491,0.5233562461236126,0,0,2517000.0,0.43488372093023253,0.45443645083932854,529000.0,0,0,36,358.0
3146,150000.0,11.0,0.3928574872021717,0.0,0.0,30000.0,0.44040247678018574,0.4539823008849557,0.5375745064065167,0.45475113122171945,0.4687495951044435,0.46365822718746796,0.518598179506269,1,1,10362000.0,0.4568764568764569,0.45443645083932854,1347000.0,1,0,37,331.0
3147,120000.0,15.0,0.471073469342046,0.0,0.0,60000.0,0.44040247678018574,0.4694783573806881,0.5257384019435941,0.44281793229643185,0.4905583684264643,0.5071462083323844,0.49646711594687815,1,0,761000.0,0.4568764568764569,0.44892221180880976,97000.0,1,1,36,319.0
3148,110000.0,16.0,0.4764655517659273,0.0,0.0,0.0,0.45774647887323944,0.4539823008849557,0.3931036562142931,0.45475113122171945,0.43697478992002986,0.5171573620994421,0.4769970982233268,0,0,879000.0,0.45364536453645365,0.44892221180880976,111000.0,0,0,37,580.0
3149,100000.0,13.0,0.4844907454931315,0.0,360.0,10000.0,0.45774647887323944,0.4694783573806881,0.4214287402257545,0.45475113122171945,0.4583333330136348,0.5164278000280932,0.5363489679286931,0,0,595000.0,0.45364536453645365,0.45443645083932854,104000.0,0,0,37,309.0
3150,210000.0,11.0,0.43673114297615767,0.0,0.0,0.0,0.45774647887323944,0.4539823008849557,0.3900197525554698,0.45433255269320844,0.4583333330136348,0.46365822718746796,0.4545481381730755,0,1,1746000.0,0.43488372093023253,0.44892221180880976,182000.0,0,0,36,404.0
3151,140000.0,14.0,0.4360903840722853,0.0,0.0,0.0,0.45774647887323944,0.4694783573806881,0.5257384019435941,0.45045045045045046,0.45864649596466484,0.37737165958551677,0.4543800115079512,0,0,7124000.0,0.4568764568764569,0.44892221180880976,1063000.0,0,0,36,484.0
3152,180000.0,12.0,0.5065614987246854,0.0,0.0,0.0,0.44040247678018574,0.4694783573806881,0.4485294151733482,0.44281793229643185,0.5031846524456339,0.45331529430883266,0.4270121893767379,0,0,3109000.0,0.43488372093023253,0.47386172006745364,489000.0,0,0,37,479.0
3153,80000.0,11.0,0.4668770371178462,404.0,404.0,490000.0,0.468085106382978,0.4539823008849557,0.5375745064065167,0.45433255269320844,0.4687495951044435,0.5164278000280932,0.40582917672392776,1,0,5809000.0,0.4568764568764569,0.44892221180880976,618000.0,1,0,39,561.0
3154,160000.0,14.0,0.4747378959928985,0.0,0.0,0.0,0.45774647887323944,0.4694783573806881,0.4121240088339391,0.45475113122171945,0.4511627906899892,0.43679650911494705,0.3244469103797425,0,0,860000.0,0.43488372093023253,0.45443645083932854,138000.0,0,0,35,460.0
3155,220000.0,11.0,0.4498690306228219,0.0,0.0,0.0,0.44040247678018574,0.4694783573806881,0.3971634082048179,0.45433255269320844,0.4835606203192975,0.45331529430883266,0.47681005690163497,0,0,3643000.0,0.43488372093023253,0.45443645083932854,511000.0,0,0,36,467.0
3156,230000.0,11.0,0.3971634082048179,0.0,0.0,0.0,0.44040247678018574,0.4129263913824057,0.3971634082048179,0.44281793229643185,0.4511627906899892,0.46365822718746796,0.5059471983688024,0,0,1767000.0,0.43488372093023253,0.44892221180880976,247000.0,0,0,35,522.0
3157,220000.0,11.0,0.4375202018743684,0.0,0.0,10000.0,0.40000603415401237,0.4539823008849557,0.4799991436755424,0.45433255269320844,0.4604834864076457,0.4339650140059905,0.45745399554685107,0,1,1755000.0,0.45364536453645365,0.44892221180880976,229000.0,0,0,35,323.0
3158,170000.0,14.0,0.40004455157916113,0.0,0.0,0.0,0.44040247678018574,0.4694783573806881,0.4956486747857908,0.44281793229643185,0.3739186560656616,0.3965552694677991,0.44084111937285236,0,0,1267000.0,0.43488372093023253,0.44892221180880976,304000.0,0,0,36,510.0
3159,5290000.0,13.0,0.40004455157916113,0.0,0.0,0.0,0.44040247678018574,0.4694783573806881,0.3931036562142931,0.44281793229643185,0.414225941433284,0.4444688960343153,0.40806474591452696,0,0,45141000.0,0.43488372093023253,0.47386172006745364,4664000.0,0,0,33,347.0
